
**** Build of configuration Debug for project spi_demo ****

"C:\\ti\\ccs1250\\ccs\\utils\\bin\\gmake" -k -j 12 all -O 
 
Building file: "../pinmux.c"
Invoking: Arm Compiler
"C:/ti/ccs1250/ccs/tools/compiler/ti-cgt-arm_20.2.7.LTS/bin/armcl" -mv7M4 --code_state=16 --float_support=none -me -Ooff --include_path="C:/Users/Josh/Desktop/EEC 172/labs/lab2_part1/spi_demo" --include_path="C:/ti/CC3200SDK_1.5.0/cc3200-sdk/" --include_path="C:/ti/CC3200SDK_1.5.0/cc3200-sdk/driverlib/" --include_path="C:/ti/CC3200SDK_1.5.0/cc3200-sdk/inc/" --include_path="C:/ti/CC3200SDK_1.5.0/cc3200-sdk/example/common/" --include_path="C:/ti/ccs1250/ccs/tools/compiler/ti-cgt-arm_20.2.7.LTS/include" --define=ccs --define=cc3200 -g --diag_warning=225 --diag_wrap=off --display_error_number --abi=eabi --preproc_with_compile --preproc_dependency="pinmux.d_raw"  "../pinmux.c"
Finished building: "../pinmux.c"
 
Building file: "../main.c"
Invoking: Arm Compiler
"C:/ti/ccs1250/ccs/tools/compiler/ti-cgt-arm_20.2.7.LTS/bin/armcl" -mv7M4 --code_state=16 --float_support=none -me -Ooff --include_path="C:/Users/Josh/Desktop/EEC 172/labs/lab2_part1/spi_demo" --include_path="C:/ti/CC3200SDK_1.5.0/cc3200-sdk/" --include_path="C:/ti/CC3200SDK_1.5.0/cc3200-sdk/driverlib/" --include_path="C:/ti/CC3200SDK_1.5.0/cc3200-sdk/inc/" --include_path="C:/ti/CC3200SDK_1.5.0/cc3200-sdk/example/common/" --include_path="C:/ti/ccs1250/ccs/tools/compiler/ti-cgt-arm_20.2.7.LTS/include" --define=ccs --define=cc3200 -g --diag_warning=225 --diag_wrap=off --display_error_number --abi=eabi --preproc_with_compile --preproc_dependency="main.d_raw"  "../main.c"
Finished building: "../main.c"
 
Building file: "C:/ti/CC3200SDK_1.5.0/cc3200-sdk/example/common/startup_ccs.c"
Invoking: Arm Compiler
"C:/ti/ccs1250/ccs/tools/compiler/ti-cgt-arm_20.2.7.LTS/bin/armcl" -mv7M4 --code_state=16 --float_support=none -me -Ooff --include_path="C:/Users/Josh/Desktop/EEC 172/labs/lab2_part1/spi_demo" --include_path="C:/ti/CC3200SDK_1.5.0/cc3200-sdk/" --include_path="C:/ti/CC3200SDK_1.5.0/cc3200-sdk/driverlib/" --include_path="C:/ti/CC3200SDK_1.5.0/cc3200-sdk/inc/" --include_path="C:/ti/CC3200SDK_1.5.0/cc3200-sdk/example/common/" --include_path="C:/ti/ccs1250/ccs/tools/compiler/ti-cgt-arm_20.2.7.LTS/include" --define=ccs --define=cc3200 -g --diag_warning=225 --diag_wrap=off --display_error_number --abi=eabi --preproc_with_compile --preproc_dependency="startup_ccs.d_raw"  "C:/ti/CC3200SDK_1.5.0/cc3200-sdk/example/common/startup_ccs.c"
Finished building: "C:/ti/CC3200SDK_1.5.0/cc3200-sdk/example/common/startup_ccs.c"
 
Building file: "../uart_if.c"
Invoking: Arm Compiler
"C:/ti/ccs1250/ccs/tools/compiler/ti-cgt-arm_20.2.7.LTS/bin/armcl" -mv7M4 --code_state=16 --float_support=none -me -Ooff --include_path="C:/Users/Josh/Desktop/EEC 172/labs/lab2_part1/spi_demo" --include_path="C:/ti/CC3200SDK_1.5.0/cc3200-sdk/" --include_path="C:/ti/CC3200SDK_1.5.0/cc3200-sdk/driverlib/" --include_path="C:/ti/CC3200SDK_1.5.0/cc3200-sdk/inc/" --include_path="C:/ti/CC3200SDK_1.5.0/cc3200-sdk/example/common/" --include_path="C:/ti/ccs1250/ccs/tools/compiler/ti-cgt-arm_20.2.7.LTS/include" --define=ccs --define=cc3200 -g --diag_warning=225 --diag_wrap=off --display_error_number --abi=eabi --preproc_with_compile --preproc_dependency="uart_if.d_raw"  "../uart_if.c"
Finished building: "../uart_if.c"
 
Building target: "spi_demo.out"
Invoking: Arm Linker
"C:/ti/ccs1250/ccs/tools/compiler/ti-cgt-arm_20.2.7.LTS/bin/armcl" -mv7M4 --code_state=16 --float_support=none -me -Ooff --define=ccs --define=cc3200 -g --diag_warning=225 --diag_wrap=off --display_error_number --abi=eabi -z -m"spi_demo.map" --heap_size=0x800 --stack_size=0x800 -i"C:/ti/ccs1250/ccs/tools/compiler/ti-cgt-arm_20.2.7.LTS/lib" -i"C:/ti/ccs1250/ccs/tools/compiler/ti-cgt-arm_20.2.7.LTS/include" --reread_libs --diag_wrap=off --display_error_number --warn_sections --xml_link_info="spi_demo_linkInfo.xml" --rom_model -o "spi_demo.out" "./main.obj" "./pinmux.obj" "./startup_ccs.obj" "./uart_if.obj" "../cc3200v1p32.cmd"  -l"C:/ti/CC3200SDK_1.5.0/cc3200-sdk/driverlib/ccs/Release/driverlib.a" -llibc.a 
<Linking>
Finished building target: "spi_demo.out"
 
C:/ti/ccs1250/ccs/utils/tiobj2bin/tiobj2bin spi_demo.out spi_demo.bin C:/ti/ccs1250/ccs/tools/compiler/ti-cgt-arm_20.2.7.LTS/bin/armofd C:/ti/ccs1250/ccs/tools/compiler/ti-cgt-arm_20.2.7.LTS/bin/armhex C:/ti/ccs1250/ccs/utils/tiobj2bin/mkhex4bin
 

**** Build Finished ****

**** Build of configuration Debug for project spi_demo ****

"C:\\ti\\ccs1250\\ccs\\utils\\bin\\gmake" -k -j 12 all -O 
 
gmake[1]: 'spi_demo.out' is up to date.

**** Build Finished ****

**** Build of configuration Debug for project spi_demo ****

"C:\\ti\\ccs1250\\ccs\\utils\\bin\\gmake" -k -j 12 all -O 
 
gmake[1]: 'spi_demo.out' is up to date.

**** Build Finished ****

**** Build of configuration Debug for project spi_demo ****

"C:\\ti\\ccs1250\\ccs\\utils\\bin\\gmake" -k -j 12 all -O 
 
gmake[1]: 'spi_demo.out' is up to date.

**** Build Finished ****

**** Build of configuration Debug for project spi_demo ****

"C:\\ti\\ccs1250\\ccs\\utils\\bin\\gmake" -k -j 12 all -O 
 
gmake[1]: 'spi_demo.out' is up to date.

**** Build Finished ****

**** Build of configuration Debug for project spi_demo ****

"C:\\ti\\ccs1250\\ccs\\utils\\bin\\gmake" -k -j 12 all -O 
 
gmake[1]: 'spi_demo.out' is up to date.

**** Build Finished ****

**** Build of configuration Debug for project spi_demo ****

"C:\\ti\\ccs1250\\ccs\\utils\\bin\\gmake" -k -j 12 all -O 
 
gmake[1]: 'spi_demo.out' is up to date.

**** Build Finished ****

**** Build of configuration Debug for project spi_demo ****

"C:\\ti\\ccs1250\\ccs\\utils\\bin\\gmake" -k -j 12 all -O 
 
gmake[1]: 'spi_demo.out' is up to date.

**** Build Finished ****

**** Build of configuration Debug for project spi_demo ****

"C:\\ti\\ccs1250\\ccs\\utils\\bin\\gmake" -k -j 12 all -O 
 
gmake[1]: 'spi_demo.out' is up to date.

**** Build Finished ****

**** Build of configuration Debug for project spi_demo ****

"C:\\ti\\ccs1250\\ccs\\utils\\bin\\gmake" -k -j 12 all -O 
 
gmake[1]: 'spi_demo.out' is up to date.

**** Build Finished ****

**** Build of configuration Debug for project spi_demo ****

"C:\\ti\\ccs1250\\ccs\\utils\\bin\\gmake" -k -j 12 all -O 
 
Building file: "../main.c"
Invoking: Arm Compiler
"C:/ti/ccs1250/ccs/tools/compiler/ti-cgt-arm_20.2.7.LTS/bin/armcl" -mv7M4 --code_state=16 --float_support=none -me -Ooff --include_path="C:/Users/Josh/Desktop/EEC 172/labs/lab2_part1/spi_demo" --include_path="C:/ti/CC3200SDK_1.5.0/cc3200-sdk/" --include_path="C:/ti/CC3200SDK_1.5.0/cc3200-sdk/driverlib/" --include_path="C:/ti/CC3200SDK_1.5.0/cc3200-sdk/inc/" --include_path="C:/ti/CC3200SDK_1.5.0/cc3200-sdk/example/common/" --include_path="C:/ti/ccs1250/ccs/tools/compiler/ti-cgt-arm_20.2.7.LTS/include" --define=ccs --define=cc3200 -g --diag_warning=225 --diag_wrap=off --display_error_number --abi=eabi --preproc_with_compile --preproc_dependency="main.d_raw"  "../main.c"
Finished building: "../main.c"
 
Building target: "spi_demo.out"
Invoking: Arm Linker
"C:/ti/ccs1250/ccs/tools/compiler/ti-cgt-arm_20.2.7.LTS/bin/armcl" -mv7M4 --code_state=16 --float_support=none -me -Ooff --define=ccs --define=cc3200 -g --diag_warning=225 --diag_wrap=off --display_error_number --abi=eabi -z -m"spi_demo.map" --heap_size=0x800 --stack_size=0x800 -i"C:/ti/ccs1250/ccs/tools/compiler/ti-cgt-arm_20.2.7.LTS/lib" -i"C:/ti/ccs1250/ccs/tools/compiler/ti-cgt-arm_20.2.7.LTS/include" --reread_libs --diag_wrap=off --display_error_number --warn_sections --xml_link_info="spi_demo_linkInfo.xml" --rom_model -o "spi_demo.out" "./main.obj" "./pinmux.obj" "./startup_ccs.obj" "./uart_if.obj" "../cc3200v1p32.cmd"  -l"C:/ti/CC3200SDK_1.5.0/cc3200-sdk/driverlib/ccs/Release/driverlib.a" -llibc.a 
<Linking>
Finished building target: "spi_demo.out"
 
C:/ti/ccs1250/ccs/utils/tiobj2bin/tiobj2bin spi_demo.out spi_demo.bin C:/ti/ccs1250/ccs/tools/compiler/ti-cgt-arm_20.2.7.LTS/bin/armofd C:/ti/ccs1250/ccs/tools/compiler/ti-cgt-arm_20.2.7.LTS/bin/armhex C:/ti/ccs1250/ccs/utils/tiobj2bin/mkhex4bin
 

**** Build Finished ****

**** Build of configuration Debug for project spi_demo ****

"C:\\ti\\ccs1250\\ccs\\utils\\bin\\gmake" -k -j 12 all -O 
 
gmake[1]: 'spi_demo.out' is up to date.

**** Build Finished ****

**** Build of configuration Debug for project spi_demo ****

"C:\\ti\\ccs1250\\ccs\\utils\\bin\\gmake" -k -j 12 all -O 
 
gmake[1]: 'spi_demo.out' is up to date.

**** Build Finished ****

**** Build of configuration Debug for project spi_demo ****

"C:\\ti\\ccs1250\\ccs\\utils\\bin\\gmake" -k -j 12 all -O 
 
gmake[1]: 'spi_demo.out' is up to date.

**** Build Finished ****

**** Build of configuration Debug for project spi_demo ****

"C:\\ti\\ccs1250\\ccs\\utils\\bin\\gmake" -k -j 12 all -O 
 
Building file: "../Adafruit_OLED.c"
Invoking: Arm Compiler
"C:/ti/ccs1250/ccs/tools/compiler/ti-cgt-arm_20.2.7.LTS/bin/armcl" -mv7M4 --code_state=16 --float_support=none -me -Ooff --include_path="C:/Users/Josh/Desktop/EEC 172/labs/lab2_part1/spi_demo" --include_path="C:/ti/CC3200SDK_1.5.0/cc3200-sdk/" --include_path="C:/ti/CC3200SDK_1.5.0/cc3200-sdk/driverlib/" --include_path="C:/ti/CC3200SDK_1.5.0/cc3200-sdk/inc/" --include_path="C:/ti/CC3200SDK_1.5.0/cc3200-sdk/example/common/" --include_path="C:/ti/ccs1250/ccs/tools/compiler/ti-cgt-arm_20.2.7.LTS/include" --define=ccs --define=cc3200 -g --diag_warning=225 --diag_wrap=off --display_error_number --abi=eabi --preproc_with_compile --preproc_dependency="Adafruit_OLED.d_raw"  "../Adafruit_OLED.c"
 
>> Compilation failure
subdir_rules.mk:9: recipe for target 'Adafruit_OLED.obj' failed
"../Adafruit_OLED.c", line 50: error #66: expected a ";"
"../Adafruit_OLED.c", line 48: warning #179-D: variable "dummy" was declared but never referenced
"../Adafruit_OLED.c", line 71: error #66: expected a ";"
"../Adafruit_OLED.c", line 69: warning #179-D: variable "dummy" was declared but never referenced
2 errors detected in the compilation of "../Adafruit_OLED.c".
gmake: *** [Adafruit_OLED.obj] Error 1
Building file: "../main.c"
Invoking: Arm Compiler
"C:/ti/ccs1250/ccs/tools/compiler/ti-cgt-arm_20.2.7.LTS/bin/armcl" -mv7M4 --code_state=16 --float_support=none -me -Ooff --include_path="C:/Users/Josh/Desktop/EEC 172/labs/lab2_part1/spi_demo" --include_path="C:/ti/CC3200SDK_1.5.0/cc3200-sdk/" --include_path="C:/ti/CC3200SDK_1.5.0/cc3200-sdk/driverlib/" --include_path="C:/ti/CC3200SDK_1.5.0/cc3200-sdk/inc/" --include_path="C:/ti/CC3200SDK_1.5.0/cc3200-sdk/example/common/" --include_path="C:/ti/ccs1250/ccs/tools/compiler/ti-cgt-arm_20.2.7.LTS/include" --define=ccs --define=cc3200 -g --diag_warning=225 --diag_wrap=off --display_error_number --abi=eabi --preproc_with_compile --preproc_dependency="main.d_raw"  "../main.c"
Finished building: "../main.c"
 
Building file: "../pin_mux_config.c"
Invoking: Arm Compiler
"C:/ti/ccs1250/ccs/tools/compiler/ti-cgt-arm_20.2.7.LTS/bin/armcl" -mv7M4 --code_state=16 --float_support=none -me -Ooff --include_path="C:/Users/Josh/Desktop/EEC 172/labs/lab2_part1/spi_demo" --include_path="C:/ti/CC3200SDK_1.5.0/cc3200-sdk/" --include_path="C:/ti/CC3200SDK_1.5.0/cc3200-sdk/driverlib/" --include_path="C:/ti/CC3200SDK_1.5.0/cc3200-sdk/inc/" --include_path="C:/ti/CC3200SDK_1.5.0/cc3200-sdk/example/common/" --include_path="C:/ti/ccs1250/ccs/tools/compiler/ti-cgt-arm_20.2.7.LTS/include" --define=ccs --define=cc3200 -g --diag_warning=225 --diag_wrap=off --display_error_number --abi=eabi --preproc_with_compile --preproc_dependency="pin_mux_config.d_raw"  "../pin_mux_config.c"
Finished building: "../pin_mux_config.c"
 
Building file: "../oled_test.c"
Invoking: Arm Compiler
"C:/ti/ccs1250/ccs/tools/compiler/ti-cgt-arm_20.2.7.LTS/bin/armcl" -mv7M4 --code_state=16 --float_support=none -me -Ooff --include_path="C:/Users/Josh/Desktop/EEC 172/labs/lab2_part1/spi_demo" --include_path="C:/ti/CC3200SDK_1.5.0/cc3200-sdk/" --include_path="C:/ti/CC3200SDK_1.5.0/cc3200-sdk/driverlib/" --include_path="C:/ti/CC3200SDK_1.5.0/cc3200-sdk/inc/" --include_path="C:/ti/CC3200SDK_1.5.0/cc3200-sdk/example/common/" --include_path="C:/ti/ccs1250/ccs/tools/compiler/ti-cgt-arm_20.2.7.LTS/include" --define=ccs --define=cc3200 -g --diag_warning=225 --diag_wrap=off --display_error_number --abi=eabi --preproc_with_compile --preproc_dependency="oled_test.d_raw"  "../oled_test.c"
"../oled_test.c", line 17: warning #179-D: variable "p" was declared but never referenced
Finished building: "../oled_test.c"
 
Building file: "../Adafruit_GFX.c"
Invoking: Arm Compiler
"C:/ti/ccs1250/ccs/tools/compiler/ti-cgt-arm_20.2.7.LTS/bin/armcl" -mv7M4 --code_state=16 --float_support=none -me -Ooff --include_path="C:/Users/Josh/Desktop/EEC 172/labs/lab2_part1/spi_demo" --include_path="C:/ti/CC3200SDK_1.5.0/cc3200-sdk/" --include_path="C:/ti/CC3200SDK_1.5.0/cc3200-sdk/driverlib/" --include_path="C:/ti/CC3200SDK_1.5.0/cc3200-sdk/inc/" --include_path="C:/ti/CC3200SDK_1.5.0/cc3200-sdk/example/common/" --include_path="C:/ti/ccs1250/ccs/tools/compiler/ti-cgt-arm_20.2.7.LTS/include" --define=ccs --define=cc3200 -g --diag_warning=225 --diag_wrap=off --display_error_number --abi=eabi --preproc_with_compile --preproc_dependency="Adafruit_GFX.d_raw"  "../Adafruit_GFX.c"
Finished building: "../Adafruit_GFX.c"
 
gmake: Target 'all' not remade because of errors.

**** Build Finished ****

**** Build of configuration Debug for project spi_demo ****

"C:\\ti\\ccs1250\\ccs\\utils\\bin\\gmake" -k -j 12 all -O 
 
Building file: "../Adafruit_OLED.c"
Invoking: Arm Compiler
"C:/ti/ccs1250/ccs/tools/compiler/ti-cgt-arm_20.2.7.LTS/bin/armcl" -mv7M4 --code_state=16 --float_support=none -me -Ooff --include_path="C:/Users/Josh/Desktop/EEC 172/labs/lab2_part1/spi_demo" --include_path="C:/ti/CC3200SDK_1.5.0/cc3200-sdk/" --include_path="C:/ti/CC3200SDK_1.5.0/cc3200-sdk/driverlib/" --include_path="C:/ti/CC3200SDK_1.5.0/cc3200-sdk/inc/" --include_path="C:/ti/CC3200SDK_1.5.0/cc3200-sdk/example/common/" --include_path="C:/ti/ccs1250/ccs/tools/compiler/ti-cgt-arm_20.2.7.LTS/include" --define=ccs --define=cc3200 -g --diag_warning=225 --diag_wrap=off --display_error_number --abi=eabi --preproc_with_compile --preproc_dependency="Adafruit_OLED.d_raw"  "../Adafruit_OLED.c"
Finished building: "../Adafruit_OLED.c"
 
Building target: "spi_demo.out"
Invoking: Arm Linker
"C:/ti/ccs1250/ccs/tools/compiler/ti-cgt-arm_20.2.7.LTS/bin/armcl" -mv7M4 --code_state=16 --float_support=none -me -Ooff --define=ccs --define=cc3200 -g --diag_warning=225 --diag_wrap=off --display_error_number --abi=eabi -z -m"spi_demo.map" --heap_size=0x800 --stack_size=0x800 -i"C:/ti/ccs1250/ccs/tools/compiler/ti-cgt-arm_20.2.7.LTS/lib" -i"C:/ti/ccs1250/ccs/tools/compiler/ti-cgt-arm_20.2.7.LTS/include" --reread_libs --diag_wrap=off --display_error_number --warn_sections --xml_link_info="spi_demo_linkInfo.xml" --rom_model -o "spi_demo.out" "./Adafruit_GFX.obj" "./Adafruit_OLED.obj" "./main.obj" "./oled_test.obj" "./pin_mux_config.obj" "./pinmux.obj" "./startup_ccs.obj" "./uart_if.obj" "../cc3200v1p32.cmd"  -l"C:/ti/CC3200SDK_1.5.0/cc3200-sdk/driverlib/ccs/Release/driverlib.a" -llibc.a 
<Linking>
error #10056: symbol "PinMuxConfig" redefined: first defined in "./pin_mux_config.obj"; redefined in "./pinmux.obj"
error #10010: errors encountered during linking; "spi_demo.out" not built
 
>> Compilation failure
makefile:143: recipe for target 'spi_demo.out' failed
gmake[1]: *** [spi_demo.out] Error 1
makefile:139: recipe for target 'all' failed
gmake: *** [all] Error 2

**** Build Finished ****

**** Build of configuration Debug for project spi_demo ****

"C:\\ti\\ccs1250\\ccs\\utils\\bin\\gmake" -k -j 12 all -O 
 
Building target: "spi_demo.out"
Invoking: Arm Linker
"C:/ti/ccs1250/ccs/tools/compiler/ti-cgt-arm_20.2.7.LTS/bin/armcl" -mv7M4 --code_state=16 --float_support=none -me -Ooff --define=ccs --define=cc3200 -g --diag_warning=225 --diag_wrap=off --display_error_number --abi=eabi -z -m"spi_demo.map" --heap_size=0x800 --stack_size=0x800 -i"C:/ti/ccs1250/ccs/tools/compiler/ti-cgt-arm_20.2.7.LTS/lib" -i"C:/ti/ccs1250/ccs/tools/compiler/ti-cgt-arm_20.2.7.LTS/include" --reread_libs --diag_wrap=off --display_error_number --warn_sections --xml_link_info="spi_demo_linkInfo.xml" --rom_model -o "spi_demo.out" "./Adafruit_GFX.obj" "./Adafruit_OLED.obj" "./main.obj" "./oled_test.obj" "./pin_mux_config.obj" "./startup_ccs.obj" "./uart_if.obj" "../cc3200v1p32.cmd"  -l"C:/ti/CC3200SDK_1.5.0/cc3200-sdk/driverlib/ccs/Release/driverlib.a" -llibc.a 
<Linking>
Finished building target: "spi_demo.out"
 
C:/ti/ccs1250/ccs/utils/tiobj2bin/tiobj2bin spi_demo.out spi_demo.bin C:/ti/ccs1250/ccs/tools/compiler/ti-cgt-arm_20.2.7.LTS/bin/armofd C:/ti/ccs1250/ccs/tools/compiler/ti-cgt-arm_20.2.7.LTS/bin/armhex C:/ti/ccs1250/ccs/utils/tiobj2bin/mkhex4bin
 

**** Build Finished ****

**** Build of configuration Debug for project spi_demo ****

"C:\\ti\\ccs1250\\ccs\\utils\\bin\\gmake" -k -j 12 all -O 
 
gmake[1]: 'spi_demo.out' is up to date.

**** Build Finished ****

**** Build of configuration Debug for project spi_demo ****

"C:\\ti\\ccs1250\\ccs\\utils\\bin\\gmake" -k -j 12 all -O 
 
gmake[1]: 'spi_demo.out' is up to date.

**** Build Finished ****

**** Build of configuration Debug for project spi_demo ****

"C:\\ti\\ccs1250\\ccs\\utils\\bin\\gmake" -k -j 12 all -O 
 
gmake[1]: 'spi_demo.out' is up to date.

**** Build Finished ****

**** Build of configuration Debug for project spi_demo ****

"C:\\ti\\ccs1250\\ccs\\utils\\bin\\gmake" -k -j 12 all -O 
 
Building file: "../main.c"
Invoking: Arm Compiler
"C:/ti/ccs1250/ccs/tools/compiler/ti-cgt-arm_20.2.7.LTS/bin/armcl" -mv7M4 --code_state=16 --float_support=none -me -Ooff --include_path="C:/Users/Josh/Desktop/EEC 172/labs/lab2_part1/spi_demo" --include_path="C:/ti/CC3200SDK_1.5.0/cc3200-sdk/" --include_path="C:/ti/CC3200SDK_1.5.0/cc3200-sdk/driverlib/" --include_path="C:/ti/CC3200SDK_1.5.0/cc3200-sdk/inc/" --include_path="C:/ti/CC3200SDK_1.5.0/cc3200-sdk/example/common/" --include_path="C:/ti/ccs1250/ccs/tools/compiler/ti-cgt-arm_20.2.7.LTS/include" --define=ccs --define=cc3200 -g --diag_warning=225 --diag_wrap=off --display_error_number --abi=eabi --preproc_with_compile --preproc_dependency="main.d_raw"  "../main.c"
Finished building: "../main.c"
 
Building target: "spi_demo.out"
Invoking: Arm Linker
"C:/ti/ccs1250/ccs/tools/compiler/ti-cgt-arm_20.2.7.LTS/bin/armcl" -mv7M4 --code_state=16 --float_support=none -me -Ooff --define=ccs --define=cc3200 -g --diag_warning=225 --diag_wrap=off --display_error_number --abi=eabi -z -m"spi_demo.map" --heap_size=0x800 --stack_size=0x800 -i"C:/ti/ccs1250/ccs/tools/compiler/ti-cgt-arm_20.2.7.LTS/lib" -i"C:/ti/ccs1250/ccs/tools/compiler/ti-cgt-arm_20.2.7.LTS/include" --reread_libs --diag_wrap=off --display_error_number --warn_sections --xml_link_info="spi_demo_linkInfo.xml" --rom_model -o "spi_demo.out" "./Adafruit_GFX.obj" "./Adafruit_OLED.obj" "./main.obj" "./oled_test.obj" "./pin_mux_config.obj" "./startup_ccs.obj" "./uart_if.obj" "../cc3200v1p32.cmd"  -l"C:/ti/CC3200SDK_1.5.0/cc3200-sdk/driverlib/ccs/Release/driverlib.a" -llibc.a 
<Linking>
Finished building target: "spi_demo.out"
 
C:/ti/ccs1250/ccs/utils/tiobj2bin/tiobj2bin spi_demo.out spi_demo.bin C:/ti/ccs1250/ccs/tools/compiler/ti-cgt-arm_20.2.7.LTS/bin/armofd C:/ti/ccs1250/ccs/tools/compiler/ti-cgt-arm_20.2.7.LTS/bin/armhex C:/ti/ccs1250/ccs/utils/tiobj2bin/mkhex4bin
 

**** Build Finished ****

**** Build of configuration Debug for project spi_demo ****

"C:\\ti\\ccs1250\\ccs\\utils\\bin\\gmake" -k -j 12 all -O 
 
Building file: "../main.c"
Invoking: Arm Compiler
"C:/ti/ccs1250/ccs/tools/compiler/ti-cgt-arm_20.2.7.LTS/bin/armcl" -mv7M4 --code_state=16 --float_support=none -me -Ooff --include_path="C:/Users/Josh/Desktop/EEC 172/labs/lab2_part1/spi_demo" --include_path="C:/ti/CC3200SDK_1.5.0/cc3200-sdk/" --include_path="C:/ti/CC3200SDK_1.5.0/cc3200-sdk/driverlib/" --include_path="C:/ti/CC3200SDK_1.5.0/cc3200-sdk/inc/" --include_path="C:/ti/CC3200SDK_1.5.0/cc3200-sdk/example/common/" --include_path="C:/ti/ccs1250/ccs/tools/compiler/ti-cgt-arm_20.2.7.LTS/include" --define=ccs --define=cc3200 -g --diag_warning=225 --diag_wrap=off --display_error_number --abi=eabi --preproc_with_compile --preproc_dependency="main.d_raw"  "../main.c"
Finished building: "../main.c"
 
Building target: "spi_demo.out"
Invoking: Arm Linker
"C:/ti/ccs1250/ccs/tools/compiler/ti-cgt-arm_20.2.7.LTS/bin/armcl" -mv7M4 --code_state=16 --float_support=none -me -Ooff --define=ccs --define=cc3200 -g --diag_warning=225 --diag_wrap=off --display_error_number --abi=eabi -z -m"spi_demo.map" --heap_size=0x800 --stack_size=0x800 -i"C:/ti/ccs1250/ccs/tools/compiler/ti-cgt-arm_20.2.7.LTS/lib" -i"C:/ti/ccs1250/ccs/tools/compiler/ti-cgt-arm_20.2.7.LTS/include" --reread_libs --diag_wrap=off --display_error_number --warn_sections --xml_link_info="spi_demo_linkInfo.xml" --rom_model -o "spi_demo.out" "./Adafruit_GFX.obj" "./Adafruit_OLED.obj" "./main.obj" "./oled_test.obj" "./pin_mux_config.obj" "./startup_ccs.obj" "./uart_if.obj" "../cc3200v1p32.cmd"  -l"C:/ti/CC3200SDK_1.5.0/cc3200-sdk/driverlib/ccs/Release/driverlib.a" -llibc.a 
<Linking>
Finished building target: "spi_demo.out"
 
C:/ti/ccs1250/ccs/utils/tiobj2bin/tiobj2bin spi_demo.out spi_demo.bin C:/ti/ccs1250/ccs/tools/compiler/ti-cgt-arm_20.2.7.LTS/bin/armofd C:/ti/ccs1250/ccs/tools/compiler/ti-cgt-arm_20.2.7.LTS/bin/armhex C:/ti/ccs1250/ccs/utils/tiobj2bin/mkhex4bin
 

**** Build Finished ****

**** Build of configuration Debug for project spi_demo ****

"C:\\ti\\ccs1250\\ccs\\utils\\bin\\gmake" -k -j 12 all -O 
 
Building file: "../Adafruit_OLED.c"
Invoking: Arm Compiler
"C:/ti/ccs1250/ccs/tools/compiler/ti-cgt-arm_20.2.7.LTS/bin/armcl" -mv7M4 --code_state=16 --float_support=none -me -Ooff --include_path="C:/Users/Josh/Desktop/EEC 172/labs/lab2_part1/spi_demo" --include_path="C:/ti/CC3200SDK_1.5.0/cc3200-sdk/" --include_path="C:/ti/CC3200SDK_1.5.0/cc3200-sdk/driverlib/" --include_path="C:/ti/CC3200SDK_1.5.0/cc3200-sdk/inc/" --include_path="C:/ti/CC3200SDK_1.5.0/cc3200-sdk/example/common/" --include_path="C:/ti/ccs1250/ccs/tools/compiler/ti-cgt-arm_20.2.7.LTS/include" --define=ccs --define=cc3200 -g --diag_warning=225 --diag_wrap=off --display_error_number --abi=eabi --preproc_with_compile --preproc_dependency="Adafruit_OLED.d_raw"  "../Adafruit_OLED.c"
Finished building: "../Adafruit_OLED.c"
 
Building target: "spi_demo.out"
Invoking: Arm Linker
"C:/ti/ccs1250/ccs/tools/compiler/ti-cgt-arm_20.2.7.LTS/bin/armcl" -mv7M4 --code_state=16 --float_support=none -me -Ooff --define=ccs --define=cc3200 -g --diag_warning=225 --diag_wrap=off --display_error_number --abi=eabi -z -m"spi_demo.map" --heap_size=0x800 --stack_size=0x800 -i"C:/ti/ccs1250/ccs/tools/compiler/ti-cgt-arm_20.2.7.LTS/lib" -i"C:/ti/ccs1250/ccs/tools/compiler/ti-cgt-arm_20.2.7.LTS/include" --reread_libs --diag_wrap=off --display_error_number --warn_sections --xml_link_info="spi_demo_linkInfo.xml" --rom_model -o "spi_demo.out" "./Adafruit_GFX.obj" "./Adafruit_OLED.obj" "./main.obj" "./oled_test.obj" "./pin_mux_config.obj" "./startup_ccs.obj" "./uart_if.obj" "../cc3200v1p32.cmd"  -l"C:/ti/CC3200SDK_1.5.0/cc3200-sdk/driverlib/ccs/Release/driverlib.a" -llibc.a 
<Linking>
Finished building target: "spi_demo.out"
 
C:/ti/ccs1250/ccs/utils/tiobj2bin/tiobj2bin spi_demo.out spi_demo.bin C:/ti/ccs1250/ccs/tools/compiler/ti-cgt-arm_20.2.7.LTS/bin/armofd C:/ti/ccs1250/ccs/tools/compiler/ti-cgt-arm_20.2.7.LTS/bin/armhex C:/ti/ccs1250/ccs/utils/tiobj2bin/mkhex4bin
 

**** Build Finished ****

**** Build of configuration Debug for project spi_demo ****

"C:\\ti\\ccs1250\\ccs\\utils\\bin\\gmake" -k -j 12 all -O 
 
Building file: "../Adafruit_OLED.c"
Invoking: Arm Compiler
"C:/ti/ccs1250/ccs/tools/compiler/ti-cgt-arm_20.2.7.LTS/bin/armcl" -mv7M4 --code_state=16 --float_support=none -me -Ooff --include_path="C:/Users/Josh/Desktop/EEC 172/labs/lab2_part1/spi_demo" --include_path="C:/ti/CC3200SDK_1.5.0/cc3200-sdk/" --include_path="C:/ti/CC3200SDK_1.5.0/cc3200-sdk/driverlib/" --include_path="C:/ti/CC3200SDK_1.5.0/cc3200-sdk/inc/" --include_path="C:/ti/CC3200SDK_1.5.0/cc3200-sdk/example/common/" --include_path="C:/ti/ccs1250/ccs/tools/compiler/ti-cgt-arm_20.2.7.LTS/include" --define=ccs --define=cc3200 -g --diag_warning=225 --diag_wrap=off --display_error_number --abi=eabi --preproc_with_compile --preproc_dependency="Adafruit_OLED.d_raw"  "../Adafruit_OLED.c"
"../Adafruit_OLED.c", line 49: warning #179-D: variable "dummy" was declared but never referenced
"../Adafruit_OLED.c", line 72: warning #179-D: variable "dummy" was declared but never referenced
Finished building: "../Adafruit_OLED.c"
 
Building target: "spi_demo.out"
Invoking: Arm Linker
"C:/ti/ccs1250/ccs/tools/compiler/ti-cgt-arm_20.2.7.LTS/bin/armcl" -mv7M4 --code_state=16 --float_support=none -me -Ooff --define=ccs --define=cc3200 -g --diag_warning=225 --diag_wrap=off --display_error_number --abi=eabi -z -m"spi_demo.map" --heap_size=0x800 --stack_size=0x800 -i"C:/ti/ccs1250/ccs/tools/compiler/ti-cgt-arm_20.2.7.LTS/lib" -i"C:/ti/ccs1250/ccs/tools/compiler/ti-cgt-arm_20.2.7.LTS/include" --reread_libs --diag_wrap=off --display_error_number --warn_sections --xml_link_info="spi_demo_linkInfo.xml" --rom_model -o "spi_demo.out" "./Adafruit_GFX.obj" "./Adafruit_OLED.obj" "./main.obj" "./oled_test.obj" "./pin_mux_config.obj" "./startup_ccs.obj" "./uart_if.obj" "../cc3200v1p32.cmd"  -l"C:/ti/CC3200SDK_1.5.0/cc3200-sdk/driverlib/ccs/Release/driverlib.a" -llibc.a 
<Linking>
Finished building target: "spi_demo.out"
 
C:/ti/ccs1250/ccs/utils/tiobj2bin/tiobj2bin spi_demo.out spi_demo.bin C:/ti/ccs1250/ccs/tools/compiler/ti-cgt-arm_20.2.7.LTS/bin/armofd C:/ti/ccs1250/ccs/tools/compiler/ti-cgt-arm_20.2.7.LTS/bin/armhex C:/ti/ccs1250/ccs/utils/tiobj2bin/mkhex4bin
 

**** Build Finished ****

**** Build of configuration Debug for project spi_demo ****

"C:\\ti\\ccs1250\\ccs\\utils\\bin\\gmake" -k -j 12 all -O 
 
gmake[1]: 'spi_demo.out' is up to date.

**** Build Finished ****

**** Build of configuration Debug for project spi_demo ****

"C:\\ti\\ccs1250\\ccs\\utils\\bin\\gmake" -k -j 12 all -O 
 
Building file: "../Adafruit_OLED.c"
Invoking: Arm Compiler
"C:/ti/ccs1250/ccs/tools/compiler/ti-cgt-arm_20.2.7.LTS/bin/armcl" -mv7M4 --code_state=16 --float_support=none -me -Ooff --include_path="C:/Users/Josh/Desktop/EEC 172/labs/lab2_part1/spi_demo" --include_path="C:/ti/CC3200SDK_1.5.0/cc3200-sdk/" --include_path="C:/ti/CC3200SDK_1.5.0/cc3200-sdk/driverlib/" --include_path="C:/ti/CC3200SDK_1.5.0/cc3200-sdk/inc/" --include_path="C:/ti/CC3200SDK_1.5.0/cc3200-sdk/example/common/" --include_path="C:/ti/ccs1250/ccs/tools/compiler/ti-cgt-arm_20.2.7.LTS/include" --define=ccs --define=cc3200 -g --diag_warning=225 --diag_wrap=off --display_error_number --abi=eabi --preproc_with_compile --preproc_dependency="Adafruit_OLED.d_raw"  "../Adafruit_OLED.c"
"../Adafruit_OLED.c", line 51: warning #169-D: argument of type "unsigned char *" is incompatible with parameter of type "unsigned long"
"../Adafruit_OLED.c", line 49: warning #179-D: variable "dummy" was declared but never referenced
"../Adafruit_OLED.c", line 74: warning #169-D: argument of type "unsigned char *" is incompatible with parameter of type "unsigned long"
"../Adafruit_OLED.c", line 72: warning #179-D: variable "dummy" was declared but never referenced
Finished building: "../Adafruit_OLED.c"
 
Building target: "spi_demo.out"
Invoking: Arm Linker
"C:/ti/ccs1250/ccs/tools/compiler/ti-cgt-arm_20.2.7.LTS/bin/armcl" -mv7M4 --code_state=16 --float_support=none -me -Ooff --define=ccs --define=cc3200 -g --diag_warning=225 --diag_wrap=off --display_error_number --abi=eabi -z -m"spi_demo.map" --heap_size=0x800 --stack_size=0x800 -i"C:/ti/ccs1250/ccs/tools/compiler/ti-cgt-arm_20.2.7.LTS/lib" -i"C:/ti/ccs1250/ccs/tools/compiler/ti-cgt-arm_20.2.7.LTS/include" --reread_libs --diag_wrap=off --display_error_number --warn_sections --xml_link_info="spi_demo_linkInfo.xml" --rom_model -o "spi_demo.out" "./Adafruit_GFX.obj" "./Adafruit_OLED.obj" "./main.obj" "./oled_test.obj" "./pin_mux_config.obj" "./startup_ccs.obj" "./uart_if.obj" "../cc3200v1p32.cmd"  -l"C:/ti/CC3200SDK_1.5.0/cc3200-sdk/driverlib/ccs/Release/driverlib.a" -llibc.a 
<Linking>
Finished building target: "spi_demo.out"
 
C:/ti/ccs1250/ccs/utils/tiobj2bin/tiobj2bin spi_demo.out spi_demo.bin C:/ti/ccs1250/ccs/tools/compiler/ti-cgt-arm_20.2.7.LTS/bin/armofd C:/ti/ccs1250/ccs/tools/compiler/ti-cgt-arm_20.2.7.LTS/bin/armhex C:/ti/ccs1250/ccs/utils/tiobj2bin/mkhex4bin
 

**** Build Finished ****

**** Build of configuration Debug for project spi_demo ****

"C:\\ti\\ccs1250\\ccs\\utils\\bin\\gmake" -k -j 12 all -O 
 
gmake[1]: 'spi_demo.out' is up to date.

**** Build Finished ****

**** Build of configuration Debug for project spi_demo ****

"C:\\ti\\ccs1250\\ccs\\utils\\bin\\gmake" -k -j 12 all -O 
 
Building file: "../main.c"
Invoking: Arm Compiler
"C:/ti/ccs1250/ccs/tools/compiler/ti-cgt-arm_20.2.7.LTS/bin/armcl" -mv7M4 --code_state=16 --float_support=none -me -Ooff --include_path="C:/Users/Josh/Desktop/EEC 172/labs/lab2_part1/spi_demo" --include_path="C:/ti/CC3200SDK_1.5.0/cc3200-sdk/" --include_path="C:/ti/CC3200SDK_1.5.0/cc3200-sdk/driverlib/" --include_path="C:/ti/CC3200SDK_1.5.0/cc3200-sdk/inc/" --include_path="C:/ti/CC3200SDK_1.5.0/cc3200-sdk/example/common/" --include_path="C:/ti/ccs1250/ccs/tools/compiler/ti-cgt-arm_20.2.7.LTS/include" --define=ccs --define=cc3200 -g --diag_warning=225 --diag_wrap=off --display_error_number --abi=eabi --preproc_with_compile --preproc_dependency="main.d_raw"  "../main.c"
Finished building: "../main.c"
 
Building target: "spi_demo.out"
Invoking: Arm Linker
"C:/ti/ccs1250/ccs/tools/compiler/ti-cgt-arm_20.2.7.LTS/bin/armcl" -mv7M4 --code_state=16 --float_support=none -me -Ooff --define=ccs --define=cc3200 -g --diag_warning=225 --diag_wrap=off --display_error_number --abi=eabi -z -m"spi_demo.map" --heap_size=0x800 --stack_size=0x800 -i"C:/ti/ccs1250/ccs/tools/compiler/ti-cgt-arm_20.2.7.LTS/lib" -i"C:/ti/ccs1250/ccs/tools/compiler/ti-cgt-arm_20.2.7.LTS/include" --reread_libs --diag_wrap=off --display_error_number --warn_sections --xml_link_info="spi_demo_linkInfo.xml" --rom_model -o "spi_demo.out" "./Adafruit_GFX.obj" "./Adafruit_OLED.obj" "./main.obj" "./oled_test.obj" "./pin_mux_config.obj" "./startup_ccs.obj" "./uart_if.obj" "../cc3200v1p32.cmd"  -l"C:/ti/CC3200SDK_1.5.0/cc3200-sdk/driverlib/ccs/Release/driverlib.a" -llibc.a 
<Linking>
Finished building target: "spi_demo.out"
 
C:/ti/ccs1250/ccs/utils/tiobj2bin/tiobj2bin spi_demo.out spi_demo.bin C:/ti/ccs1250/ccs/tools/compiler/ti-cgt-arm_20.2.7.LTS/bin/armofd C:/ti/ccs1250/ccs/tools/compiler/ti-cgt-arm_20.2.7.LTS/bin/armhex C:/ti/ccs1250/ccs/utils/tiobj2bin/mkhex4bin
 

**** Build Finished ****

**** Build of configuration Debug for project spi_demo ****

"C:\\ti\\ccs1250\\ccs\\utils\\bin\\gmake" -k -j 12 all -O 
 
gmake[1]: 'spi_demo.out' is up to date.

**** Build Finished ****

**** Build of configuration Debug for project spi_demo ****

"C:\\ti\\ccs1250\\ccs\\utils\\bin\\gmake" -k -j 12 all -O 
 
gmake[1]: 'spi_demo.out' is up to date.

**** Build Finished ****

**** Build of configuration Debug for project spi_demo ****

"C:\\ti\\ccs1250\\ccs\\utils\\bin\\gmake" -k -j 12 all -O 
 
gmake[1]: 'spi_demo.out' is up to date.

**** Build Finished ****

**** Build of configuration Debug for project spi_demo ****

"C:\\ti\\ccs1250\\ccs\\utils\\bin\\gmake" -k -j 12 all -O 
 
Building file: "../main.c"
Invoking: Arm Compiler
"C:/ti/ccs1250/ccs/tools/compiler/ti-cgt-arm_20.2.7.LTS/bin/armcl" -mv7M4 --code_state=16 --float_support=none -me -Ooff --include_path="C:/Users/Josh/Desktop/EEC 172/labs/lab2_part1/spi_demo" --include_path="C:/ti/CC3200SDK_1.5.0/cc3200-sdk/" --include_path="C:/ti/CC3200SDK_1.5.0/cc3200-sdk/driverlib/" --include_path="C:/ti/CC3200SDK_1.5.0/cc3200-sdk/inc/" --include_path="C:/ti/CC3200SDK_1.5.0/cc3200-sdk/example/common/" --include_path="C:/ti/ccs1250/ccs/tools/compiler/ti-cgt-arm_20.2.7.LTS/include" --define=ccs --define=cc3200 -g --diag_warning=225 --diag_wrap=off --display_error_number --abi=eabi --preproc_with_compile --preproc_dependency="main.d_raw"  "../main.c"
Finished building: "../main.c"
 
Building target: "spi_demo.out"
Invoking: Arm Linker
"C:/ti/ccs1250/ccs/tools/compiler/ti-cgt-arm_20.2.7.LTS/bin/armcl" -mv7M4 --code_state=16 --float_support=none -me -Ooff --define=ccs --define=cc3200 -g --diag_warning=225 --diag_wrap=off --display_error_number --abi=eabi -z -m"spi_demo.map" --heap_size=0x800 --stack_size=0x800 -i"C:/ti/ccs1250/ccs/tools/compiler/ti-cgt-arm_20.2.7.LTS/lib" -i"C:/ti/ccs1250/ccs/tools/compiler/ti-cgt-arm_20.2.7.LTS/include" --reread_libs --diag_wrap=off --display_error_number --warn_sections --xml_link_info="spi_demo_linkInfo.xml" --rom_model -o "spi_demo.out" "./Adafruit_GFX.obj" "./Adafruit_OLED.obj" "./main.obj" "./oled_test.obj" "./pin_mux_config.obj" "./startup_ccs.obj" "./uart_if.obj" "../cc3200v1p32.cmd"  -l"C:/ti/CC3200SDK_1.5.0/cc3200-sdk/driverlib/ccs/Release/driverlib.a" -llibc.a 
<Linking>
Finished building target: "spi_demo.out"
 
C:/ti/ccs1250/ccs/utils/tiobj2bin/tiobj2bin spi_demo.out spi_demo.bin C:/ti/ccs1250/ccs/tools/compiler/ti-cgt-arm_20.2.7.LTS/bin/armofd C:/ti/ccs1250/ccs/tools/compiler/ti-cgt-arm_20.2.7.LTS/bin/armhex C:/ti/ccs1250/ccs/utils/tiobj2bin/mkhex4bin
 

**** Build Finished ****

**** Build of configuration Debug for project spi_demo ****

"C:\\ti\\ccs1250\\ccs\\utils\\bin\\gmake" -k -j 12 all -O 
 
gmake[1]: 'spi_demo.out' is up to date.

**** Build Finished ****

**** Build of configuration Debug for project spi_demo ****

"C:\\ti\\ccs1250\\ccs\\utils\\bin\\gmake" -k -j 12 all -O 
 
gmake[1]: 'spi_demo.out' is up to date.

**** Build Finished ****

**** Build of configuration Debug for project spi_demo ****

"C:\\ti\\ccs1250\\ccs\\utils\\bin\\gmake" -k -j 12 all -O 
 
gmake[1]: 'spi_demo.out' is up to date.

**** Build Finished ****

**** Build of configuration Debug for project spi_demo ****

"C:\\ti\\ccs1250\\ccs\\utils\\bin\\gmake" -k -j 12 all -O 
 
gmake[1]: 'spi_demo.out' is up to date.

**** Build Finished ****

**** Build of configuration Debug for project spi_demo ****

"C:\\ti\\ccs1250\\ccs\\utils\\bin\\gmake" -k -j 12 all -O 
 
gmake[1]: 'spi_demo.out' is up to date.

**** Build Finished ****

**** Build of configuration Debug for project spi_demo ****

"C:\\ti\\ccs1250\\ccs\\utils\\bin\\gmake" -k -j 12 all -O 
 
gmake[1]: 'spi_demo.out' is up to date.

**** Build Finished ****

**** Build of configuration Debug for project spi_demo ****

"C:\\ti\\ccs1250\\ccs\\utils\\bin\\gmake" -k -j 12 all -O 
 
gmake[1]: 'spi_demo.out' is up to date.

**** Build Finished ****

**** Build of configuration Debug for project spi_demo ****

"C:\\ti\\ccs1250\\ccs\\utils\\bin\\gmake" -k -j 12 all -O 
 
Building file: "../Adafruit_OLED.c"
Invoking: Arm Compiler
"C:/ti/ccs1250/ccs/tools/compiler/ti-cgt-arm_20.2.7.LTS/bin/armcl" -mv7M4 --code_state=16 --float_support=none -me -Ooff --include_path="C:/Users/Josh/Desktop/EEC 172/labs/lab2_part1/spi_demo" --include_path="C:/ti/CC3200SDK_1.5.0/cc3200-sdk/" --include_path="C:/ti/CC3200SDK_1.5.0/cc3200-sdk/driverlib/" --include_path="C:/ti/CC3200SDK_1.5.0/cc3200-sdk/inc/" --include_path="C:/ti/CC3200SDK_1.5.0/cc3200-sdk/example/common/" --include_path="C:/ti/ccs1250/ccs/tools/compiler/ti-cgt-arm_20.2.7.LTS/include" --define=ccs --define=cc3200 -g --diag_warning=225 --diag_wrap=off --display_error_number --abi=eabi --preproc_with_compile --preproc_dependency="Adafruit_OLED.d_raw"  "../Adafruit_OLED.c"
Finished building: "../Adafruit_OLED.c"
 
Building target: "spi_demo.out"
Invoking: Arm Linker
"C:/ti/ccs1250/ccs/tools/compiler/ti-cgt-arm_20.2.7.LTS/bin/armcl" -mv7M4 --code_state=16 --float_support=none -me -Ooff --define=ccs --define=cc3200 -g --diag_warning=225 --diag_wrap=off --display_error_number --abi=eabi -z -m"spi_demo.map" --heap_size=0x800 --stack_size=0x800 -i"C:/ti/ccs1250/ccs/tools/compiler/ti-cgt-arm_20.2.7.LTS/lib" -i"C:/ti/ccs1250/ccs/tools/compiler/ti-cgt-arm_20.2.7.LTS/include" --reread_libs --diag_wrap=off --display_error_number --warn_sections --xml_link_info="spi_demo_linkInfo.xml" --rom_model -o "spi_demo.out" "./Adafruit_GFX.obj" "./Adafruit_OLED.obj" "./main.obj" "./oled_test.obj" "./pin_mux_config.obj" "./startup_ccs.obj" "./uart_if.obj" "../cc3200v1p32.cmd"  -l"C:/ti/CC3200SDK_1.5.0/cc3200-sdk/driverlib/ccs/Release/driverlib.a" -llibc.a 
<Linking>
Finished building target: "spi_demo.out"
 
C:/ti/ccs1250/ccs/utils/tiobj2bin/tiobj2bin spi_demo.out spi_demo.bin C:/ti/ccs1250/ccs/tools/compiler/ti-cgt-arm_20.2.7.LTS/bin/armofd C:/ti/ccs1250/ccs/tools/compiler/ti-cgt-arm_20.2.7.LTS/bin/armhex C:/ti/ccs1250/ccs/utils/tiobj2bin/mkhex4bin
 

**** Build Finished ****

**** Build of configuration Debug for project spi_demo ****

"C:\\ti\\ccs1250\\ccs\\utils\\bin\\gmake" -k -j 12 all -O 
 
gmake[1]: 'spi_demo.out' is up to date.

**** Build Finished ****

**** Build of configuration Debug for project spi_demo ****

"C:\\ti\\ccs1250\\ccs\\utils\\bin\\gmake" -k -j 12 all -O 
 
gmake[1]: 'spi_demo.out' is up to date.

**** Build Finished ****

**** Build of configuration Debug for project spi_demo ****

"C:\\ti\\ccs1250\\ccs\\utils\\bin\\gmake" -k -j 12 all -O 
 
gmake[1]: 'spi_demo.out' is up to date.

**** Build Finished ****

**** Build of configuration Debug for project spi_demo ****

"C:\\ti\\ccs1250\\ccs\\utils\\bin\\gmake" -k -j 12 all -O 
 
gmake[1]: 'spi_demo.out' is up to date.

**** Build Finished ****

**** Build of configuration Debug for project spi_demo ****

"C:\\ti\\ccs1250\\ccs\\utils\\bin\\gmake" -k -j 12 all -O 
 
gmake[1]: 'spi_demo.out' is up to date.

**** Build Finished ****

**** Build of configuration Debug for project spi_demo ****

"C:\\ti\\ccs1250\\ccs\\utils\\bin\\gmake" -k -j 12 all -O 
 
Building file: "../Adafruit_OLED.c"
Invoking: Arm Compiler
"C:/ti/ccs1250/ccs/tools/compiler/ti-cgt-arm_20.2.7.LTS/bin/armcl" -mv7M4 --code_state=16 --float_support=none -me -Ooff --include_path="C:/Users/Josh/Desktop/EEC 172/labs/lab2_part1/spi_demo" --include_path="C:/ti/CC3200SDK_1.5.0/cc3200-sdk/" --include_path="C:/ti/CC3200SDK_1.5.0/cc3200-sdk/driverlib/" --include_path="C:/ti/CC3200SDK_1.5.0/cc3200-sdk/inc/" --include_path="C:/ti/CC3200SDK_1.5.0/cc3200-sdk/example/common/" --include_path="C:/ti/ccs1250/ccs/tools/compiler/ti-cgt-arm_20.2.7.LTS/include" --define=ccs --define=cc3200 -g --diag_warning=225 --diag_wrap=off --display_error_number --abi=eabi --preproc_with_compile --preproc_dependency="Adafruit_OLED.d_raw"  "../Adafruit_OLED.c"
Finished building: "../Adafruit_OLED.c"
 
Building target: "spi_demo.out"
Invoking: Arm Linker
"C:/ti/ccs1250/ccs/tools/compiler/ti-cgt-arm_20.2.7.LTS/bin/armcl" -mv7M4 --code_state=16 --float_support=none -me -Ooff --define=ccs --define=cc3200 -g --diag_warning=225 --diag_wrap=off --display_error_number --abi=eabi -z -m"spi_demo.map" --heap_size=0x800 --stack_size=0x800 -i"C:/ti/ccs1250/ccs/tools/compiler/ti-cgt-arm_20.2.7.LTS/lib" -i"C:/ti/ccs1250/ccs/tools/compiler/ti-cgt-arm_20.2.7.LTS/include" --reread_libs --diag_wrap=off --display_error_number --warn_sections --xml_link_info="spi_demo_linkInfo.xml" --rom_model -o "spi_demo.out" "./Adafruit_GFX.obj" "./Adafruit_OLED.obj" "./main.obj" "./oled_test.obj" "./pin_mux_config.obj" "./startup_ccs.obj" "./uart_if.obj" "../cc3200v1p32.cmd"  -l"C:/ti/CC3200SDK_1.5.0/cc3200-sdk/driverlib/ccs/Release/driverlib.a" -llibc.a 
<Linking>
Finished building target: "spi_demo.out"
 
C:/ti/ccs1250/ccs/utils/tiobj2bin/tiobj2bin spi_demo.out spi_demo.bin C:/ti/ccs1250/ccs/tools/compiler/ti-cgt-arm_20.2.7.LTS/bin/armofd C:/ti/ccs1250/ccs/tools/compiler/ti-cgt-arm_20.2.7.LTS/bin/armhex C:/ti/ccs1250/ccs/utils/tiobj2bin/mkhex4bin
 

**** Build Finished ****

**** Build of configuration Debug for project spi_demo ****

"C:\\ti\\ccs1250\\ccs\\utils\\bin\\gmake" -k -j 12 all -O 
 
gmake[1]: 'spi_demo.out' is up to date.

**** Build Finished ****

**** Build of configuration Debug for project spi_demo ****

"C:\\ti\\ccs1250\\ccs\\utils\\bin\\gmake" -k -j 12 all -O 
 
gmake[1]: 'spi_demo.out' is up to date.

**** Build Finished ****

**** Build of configuration Debug for project spi_demo ****

"C:\\ti\\ccs1250\\ccs\\utils\\bin\\gmake" -k -j 12 all -O 
 
gmake[1]: 'spi_demo.out' is up to date.

**** Build Finished ****

**** Build of configuration Debug for project spi_demo ****

"C:\\ti\\ccs1250\\ccs\\utils\\bin\\gmake" -k -j 12 all -O 
 
gmake[1]: 'spi_demo.out' is up to date.

**** Build Finished ****

**** Build of configuration Debug for project spi_demo ****

"C:\\ti\\ccs1250\\ccs\\utils\\bin\\gmake" -k -j 12 all -O 
 
gmake[1]: 'spi_demo.out' is up to date.

**** Build Finished ****

**** Build of configuration Debug for project spi_demo ****

"C:\\ti\\ccs1250\\ccs\\utils\\bin\\gmake" -k -j 12 all -O 
 
gmake[1]: 'spi_demo.out' is up to date.

**** Build Finished ****

**** Build of configuration Debug for project spi_demo ****

"C:\\ti\\ccs1250\\ccs\\utils\\bin\\gmake" -k -j 12 all -O 
 
Building file: "../Adafruit_OLED.c"
Invoking: Arm Compiler
"C:/ti/ccs1250/ccs/tools/compiler/ti-cgt-arm_20.2.7.LTS/bin/armcl" -mv7M4 --code_state=16 --float_support=none -me -Ooff --include_path="C:/Users/Josh/Desktop/EEC 172/labs/lab2_part1/spi_demo" --include_path="C:/ti/CC3200SDK_1.5.0/cc3200-sdk/" --include_path="C:/ti/CC3200SDK_1.5.0/cc3200-sdk/driverlib/" --include_path="C:/ti/CC3200SDK_1.5.0/cc3200-sdk/inc/" --include_path="C:/ti/CC3200SDK_1.5.0/cc3200-sdk/example/common/" --include_path="C:/ti/ccs1250/ccs/tools/compiler/ti-cgt-arm_20.2.7.LTS/include" --define=ccs --define=cc3200 -g --diag_warning=225 --diag_wrap=off --display_error_number --abi=eabi --preproc_with_compile --preproc_dependency="Adafruit_OLED.d_raw"  "../Adafruit_OLED.c"
 
>> Compilation failure
subdir_rules.mk:9: recipe for target 'Adafruit_OLED.obj' failed
"../Adafruit_OLED.c", line 58: warning #169-D: argument of type "unsigned char *" is incompatible with parameter of type "unsigned long *"
"../Adafruit_OLED.c", line 83: warning #169-D: argument of type "unsigned char *" is incompatible with parameter of type "unsigned long *"
"../Adafruit_OLED.c", line 84: error #66: expected a ";"
1 error detected in the compilation of "../Adafruit_OLED.c".
gmake: *** [Adafruit_OLED.obj] Error 1
gmake: Target 'all' not remade because of errors.

**** Build Finished ****

**** Build of configuration Debug for project spi_demo ****

"C:\\ti\\ccs1250\\ccs\\utils\\bin\\gmake" -k -j 12 all -O 
 
Building file: "../Adafruit_OLED.c"
Invoking: Arm Compiler
"C:/ti/ccs1250/ccs/tools/compiler/ti-cgt-arm_20.2.7.LTS/bin/armcl" -mv7M4 --code_state=16 --float_support=none -me -Ooff --include_path="C:/Users/Josh/Desktop/EEC 172/labs/lab2_part1/spi_demo" --include_path="C:/ti/CC3200SDK_1.5.0/cc3200-sdk/" --include_path="C:/ti/CC3200SDK_1.5.0/cc3200-sdk/driverlib/" --include_path="C:/ti/CC3200SDK_1.5.0/cc3200-sdk/inc/" --include_path="C:/ti/CC3200SDK_1.5.0/cc3200-sdk/example/common/" --include_path="C:/ti/ccs1250/ccs/tools/compiler/ti-cgt-arm_20.2.7.LTS/include" --define=ccs --define=cc3200 -g --diag_warning=225 --diag_wrap=off --display_error_number --abi=eabi --preproc_with_compile --preproc_dependency="Adafruit_OLED.d_raw"  "../Adafruit_OLED.c"
"../Adafruit_OLED.c", line 58: warning #169-D: argument of type "unsigned char *" is incompatible with parameter of type "unsigned long *"
"../Adafruit_OLED.c", line 83: warning #169-D: argument of type "unsigned char *" is incompatible with parameter of type "unsigned long *"
Finished building: "../Adafruit_OLED.c"
 
Building target: "spi_demo.out"
Invoking: Arm Linker
"C:/ti/ccs1250/ccs/tools/compiler/ti-cgt-arm_20.2.7.LTS/bin/armcl" -mv7M4 --code_state=16 --float_support=none -me -Ooff --define=ccs --define=cc3200 -g --diag_warning=225 --diag_wrap=off --display_error_number --abi=eabi -z -m"spi_demo.map" --heap_size=0x800 --stack_size=0x800 -i"C:/ti/ccs1250/ccs/tools/compiler/ti-cgt-arm_20.2.7.LTS/lib" -i"C:/ti/ccs1250/ccs/tools/compiler/ti-cgt-arm_20.2.7.LTS/include" --reread_libs --diag_wrap=off --display_error_number --warn_sections --xml_link_info="spi_demo_linkInfo.xml" --rom_model -o "spi_demo.out" "./Adafruit_GFX.obj" "./Adafruit_OLED.obj" "./main.obj" "./oled_test.obj" "./pin_mux_config.obj" "./startup_ccs.obj" "./uart_if.obj" "../cc3200v1p32.cmd"  -l"C:/ti/CC3200SDK_1.5.0/cc3200-sdk/driverlib/ccs/Release/driverlib.a" -llibc.a 
<Linking>
Finished building target: "spi_demo.out"
 
C:/ti/ccs1250/ccs/utils/tiobj2bin/tiobj2bin spi_demo.out spi_demo.bin C:/ti/ccs1250/ccs/tools/compiler/ti-cgt-arm_20.2.7.LTS/bin/armofd C:/ti/ccs1250/ccs/tools/compiler/ti-cgt-arm_20.2.7.LTS/bin/armhex C:/ti/ccs1250/ccs/utils/tiobj2bin/mkhex4bin
 

**** Build Finished ****

**** Build of configuration Debug for project spi_demo ****

"C:\\ti\\ccs1250\\ccs\\utils\\bin\\gmake" -k -j 12 all -O 
 
Building file: "../Adafruit_OLED.c"
Invoking: Arm Compiler
"C:/ti/ccs1250/ccs/tools/compiler/ti-cgt-arm_20.2.7.LTS/bin/armcl" -mv7M4 --code_state=16 --float_support=none -me -Ooff --include_path="C:/Users/Josh/Desktop/EEC 172/labs/lab2_part1/spi_demo" --include_path="C:/ti/CC3200SDK_1.5.0/cc3200-sdk/" --include_path="C:/ti/CC3200SDK_1.5.0/cc3200-sdk/driverlib/" --include_path="C:/ti/CC3200SDK_1.5.0/cc3200-sdk/inc/" --include_path="C:/ti/CC3200SDK_1.5.0/cc3200-sdk/example/common/" --include_path="C:/ti/ccs1250/ccs/tools/compiler/ti-cgt-arm_20.2.7.LTS/include" --define=ccs --define=cc3200 -g --diag_warning=225 --diag_wrap=off --display_error_number --abi=eabi --preproc_with_compile --preproc_dependency="Adafruit_OLED.d_raw"  "../Adafruit_OLED.c"
"../Adafruit_OLED.c", line 58: warning #169-D: argument of type "unsigned char *" is incompatible with parameter of type "unsigned long *"
"../Adafruit_OLED.c", line 84: warning #169-D: argument of type "unsigned char *" is incompatible with parameter of type "unsigned long *"
Finished building: "../Adafruit_OLED.c"
 
Building target: "spi_demo.out"
Invoking: Arm Linker
"C:/ti/ccs1250/ccs/tools/compiler/ti-cgt-arm_20.2.7.LTS/bin/armcl" -mv7M4 --code_state=16 --float_support=none -me -Ooff --define=ccs --define=cc3200 -g --diag_warning=225 --diag_wrap=off --display_error_number --abi=eabi -z -m"spi_demo.map" --heap_size=0x800 --stack_size=0x800 -i"C:/ti/ccs1250/ccs/tools/compiler/ti-cgt-arm_20.2.7.LTS/lib" -i"C:/ti/ccs1250/ccs/tools/compiler/ti-cgt-arm_20.2.7.LTS/include" --reread_libs --diag_wrap=off --display_error_number --warn_sections --xml_link_info="spi_demo_linkInfo.xml" --rom_model -o "spi_demo.out" "./Adafruit_GFX.obj" "./Adafruit_OLED.obj" "./main.obj" "./oled_test.obj" "./pin_mux_config.obj" "./startup_ccs.obj" "./uart_if.obj" "../cc3200v1p32.cmd"  -l"C:/ti/CC3200SDK_1.5.0/cc3200-sdk/driverlib/ccs/Release/driverlib.a" -llibc.a 
<Linking>
Finished building target: "spi_demo.out"
 
C:/ti/ccs1250/ccs/utils/tiobj2bin/tiobj2bin spi_demo.out spi_demo.bin C:/ti/ccs1250/ccs/tools/compiler/ti-cgt-arm_20.2.7.LTS/bin/armofd C:/ti/ccs1250/ccs/tools/compiler/ti-cgt-arm_20.2.7.LTS/bin/armhex C:/ti/ccs1250/ccs/utils/tiobj2bin/mkhex4bin
 

**** Build Finished ****

**** Build of configuration Debug for project spi_demo ****

"C:\\ti\\ccs1250\\ccs\\utils\\bin\\gmake" -k -j 12 all -O 
 
gmake[1]: 'spi_demo.out' is up to date.

**** Build Finished ****

**** Build of configuration Debug for project spi_demo ****

"C:\\ti\\ccs1250\\ccs\\utils\\bin\\gmake" -k -j 12 all -O 
 
gmake[1]: 'spi_demo.out' is up to date.

**** Build Finished ****

**** Build of configuration Debug for project spi_demo ****

"C:\\ti\\ccs1250\\ccs\\utils\\bin\\gmake" -k -j 12 all -O 
 
gmake[1]: 'spi_demo.out' is up to date.

**** Build Finished ****

**** Build of configuration Debug for project spi_demo ****

"C:\\ti\\ccs1250\\ccs\\utils\\bin\\gmake" -k -j 12 all -O 
 
gmake[1]: 'spi_demo.out' is up to date.

**** Build Finished ****

**** Build of configuration Debug for project spi_demo ****

"C:\\ti\\ccs1250\\ccs\\utils\\bin\\gmake" -k -j 12 all -O 
 
gmake[1]: 'spi_demo.out' is up to date.

**** Build Finished ****

**** Build of configuration Debug for project spi_demo ****

"C:\\ti\\ccs1250\\ccs\\utils\\bin\\gmake" -k -j 12 all -O 
 
gmake[1]: 'spi_demo.out' is up to date.

**** Build Finished ****

**** Build of configuration Debug for project spi_demo ****

"C:\\ti\\ccs1250\\ccs\\utils\\bin\\gmake" -k -j 12 all -O 
 
gmake[1]: 'spi_demo.out' is up to date.

**** Build Finished ****

**** Build of configuration Debug for project spi_demo ****

"C:\\ti\\ccs1250\\ccs\\utils\\bin\\gmake" -k -j 12 all -O 
 
gmake[1]: 'spi_demo.out' is up to date.

**** Build Finished ****

**** Build of configuration Debug for project spi_demo ****

"C:\\ti\\ccs1250\\ccs\\utils\\bin\\gmake" -k -j 12 all -O 
 
Building file: "../Adafruit_OLED.c"
Invoking: Arm Compiler
"C:/ti/ccs1250/ccs/tools/compiler/ti-cgt-arm_20.2.7.LTS/bin/armcl" -mv7M4 --code_state=16 --float_support=none -me -Ooff --include_path="C:/Users/Josh/Desktop/EEC 172/labs/lab2_part1/spi_demo" --include_path="C:/ti/CC3200SDK_1.5.0/cc3200-sdk/" --include_path="C:/ti/CC3200SDK_1.5.0/cc3200-sdk/driverlib/" --include_path="C:/ti/CC3200SDK_1.5.0/cc3200-sdk/inc/" --include_path="C:/ti/CC3200SDK_1.5.0/cc3200-sdk/example/common/" --include_path="C:/ti/ccs1250/ccs/tools/compiler/ti-cgt-arm_20.2.7.LTS/include" --define=ccs --define=cc3200 -g --diag_warning=225 --diag_wrap=off --display_error_number --abi=eabi --preproc_with_compile --preproc_dependency="Adafruit_OLED.d_raw"  "../Adafruit_OLED.c"
"../Adafruit_OLED.c", line 58: warning #169-D: argument of type "unsigned char *" is incompatible with parameter of type "unsigned long *"
Finished building: "../Adafruit_OLED.c"
 
Building target: "spi_demo.out"
Invoking: Arm Linker
"C:/ti/ccs1250/ccs/tools/compiler/ti-cgt-arm_20.2.7.LTS/bin/armcl" -mv7M4 --code_state=16 --float_support=none -me -Ooff --define=ccs --define=cc3200 -g --diag_warning=225 --diag_wrap=off --display_error_number --abi=eabi -z -m"spi_demo.map" --heap_size=0x800 --stack_size=0x800 -i"C:/ti/ccs1250/ccs/tools/compiler/ti-cgt-arm_20.2.7.LTS/lib" -i"C:/ti/ccs1250/ccs/tools/compiler/ti-cgt-arm_20.2.7.LTS/include" --reread_libs --diag_wrap=off --display_error_number --warn_sections --xml_link_info="spi_demo_linkInfo.xml" --rom_model -o "spi_demo.out" "./Adafruit_GFX.obj" "./Adafruit_OLED.obj" "./main.obj" "./oled_test.obj" "./pin_mux_config.obj" "./startup_ccs.obj" "./uart_if.obj" "../cc3200v1p32.cmd"  -l"C:/ti/CC3200SDK_1.5.0/cc3200-sdk/driverlib/ccs/Release/driverlib.a" -llibc.a 
<Linking>
Finished building target: "spi_demo.out"
 
C:/ti/ccs1250/ccs/utils/tiobj2bin/tiobj2bin spi_demo.out spi_demo.bin C:/ti/ccs1250/ccs/tools/compiler/ti-cgt-arm_20.2.7.LTS/bin/armofd C:/ti/ccs1250/ccs/tools/compiler/ti-cgt-arm_20.2.7.LTS/bin/armhex C:/ti/ccs1250/ccs/utils/tiobj2bin/mkhex4bin
 

**** Build Finished ****

**** Build of configuration Debug for project spi_demo ****

"C:\\ti\\ccs1250\\ccs\\utils\\bin\\gmake" -k -j 12 all -O 
 
Building file: "../Adafruit_OLED.c"
Invoking: Arm Compiler
"C:/ti/ccs1250/ccs/tools/compiler/ti-cgt-arm_20.2.7.LTS/bin/armcl" -mv7M4 --code_state=16 --float_support=none -me -Ooff --include_path="C:/Users/Josh/Desktop/EEC 172/labs/lab2_part1/spi_demo" --include_path="C:/ti/CC3200SDK_1.5.0/cc3200-sdk/" --include_path="C:/ti/CC3200SDK_1.5.0/cc3200-sdk/driverlib/" --include_path="C:/ti/CC3200SDK_1.5.0/cc3200-sdk/inc/" --include_path="C:/ti/CC3200SDK_1.5.0/cc3200-sdk/example/common/" --include_path="C:/ti/ccs1250/ccs/tools/compiler/ti-cgt-arm_20.2.7.LTS/include" --define=ccs --define=cc3200 -g --diag_warning=225 --diag_wrap=off --display_error_number --abi=eabi --preproc_with_compile --preproc_dependency="Adafruit_OLED.d_raw"  "../Adafruit_OLED.c"
Finished building: "../Adafruit_OLED.c"
 
Building target: "spi_demo.out"
Invoking: Arm Linker
"C:/ti/ccs1250/ccs/tools/compiler/ti-cgt-arm_20.2.7.LTS/bin/armcl" -mv7M4 --code_state=16 --float_support=none -me -Ooff --define=ccs --define=cc3200 -g --diag_warning=225 --diag_wrap=off --display_error_number --abi=eabi -z -m"spi_demo.map" --heap_size=0x800 --stack_size=0x800 -i"C:/ti/ccs1250/ccs/tools/compiler/ti-cgt-arm_20.2.7.LTS/lib" -i"C:/ti/ccs1250/ccs/tools/compiler/ti-cgt-arm_20.2.7.LTS/include" --reread_libs --diag_wrap=off --display_error_number --warn_sections --xml_link_info="spi_demo_linkInfo.xml" --rom_model -o "spi_demo.out" "./Adafruit_GFX.obj" "./Adafruit_OLED.obj" "./main.obj" "./oled_test.obj" "./pin_mux_config.obj" "./startup_ccs.obj" "./uart_if.obj" "../cc3200v1p32.cmd"  -l"C:/ti/CC3200SDK_1.5.0/cc3200-sdk/driverlib/ccs/Release/driverlib.a" -llibc.a 
<Linking>
Finished building target: "spi_demo.out"
 
C:/ti/ccs1250/ccs/utils/tiobj2bin/tiobj2bin spi_demo.out spi_demo.bin C:/ti/ccs1250/ccs/tools/compiler/ti-cgt-arm_20.2.7.LTS/bin/armofd C:/ti/ccs1250/ccs/tools/compiler/ti-cgt-arm_20.2.7.LTS/bin/armhex C:/ti/ccs1250/ccs/utils/tiobj2bin/mkhex4bin
 

**** Build Finished ****

**** Build of configuration Debug for project spi_demo ****

"C:\\ti\\ccs1250\\ccs\\utils\\bin\\gmake" -k -j 12 all -O 
 
gmake[1]: 'spi_demo.out' is up to date.

**** Build Finished ****

**** Build of configuration Debug for project spi_demo ****

"C:\\ti\\ccs1250\\ccs\\utils\\bin\\gmake" -k -j 12 all -O 
 
Building file: "../main.c"
Invoking: Arm Compiler
"C:/ti/ccs1250/ccs/tools/compiler/ti-cgt-arm_20.2.7.LTS/bin/armcl" -mv7M4 --code_state=16 --float_support=none -me -Ooff --include_path="C:/Users/Josh/Desktop/EEC 172/labs/lab2_part1/spi_demo" --include_path="C:/ti/CC3200SDK_1.5.0/cc3200-sdk/" --include_path="C:/ti/CC3200SDK_1.5.0/cc3200-sdk/driverlib/" --include_path="C:/ti/CC3200SDK_1.5.0/cc3200-sdk/inc/" --include_path="C:/ti/CC3200SDK_1.5.0/cc3200-sdk/example/common/" --include_path="C:/ti/ccs1250/ccs/tools/compiler/ti-cgt-arm_20.2.7.LTS/include" --define=ccs --define=cc3200 -g --diag_warning=225 --diag_wrap=off --display_error_number --abi=eabi --preproc_with_compile --preproc_dependency="main.d_raw"  "../main.c"
"../main.c", line 475: warning #225-D: function "MAP_utilsDelay" declared implicitly
Finished building: "../main.c"
 
Building target: "spi_demo.out"
Invoking: Arm Linker
"C:/ti/ccs1250/ccs/tools/compiler/ti-cgt-arm_20.2.7.LTS/bin/armcl" -mv7M4 --code_state=16 --float_support=none -me -Ooff --define=ccs --define=cc3200 -g --diag_warning=225 --diag_wrap=off --display_error_number --abi=eabi -z -m"spi_demo.map" --heap_size=0x800 --stack_size=0x800 -i"C:/ti/ccs1250/ccs/tools/compiler/ti-cgt-arm_20.2.7.LTS/lib" -i"C:/ti/ccs1250/ccs/tools/compiler/ti-cgt-arm_20.2.7.LTS/include" --reread_libs --diag_wrap=off --display_error_number --warn_sections --xml_link_info="spi_demo_linkInfo.xml" --rom_model -o "spi_demo.out" "./Adafruit_GFX.obj" "./Adafruit_OLED.obj" "./main.obj" "./oled_test.obj" "./pin_mux_config.obj" "./startup_ccs.obj" "./uart_if.obj" "../cc3200v1p32.cmd"  -l"C:/ti/CC3200SDK_1.5.0/cc3200-sdk/driverlib/ccs/Release/driverlib.a" -llibc.a 
<Linking>
 
 undefined      first referenced
  symbol            in file     
 ---------      ----------------
 MAP_utilsDelay ./main.obj      
 
error #10234-D: unresolved symbols remain
error #10010: errors encountered during linking; "spi_demo.out" not built
 
>> Compilation failure
makefile:142: recipe for target 'spi_demo.out' failed
gmake[1]: *** [spi_demo.out] Error 1
makefile:138: recipe for target 'all' failed
gmake: *** [all] Error 2

**** Build Finished ****

**** Build of configuration Debug for project spi_demo ****

"C:\\ti\\ccs1250\\ccs\\utils\\bin\\gmake" -k -j 12 all -O 
 
Building file: "../main.c"
Invoking: Arm Compiler
"C:/ti/ccs1250/ccs/tools/compiler/ti-cgt-arm_20.2.7.LTS/bin/armcl" -mv7M4 --code_state=16 --float_support=none -me -Ooff --include_path="C:/Users/Josh/Desktop/EEC 172/labs/lab2_part1/spi_demo" --include_path="C:/ti/CC3200SDK_1.5.0/cc3200-sdk/" --include_path="C:/ti/CC3200SDK_1.5.0/cc3200-sdk/driverlib/" --include_path="C:/ti/CC3200SDK_1.5.0/cc3200-sdk/inc/" --include_path="C:/ti/CC3200SDK_1.5.0/cc3200-sdk/example/common/" --include_path="C:/ti/ccs1250/ccs/tools/compiler/ti-cgt-arm_20.2.7.LTS/include" --define=ccs --define=cc3200 -g --diag_warning=225 --diag_wrap=off --display_error_number --abi=eabi --preproc_with_compile --preproc_dependency="main.d_raw"  "../main.c"
Finished building: "../main.c"
 
Building target: "spi_demo.out"
Invoking: Arm Linker
"C:/ti/ccs1250/ccs/tools/compiler/ti-cgt-arm_20.2.7.LTS/bin/armcl" -mv7M4 --code_state=16 --float_support=none -me -Ooff --define=ccs --define=cc3200 -g --diag_warning=225 --diag_wrap=off --display_error_number --abi=eabi -z -m"spi_demo.map" --heap_size=0x800 --stack_size=0x800 -i"C:/ti/ccs1250/ccs/tools/compiler/ti-cgt-arm_20.2.7.LTS/lib" -i"C:/ti/ccs1250/ccs/tools/compiler/ti-cgt-arm_20.2.7.LTS/include" --reread_libs --diag_wrap=off --display_error_number --warn_sections --xml_link_info="spi_demo_linkInfo.xml" --rom_model -o "spi_demo.out" "./Adafruit_GFX.obj" "./Adafruit_OLED.obj" "./main.obj" "./oled_test.obj" "./pin_mux_config.obj" "./startup_ccs.obj" "./uart_if.obj" "../cc3200v1p32.cmd"  -l"C:/ti/CC3200SDK_1.5.0/cc3200-sdk/driverlib/ccs/Release/driverlib.a" -llibc.a 
<Linking>
Finished building target: "spi_demo.out"
 
C:/ti/ccs1250/ccs/utils/tiobj2bin/tiobj2bin spi_demo.out spi_demo.bin C:/ti/ccs1250/ccs/tools/compiler/ti-cgt-arm_20.2.7.LTS/bin/armofd C:/ti/ccs1250/ccs/tools/compiler/ti-cgt-arm_20.2.7.LTS/bin/armhex C:/ti/ccs1250/ccs/utils/tiobj2bin/mkhex4bin
 

**** Build Finished ****

**** Build of configuration Debug for project spi_demo ****

"C:\\ti\\ccs1250\\ccs\\utils\\bin\\gmake" -k -j 12 all -O 
 
Building file: "../Adafruit_OLED.c"
Invoking: Arm Compiler
"C:/ti/ccs1250/ccs/tools/compiler/ti-cgt-arm_20.2.7.LTS/bin/armcl" -mv7M4 --code_state=16 --float_support=none -me -Ooff --include_path="C:/Users/Josh/Desktop/EEC 172/labs/lab2_part1/spi_demo" --include_path="C:/ti/CC3200SDK_1.5.0/cc3200-sdk/" --include_path="C:/ti/CC3200SDK_1.5.0/cc3200-sdk/driverlib/" --include_path="C:/ti/CC3200SDK_1.5.0/cc3200-sdk/inc/" --include_path="C:/ti/CC3200SDK_1.5.0/cc3200-sdk/example/common/" --include_path="C:/ti/ccs1250/ccs/tools/compiler/ti-cgt-arm_20.2.7.LTS/include" --define=ccs --define=cc3200 -g --diag_warning=225 --diag_wrap=off --display_error_number --abi=eabi --preproc_with_compile --preproc_dependency="Adafruit_OLED.d_raw"  "../Adafruit_OLED.c"
Finished building: "../Adafruit_OLED.c"
 
Building target: "spi_demo.out"
Invoking: Arm Linker
"C:/ti/ccs1250/ccs/tools/compiler/ti-cgt-arm_20.2.7.LTS/bin/armcl" -mv7M4 --code_state=16 --float_support=none -me -Ooff --define=ccs --define=cc3200 -g --diag_warning=225 --diag_wrap=off --display_error_number --abi=eabi -z -m"spi_demo.map" --heap_size=0x800 --stack_size=0x800 -i"C:/ti/ccs1250/ccs/tools/compiler/ti-cgt-arm_20.2.7.LTS/lib" -i"C:/ti/ccs1250/ccs/tools/compiler/ti-cgt-arm_20.2.7.LTS/include" --reread_libs --diag_wrap=off --display_error_number --warn_sections --xml_link_info="spi_demo_linkInfo.xml" --rom_model -o "spi_demo.out" "./Adafruit_GFX.obj" "./Adafruit_OLED.obj" "./main.obj" "./oled_test.obj" "./pin_mux_config.obj" "./startup_ccs.obj" "./uart_if.obj" "../cc3200v1p32.cmd"  -l"C:/ti/CC3200SDK_1.5.0/cc3200-sdk/driverlib/ccs/Release/driverlib.a" -llibc.a 
<Linking>
Finished building target: "spi_demo.out"
 
C:/ti/ccs1250/ccs/utils/tiobj2bin/tiobj2bin spi_demo.out spi_demo.bin C:/ti/ccs1250/ccs/tools/compiler/ti-cgt-arm_20.2.7.LTS/bin/armofd C:/ti/ccs1250/ccs/tools/compiler/ti-cgt-arm_20.2.7.LTS/bin/armhex C:/ti/ccs1250/ccs/utils/tiobj2bin/mkhex4bin
 

**** Build Finished ****

**** Build of configuration Debug for project spi_demo ****

"C:\\ti\\ccs1250\\ccs\\utils\\bin\\gmake" -k -j 12 all -O 
 
Building file: "../main.c"
Invoking: Arm Compiler
"C:/ti/ccs1250/ccs/tools/compiler/ti-cgt-arm_20.2.7.LTS/bin/armcl" -mv7M4 --code_state=16 --float_support=none -me -Ooff --include_path="C:/Users/Josh/Desktop/EEC 172/labs/lab2_part1/spi_demo" --include_path="C:/ti/CC3200SDK_1.5.0/cc3200-sdk/" --include_path="C:/ti/CC3200SDK_1.5.0/cc3200-sdk/driverlib/" --include_path="C:/ti/CC3200SDK_1.5.0/cc3200-sdk/inc/" --include_path="C:/ti/CC3200SDK_1.5.0/cc3200-sdk/example/common/" --include_path="C:/ti/ccs1250/ccs/tools/compiler/ti-cgt-arm_20.2.7.LTS/include" --define=ccs --define=cc3200 -g --diag_warning=225 --diag_wrap=off --display_error_number --abi=eabi --preproc_with_compile --preproc_dependency="main.d_raw"  "../main.c"
Finished building: "../main.c"
 
Building file: "../Adafruit_OLED.c"
Invoking: Arm Compiler
"C:/ti/ccs1250/ccs/tools/compiler/ti-cgt-arm_20.2.7.LTS/bin/armcl" -mv7M4 --code_state=16 --float_support=none -me -Ooff --include_path="C:/Users/Josh/Desktop/EEC 172/labs/lab2_part1/spi_demo" --include_path="C:/ti/CC3200SDK_1.5.0/cc3200-sdk/" --include_path="C:/ti/CC3200SDK_1.5.0/cc3200-sdk/driverlib/" --include_path="C:/ti/CC3200SDK_1.5.0/cc3200-sdk/inc/" --include_path="C:/ti/CC3200SDK_1.5.0/cc3200-sdk/example/common/" --include_path="C:/ti/ccs1250/ccs/tools/compiler/ti-cgt-arm_20.2.7.LTS/include" --define=ccs --define=cc3200 -g --diag_warning=225 --diag_wrap=off --display_error_number --abi=eabi --preproc_with_compile --preproc_dependency="Adafruit_OLED.d_raw"  "../Adafruit_OLED.c"
Finished building: "../Adafruit_OLED.c"
 
Building file: "../pin_mux_config.c"
Invoking: Arm Compiler
"C:/ti/ccs1250/ccs/tools/compiler/ti-cgt-arm_20.2.7.LTS/bin/armcl" -mv7M4 --code_state=16 --float_support=none -me -Ooff --include_path="C:/Users/Josh/Desktop/EEC 172/labs/lab2_part1/spi_demo" --include_path="C:/ti/CC3200SDK_1.5.0/cc3200-sdk/" --include_path="C:/ti/CC3200SDK_1.5.0/cc3200-sdk/driverlib/" --include_path="C:/ti/CC3200SDK_1.5.0/cc3200-sdk/inc/" --include_path="C:/ti/CC3200SDK_1.5.0/cc3200-sdk/example/common/" --include_path="C:/ti/ccs1250/ccs/tools/compiler/ti-cgt-arm_20.2.7.LTS/include" --define=ccs --define=cc3200 -g --diag_warning=225 --diag_wrap=off --display_error_number --abi=eabi --preproc_with_compile --preproc_dependency="pin_mux_config.d_raw"  "../pin_mux_config.c"
Finished building: "../pin_mux_config.c"
 
Building target: "spi_demo.out"
Invoking: Arm Linker
"C:/ti/ccs1250/ccs/tools/compiler/ti-cgt-arm_20.2.7.LTS/bin/armcl" -mv7M4 --code_state=16 --float_support=none -me -Ooff --define=ccs --define=cc3200 -g --diag_warning=225 --diag_wrap=off --display_error_number --abi=eabi -z -m"spi_demo.map" --heap_size=0x800 --stack_size=0x800 -i"C:/ti/ccs1250/ccs/tools/compiler/ti-cgt-arm_20.2.7.LTS/lib" -i"C:/ti/ccs1250/ccs/tools/compiler/ti-cgt-arm_20.2.7.LTS/include" --reread_libs --diag_wrap=off --display_error_number --warn_sections --xml_link_info="spi_demo_linkInfo.xml" --rom_model -o "spi_demo.out" "./Adafruit_GFX.obj" "./Adafruit_OLED.obj" "./main.obj" "./oled_test.obj" "./pin_mux_config.obj" "./startup_ccs.obj" "./uart_if.obj" "../cc3200v1p32.cmd"  -l"C:/ti/CC3200SDK_1.5.0/cc3200-sdk/driverlib/ccs/Release/driverlib.a" -llibc.a 
<Linking>
Finished building target: "spi_demo.out"
 
C:/ti/ccs1250/ccs/utils/tiobj2bin/tiobj2bin spi_demo.out spi_demo.bin C:/ti/ccs1250/ccs/tools/compiler/ti-cgt-arm_20.2.7.LTS/bin/armofd C:/ti/ccs1250/ccs/tools/compiler/ti-cgt-arm_20.2.7.LTS/bin/armhex C:/ti/ccs1250/ccs/utils/tiobj2bin/mkhex4bin
 

**** Build Finished ****

**** Build of configuration Debug for project spi_demo ****

"C:\\ti\\ccs1250\\ccs\\utils\\bin\\gmake" -k -j 12 all -O 
 
Building file: "../main.c"
Invoking: Arm Compiler
"C:/ti/ccs1250/ccs/tools/compiler/ti-cgt-arm_20.2.7.LTS/bin/armcl" -mv7M4 --code_state=16 --float_support=none -me -Ooff --include_path="C:/Users/Josh/Desktop/EEC 172/labs/lab2_part1/spi_demo" --include_path="C:/ti/CC3200SDK_1.5.0/cc3200-sdk/" --include_path="C:/ti/CC3200SDK_1.5.0/cc3200-sdk/driverlib/" --include_path="C:/ti/CC3200SDK_1.5.0/cc3200-sdk/inc/" --include_path="C:/ti/CC3200SDK_1.5.0/cc3200-sdk/example/common/" --include_path="C:/ti/ccs1250/ccs/tools/compiler/ti-cgt-arm_20.2.7.LTS/include" --define=ccs --define=cc3200 -g --diag_warning=225 --diag_wrap=off --display_error_number --abi=eabi --preproc_with_compile --preproc_dependency="main.d_raw"  "../main.c"
Finished building: "../main.c"
 
Building target: "spi_demo.out"
Invoking: Arm Linker
"C:/ti/ccs1250/ccs/tools/compiler/ti-cgt-arm_20.2.7.LTS/bin/armcl" -mv7M4 --code_state=16 --float_support=none -me -Ooff --define=ccs --define=cc3200 -g --diag_warning=225 --diag_wrap=off --display_error_number --abi=eabi -z -m"spi_demo.map" --heap_size=0x800 --stack_size=0x800 -i"C:/ti/ccs1250/ccs/tools/compiler/ti-cgt-arm_20.2.7.LTS/lib" -i"C:/ti/ccs1250/ccs/tools/compiler/ti-cgt-arm_20.2.7.LTS/include" --reread_libs --diag_wrap=off --display_error_number --warn_sections --xml_link_info="spi_demo_linkInfo.xml" --rom_model -o "spi_demo.out" "./Adafruit_GFX.obj" "./Adafruit_OLED.obj" "./main.obj" "./oled_test.obj" "./pin_mux_config.obj" "./startup_ccs.obj" "./uart_if.obj" "../cc3200v1p32.cmd"  -l"C:/ti/CC3200SDK_1.5.0/cc3200-sdk/driverlib/ccs/Release/driverlib.a" -llibc.a 
<Linking>
Finished building target: "spi_demo.out"
 
C:/ti/ccs1250/ccs/utils/tiobj2bin/tiobj2bin spi_demo.out spi_demo.bin C:/ti/ccs1250/ccs/tools/compiler/ti-cgt-arm_20.2.7.LTS/bin/armofd C:/ti/ccs1250/ccs/tools/compiler/ti-cgt-arm_20.2.7.LTS/bin/armhex C:/ti/ccs1250/ccs/utils/tiobj2bin/mkhex4bin
 

**** Build Finished ****

**** Build of configuration Debug for project spi_demo ****

"C:\\ti\\ccs1250\\ccs\\utils\\bin\\gmake" -k -j 12 all -O 
 
Building file: "../Adafruit_OLED.c"
Invoking: Arm Compiler
"C:/ti/ccs1250/ccs/tools/compiler/ti-cgt-arm_20.2.7.LTS/bin/armcl" -mv7M4 --code_state=16 --float_support=none -me -Ooff --include_path="C:/Users/Josh/Desktop/EEC 172/labs/lab2_part1/spi_demo" --include_path="C:/ti/CC3200SDK_1.5.0/cc3200-sdk/" --include_path="C:/ti/CC3200SDK_1.5.0/cc3200-sdk/driverlib/" --include_path="C:/ti/CC3200SDK_1.5.0/cc3200-sdk/inc/" --include_path="C:/ti/CC3200SDK_1.5.0/cc3200-sdk/example/common/" --include_path="C:/ti/ccs1250/ccs/tools/compiler/ti-cgt-arm_20.2.7.LTS/include" --define=ccs --define=cc3200 -g --diag_warning=225 --diag_wrap=off --display_error_number --abi=eabi --preproc_with_compile --preproc_dependency="Adafruit_OLED.d_raw"  "../Adafruit_OLED.c"
Finished building: "../Adafruit_OLED.c"
 
Building target: "spi_demo.out"
Invoking: Arm Linker
"C:/ti/ccs1250/ccs/tools/compiler/ti-cgt-arm_20.2.7.LTS/bin/armcl" -mv7M4 --code_state=16 --float_support=none -me -Ooff --define=ccs --define=cc3200 -g --diag_warning=225 --diag_wrap=off --display_error_number --abi=eabi -z -m"spi_demo.map" --heap_size=0x800 --stack_size=0x800 -i"C:/ti/ccs1250/ccs/tools/compiler/ti-cgt-arm_20.2.7.LTS/lib" -i"C:/ti/ccs1250/ccs/tools/compiler/ti-cgt-arm_20.2.7.LTS/include" --reread_libs --diag_wrap=off --display_error_number --warn_sections --xml_link_info="spi_demo_linkInfo.xml" --rom_model -o "spi_demo.out" "./Adafruit_GFX.obj" "./Adafruit_OLED.obj" "./main.obj" "./oled_test.obj" "./pin_mux_config.obj" "./startup_ccs.obj" "./uart_if.obj" "../cc3200v1p32.cmd"  -l"C:/ti/CC3200SDK_1.5.0/cc3200-sdk/driverlib/ccs/Release/driverlib.a" -llibc.a 
<Linking>
Finished building target: "spi_demo.out"
 
C:/ti/ccs1250/ccs/utils/tiobj2bin/tiobj2bin spi_demo.out spi_demo.bin C:/ti/ccs1250/ccs/tools/compiler/ti-cgt-arm_20.2.7.LTS/bin/armofd C:/ti/ccs1250/ccs/tools/compiler/ti-cgt-arm_20.2.7.LTS/bin/armhex C:/ti/ccs1250/ccs/utils/tiobj2bin/mkhex4bin
 

**** Build Finished ****

**** Build of configuration Debug for project spi_demo ****

"C:\\ti\\ccs1250\\ccs\\utils\\bin\\gmake" -k -j 12 all -O 
 
Building file: "../main.c"
Invoking: Arm Compiler
"C:/ti/ccs1250/ccs/tools/compiler/ti-cgt-arm_20.2.7.LTS/bin/armcl" -mv7M4 --code_state=16 --float_support=none -me -Ooff --include_path="C:/Users/Josh/Desktop/EEC 172/labs/lab2_part1/spi_demo" --include_path="C:/ti/CC3200SDK_1.5.0/cc3200-sdk/" --include_path="C:/ti/CC3200SDK_1.5.0/cc3200-sdk/driverlib/" --include_path="C:/ti/CC3200SDK_1.5.0/cc3200-sdk/inc/" --include_path="C:/ti/CC3200SDK_1.5.0/cc3200-sdk/example/common/" --include_path="C:/ti/ccs1250/ccs/tools/compiler/ti-cgt-arm_20.2.7.LTS/include" --define=ccs --define=cc3200 -g --diag_warning=225 --diag_wrap=off --display_error_number --abi=eabi --preproc_with_compile --preproc_dependency="main.d_raw"  "../main.c"
"../main.c", line 213: warning #225-D: function "helloworld" declared implicitly
"../main.c", line 215: warning #225-D: function "alphabet" declared implicitly
"../main.c", line 217: warning #225-D: function "horizontallines" declared implicitly
"../main.c", line 219: warning #225-D: function "verticallines" declared implicitly
Finished building: "../main.c"
 
Building file: "../Adafruit_SSD1351.c"
Invoking: Arm Compiler
"C:/ti/ccs1250/ccs/tools/compiler/ti-cgt-arm_20.2.7.LTS/bin/armcl" -mv7M4 --code_state=16 --float_support=none -me -Ooff --include_path="C:/Users/Josh/Desktop/EEC 172/labs/lab2_part1/spi_demo" --include_path="C:/ti/CC3200SDK_1.5.0/cc3200-sdk/" --include_path="C:/ti/CC3200SDK_1.5.0/cc3200-sdk/driverlib/" --include_path="C:/ti/CC3200SDK_1.5.0/cc3200-sdk/inc/" --include_path="C:/ti/CC3200SDK_1.5.0/cc3200-sdk/example/common/" --include_path="C:/ti/ccs1250/ccs/tools/compiler/ti-cgt-arm_20.2.7.LTS/include" --define=ccs --define=cc3200 -g --diag_warning=225 --diag_wrap=off --display_error_number --abi=eabi --preproc_with_compile --preproc_dependency="Adafruit_SSD1351.d_raw"  "../Adafruit_SSD1351.c"
Finished building: "../Adafruit_SSD1351.c"
 
Building target: "spi_demo.out"
Invoking: Arm Linker
"C:/ti/ccs1250/ccs/tools/compiler/ti-cgt-arm_20.2.7.LTS/bin/armcl" -mv7M4 --code_state=16 --float_support=none -me -Ooff --define=ccs --define=cc3200 -g --diag_warning=225 --diag_wrap=off --display_error_number --abi=eabi -z -m"spi_demo.map" --heap_size=0x800 --stack_size=0x800 -i"C:/ti/ccs1250/ccs/tools/compiler/ti-cgt-arm_20.2.7.LTS/lib" -i"C:/ti/ccs1250/ccs/tools/compiler/ti-cgt-arm_20.2.7.LTS/include" --reread_libs --diag_wrap=off --display_error_number --warn_sections --xml_link_info="spi_demo_linkInfo.xml" --rom_model -o "spi_demo.out" "./Adafruit_GFX.obj" "./Adafruit_SSD1351.obj" "./main.obj" "./oled_test.obj" "./pin_mux_config.obj" "./startup_ccs.obj" "./uart_if.obj" "../cc3200v1p32.cmd"  -l"C:/ti/CC3200SDK_1.5.0/cc3200-sdk/driverlib/ccs/Release/driverlib.a" -llibc.a 
<Linking>
 
 undefined       first referenced
  symbol             in file     
 ---------       ----------------
 alphabet        ./main.obj      
 helloworld      ./main.obj      
 horizontallines ./main.obj      
 verticallines   ./main.obj      
 
error #10234-D: unresolved symbols remain
error #10010: errors encountered during linking; "spi_demo.out" not built
 
>> Compilation failure
makefile:142: recipe for target 'spi_demo.out' failed
gmake[1]: *** [spi_demo.out] Error 1
gmake: *** [all] Error 2
makefile:138: recipe for target 'all' failed

**** Build Finished ****

**** Build of configuration Debug for project spi_demo ****

"C:\\ti\\ccs1250\\ccs\\utils\\bin\\gmake" -k -j 12 all -O 
 
Building target: "spi_demo.out"
Invoking: Arm Linker
"C:/ti/ccs1250/ccs/tools/compiler/ti-cgt-arm_20.2.7.LTS/bin/armcl" -mv7M4 --code_state=16 --float_support=none -me -Ooff --define=ccs --define=cc3200 -g --diag_warning=225 --diag_wrap=off --display_error_number --abi=eabi -z -m"spi_demo.map" --heap_size=0x800 --stack_size=0x800 -i"C:/ti/ccs1250/ccs/tools/compiler/ti-cgt-arm_20.2.7.LTS/lib" -i"C:/ti/ccs1250/ccs/tools/compiler/ti-cgt-arm_20.2.7.LTS/include" --reread_libs --diag_wrap=off --display_error_number --warn_sections --xml_link_info="spi_demo_linkInfo.xml" --rom_model -o "spi_demo.out" "./Adafruit_GFX.obj" "./Adafruit_SSD1351.obj" "./main.obj" "./oled_test.obj" "./pin_mux_config.obj" "./startup_ccs.obj" "./uart_if.obj" "../cc3200v1p32.cmd"  -l"C:/ti/CC3200SDK_1.5.0/cc3200-sdk/driverlib/ccs/Release/driverlib.a" -llibc.a 
<Linking>
 
 undefined       first referenced
  symbol             in file     
 ---------       ----------------
 alphabet        ./main.obj      
 helloworld      ./main.obj      
 horizontallines ./main.obj      
 verticallines   ./main.obj      
 
error #10234-D: unresolved symbols remain
error #10010: errors encountered during linking; "spi_demo.out" not built
 
>> Compilation failure
makefile:142: recipe for target 'spi_demo.out' failed
gmake[1]: *** [spi_demo.out] Error 1
makefile:138: recipe for target 'all' failed
gmake: *** [all] Error 2

**** Build Finished ****

**** Build of configuration Debug for project spi_demo ****

"C:\\ti\\ccs1250\\ccs\\utils\\bin\\gmake" -k -j 12 all -O 
 
Building file: "../main.c"
Invoking: Arm Compiler
"C:/ti/ccs1250/ccs/tools/compiler/ti-cgt-arm_20.2.7.LTS/bin/armcl" -mv7M4 --code_state=16 --float_support=none -me -Ooff --include_path="C:/Users/Josh/Desktop/EEC 172/labs/lab2_part1/spi_demo" --include_path="C:/ti/CC3200SDK_1.5.0/cc3200-sdk/" --include_path="C:/ti/CC3200SDK_1.5.0/cc3200-sdk/driverlib/" --include_path="C:/ti/CC3200SDK_1.5.0/cc3200-sdk/inc/" --include_path="C:/ti/CC3200SDK_1.5.0/cc3200-sdk/example/common/" --include_path="C:/ti/ccs1250/ccs/tools/compiler/ti-cgt-arm_20.2.7.LTS/include" --define=ccs --define=cc3200 -g --diag_warning=225 --diag_wrap=off --display_error_number --abi=eabi --preproc_with_compile --preproc_dependency="main.d_raw"  "../main.c"
"../main.c", line 213: warning #225-D: function "helloworld" declared implicitly
"../main.c", line 215: warning #225-D: function "alphabet" declared implicitly
"../main.c", line 217: warning #225-D: function "horizontallines" declared implicitly
"../main.c", line 219: warning #225-D: function "verticallines" declared implicitly
Finished building: "../main.c"
 
Building file: "../Adafruit_SSD1351.c"
Invoking: Arm Compiler
"C:/ti/ccs1250/ccs/tools/compiler/ti-cgt-arm_20.2.7.LTS/bin/armcl" -mv7M4 --code_state=16 --float_support=none -me -Ooff --include_path="C:/Users/Josh/Desktop/EEC 172/labs/lab2_part1/spi_demo" --include_path="C:/ti/CC3200SDK_1.5.0/cc3200-sdk/" --include_path="C:/ti/CC3200SDK_1.5.0/cc3200-sdk/driverlib/" --include_path="C:/ti/CC3200SDK_1.5.0/cc3200-sdk/inc/" --include_path="C:/ti/CC3200SDK_1.5.0/cc3200-sdk/example/common/" --include_path="C:/ti/ccs1250/ccs/tools/compiler/ti-cgt-arm_20.2.7.LTS/include" --define=ccs --define=cc3200 -g --diag_warning=225 --diag_wrap=off --display_error_number --abi=eabi --preproc_with_compile --preproc_dependency="Adafruit_SSD1351.d_raw"  "../Adafruit_SSD1351.c"
Finished building: "../Adafruit_SSD1351.c"
 
Building file: "../oled_test.c"
Invoking: Arm Compiler
"C:/ti/ccs1250/ccs/tools/compiler/ti-cgt-arm_20.2.7.LTS/bin/armcl" -mv7M4 --code_state=16 --float_support=none -me -Ooff --include_path="C:/Users/Josh/Desktop/EEC 172/labs/lab2_part1/spi_demo" --include_path="C:/ti/CC3200SDK_1.5.0/cc3200-sdk/" --include_path="C:/ti/CC3200SDK_1.5.0/cc3200-sdk/driverlib/" --include_path="C:/ti/CC3200SDK_1.5.0/cc3200-sdk/inc/" --include_path="C:/ti/CC3200SDK_1.5.0/cc3200-sdk/example/common/" --include_path="C:/ti/ccs1250/ccs/tools/compiler/ti-cgt-arm_20.2.7.LTS/include" --define=ccs --define=cc3200 -g --diag_warning=225 --diag_wrap=off --display_error_number --abi=eabi --preproc_with_compile --preproc_dependency="oled_test.d_raw"  "../oled_test.c"
"../oled_test.c", line 19: warning #179-D: variable "p" was declared but never referenced
Finished building: "../oled_test.c"
 
Building target: "spi_demo.out"
Invoking: Arm Linker
"C:/ti/ccs1250/ccs/tools/compiler/ti-cgt-arm_20.2.7.LTS/bin/armcl" -mv7M4 --code_state=16 --float_support=none -me -Ooff --define=ccs --define=cc3200 -g --diag_warning=225 --diag_wrap=off --display_error_number --abi=eabi -z -m"spi_demo.map" --heap_size=0x800 --stack_size=0x800 -i"C:/ti/ccs1250/ccs/tools/compiler/ti-cgt-arm_20.2.7.LTS/lib" -i"C:/ti/ccs1250/ccs/tools/compiler/ti-cgt-arm_20.2.7.LTS/include" --reread_libs --diag_wrap=off --display_error_number --warn_sections --xml_link_info="spi_demo_linkInfo.xml" --rom_model -o "spi_demo.out" "./Adafruit_GFX.obj" "./Adafruit_SSD1351.obj" "./main.obj" "./oled_test.obj" "./pin_mux_config.obj" "./startup_ccs.obj" "./uart_if.obj" "../cc3200v1p32.cmd"  -l"C:/ti/CC3200SDK_1.5.0/cc3200-sdk/driverlib/ccs/Release/driverlib.a" -llibc.a 
<Linking>
Finished building target: "spi_demo.out"
 
C:/ti/ccs1250/ccs/utils/tiobj2bin/tiobj2bin spi_demo.out spi_demo.bin C:/ti/ccs1250/ccs/tools/compiler/ti-cgt-arm_20.2.7.LTS/bin/armofd C:/ti/ccs1250/ccs/tools/compiler/ti-cgt-arm_20.2.7.LTS/bin/armhex C:/ti/ccs1250/ccs/utils/tiobj2bin/mkhex4bin
 

**** Build Finished ****

**** Build of configuration Debug for project spi_demo ****

"C:\\ti\\ccs1250\\ccs\\utils\\bin\\gmake" -k -j 12 all -O 
 
Building file: "../main.c"
Invoking: Arm Compiler
"C:/ti/ccs1250/ccs/tools/compiler/ti-cgt-arm_20.2.7.LTS/bin/armcl" -mv7M4 --code_state=16 --float_support=none -me -Ooff --include_path="C:/Users/Josh/Desktop/EEC 172/labs/lab2_part1/spi_demo" --include_path="C:/ti/CC3200SDK_1.5.0/cc3200-sdk/" --include_path="C:/ti/CC3200SDK_1.5.0/cc3200-sdk/driverlib/" --include_path="C:/ti/CC3200SDK_1.5.0/cc3200-sdk/inc/" --include_path="C:/ti/CC3200SDK_1.5.0/cc3200-sdk/example/common/" --include_path="C:/ti/ccs1250/ccs/tools/compiler/ti-cgt-arm_20.2.7.LTS/include" --define=ccs --define=cc3200 -g --diag_warning=225 --diag_wrap=off --display_error_number --abi=eabi --preproc_with_compile --preproc_dependency="main.d_raw"  "../main.c"
Finished building: "../main.c"
 
Building file: "../oled_test.c"
Invoking: Arm Compiler
"C:/ti/ccs1250/ccs/tools/compiler/ti-cgt-arm_20.2.7.LTS/bin/armcl" -mv7M4 --code_state=16 --float_support=none -me -Ooff --include_path="C:/Users/Josh/Desktop/EEC 172/labs/lab2_part1/spi_demo" --include_path="C:/ti/CC3200SDK_1.5.0/cc3200-sdk/" --include_path="C:/ti/CC3200SDK_1.5.0/cc3200-sdk/driverlib/" --include_path="C:/ti/CC3200SDK_1.5.0/cc3200-sdk/inc/" --include_path="C:/ti/CC3200SDK_1.5.0/cc3200-sdk/example/common/" --include_path="C:/ti/ccs1250/ccs/tools/compiler/ti-cgt-arm_20.2.7.LTS/include" --define=ccs --define=cc3200 -g --diag_warning=225 --diag_wrap=off --display_error_number --abi=eabi --preproc_with_compile --preproc_dependency="oled_test.d_raw"  "../oled_test.c"
"../oled_test.c", line 19: warning #179-D: variable "p" was declared but never referenced
Finished building: "../oled_test.c"
 
Building target: "spi_demo.out"
Invoking: Arm Linker
"C:/ti/ccs1250/ccs/tools/compiler/ti-cgt-arm_20.2.7.LTS/bin/armcl" -mv7M4 --code_state=16 --float_support=none -me -Ooff --define=ccs --define=cc3200 -g --diag_warning=225 --diag_wrap=off --display_error_number --abi=eabi -z -m"spi_demo.map" --heap_size=0x800 --stack_size=0x800 -i"C:/ti/ccs1250/ccs/tools/compiler/ti-cgt-arm_20.2.7.LTS/lib" -i"C:/ti/ccs1250/ccs/tools/compiler/ti-cgt-arm_20.2.7.LTS/include" --reread_libs --diag_wrap=off --display_error_number --warn_sections --xml_link_info="spi_demo_linkInfo.xml" --rom_model -o "spi_demo.out" "./Adafruit_GFX.obj" "./Adafruit_SSD1351.obj" "./main.obj" "./oled_test.obj" "./pin_mux_config.obj" "./startup_ccs.obj" "./uart_if.obj" "../cc3200v1p32.cmd"  -l"C:/ti/CC3200SDK_1.5.0/cc3200-sdk/driverlib/ccs/Release/driverlib.a" -llibc.a 
<Linking>
Finished building target: "spi_demo.out"
 
C:/ti/ccs1250/ccs/utils/tiobj2bin/tiobj2bin spi_demo.out spi_demo.bin C:/ti/ccs1250/ccs/tools/compiler/ti-cgt-arm_20.2.7.LTS/bin/armofd C:/ti/ccs1250/ccs/tools/compiler/ti-cgt-arm_20.2.7.LTS/bin/armhex C:/ti/ccs1250/ccs/utils/tiobj2bin/mkhex4bin
 

**** Build Finished ****

**** Build of configuration Debug for project spi_demo ****

"C:\\ti\\ccs1250\\ccs\\utils\\bin\\gmake" -k -j 12 all -O 
 
gmake[1]: 'spi_demo.out' is up to date.

**** Build Finished ****

**** Build of configuration Debug for project spi_demo ****

"C:\\ti\\ccs1250\\ccs\\utils\\bin\\gmake" -k -j 12 all -O 
 
gmake[1]: 'spi_demo.out' is up to date.

**** Build Finished ****

**** Build of configuration Debug for project spi_demo ****

"C:\\ti\\ccs1250\\ccs\\utils\\bin\\gmake" -k -j 12 all -O 
 
Building file: "../oled_test.c"
Invoking: Arm Compiler
"C:/ti/ccs1250/ccs/tools/compiler/ti-cgt-arm_20.2.7.LTS/bin/armcl" -mv7M4 --code_state=16 --float_support=none -me -Ooff --include_path="C:/Users/Josh/Desktop/EEC 172/labs/lab2_part1/spi_demo" --include_path="C:/ti/CC3200SDK_1.5.0/cc3200-sdk/" --include_path="C:/ti/CC3200SDK_1.5.0/cc3200-sdk/driverlib/" --include_path="C:/ti/CC3200SDK_1.5.0/cc3200-sdk/inc/" --include_path="C:/ti/CC3200SDK_1.5.0/cc3200-sdk/example/common/" --include_path="C:/ti/ccs1250/ccs/tools/compiler/ti-cgt-arm_20.2.7.LTS/include" --define=ccs --define=cc3200 -g --diag_warning=225 --diag_wrap=off --display_error_number --abi=eabi --preproc_with_compile --preproc_dependency="oled_test.d_raw"  "../oled_test.c"
"../oled_test.c", line 19: warning #179-D: variable "p" was declared but never referenced
Finished building: "../oled_test.c"
 
Building target: "spi_demo.out"
Invoking: Arm Linker
"C:/ti/ccs1250/ccs/tools/compiler/ti-cgt-arm_20.2.7.LTS/bin/armcl" -mv7M4 --code_state=16 --float_support=none -me -Ooff --define=ccs --define=cc3200 -g --diag_warning=225 --diag_wrap=off --display_error_number --abi=eabi -z -m"spi_demo.map" --heap_size=0x800 --stack_size=0x800 -i"C:/ti/ccs1250/ccs/tools/compiler/ti-cgt-arm_20.2.7.LTS/lib" -i"C:/ti/ccs1250/ccs/tools/compiler/ti-cgt-arm_20.2.7.LTS/include" --reread_libs --diag_wrap=off --display_error_number --warn_sections --xml_link_info="spi_demo_linkInfo.xml" --rom_model -o "spi_demo.out" "./Adafruit_GFX.obj" "./Adafruit_SSD1351.obj" "./main.obj" "./oled_test.obj" "./pin_mux_config.obj" "./startup_ccs.obj" "./uart_if.obj" "../cc3200v1p32.cmd"  -l"C:/ti/CC3200SDK_1.5.0/cc3200-sdk/driverlib/ccs/Release/driverlib.a" -llibc.a 
<Linking>
Finished building target: "spi_demo.out"
 
C:/ti/ccs1250/ccs/utils/tiobj2bin/tiobj2bin spi_demo.out spi_demo.bin C:/ti/ccs1250/ccs/tools/compiler/ti-cgt-arm_20.2.7.LTS/bin/armofd C:/ti/ccs1250/ccs/tools/compiler/ti-cgt-arm_20.2.7.LTS/bin/armhex C:/ti/ccs1250/ccs/utils/tiobj2bin/mkhex4bin
 

**** Build Finished ****

**** Build of configuration Debug for project spi_demo ****

"C:\\ti\\ccs1250\\ccs\\utils\\bin\\gmake" -k -j 12 all -O 
 
Building file: "../main.c"
Invoking: Arm Compiler
"C:/ti/ccs1250/ccs/tools/compiler/ti-cgt-arm_20.2.7.LTS/bin/armcl" -mv7M4 --code_state=16 --float_support=none -me -Ooff --include_path="C:/Users/Josh/Desktop/EEC 172/labs/lab2_part1/spi_demo" --include_path="C:/ti/CC3200SDK_1.5.0/cc3200-sdk/" --include_path="C:/ti/CC3200SDK_1.5.0/cc3200-sdk/driverlib/" --include_path="C:/ti/CC3200SDK_1.5.0/cc3200-sdk/inc/" --include_path="C:/ti/CC3200SDK_1.5.0/cc3200-sdk/example/common/" --include_path="C:/ti/ccs1250/ccs/tools/compiler/ti-cgt-arm_20.2.7.LTS/include" --define=ccs --define=cc3200 -g --diag_warning=225 --diag_wrap=off --display_error_number --abi=eabi --preproc_with_compile --preproc_dependency="main.d_raw"  "../main.c"
 
>> Compilation failure
subdir_rules.mk:9: recipe for target 'main.obj' failed
"../main.c", line 212: warning #176-D: expression has no effect
"../main.c", line 212: warning #176-D: expression has no effect
"../main.c", line 212: warning #176-D: expression has no effect
"../main.c", line 212: warning #176-D: expression has no effect
"../main.c", line 212: error #31: expression must have integral type
"../main.c", line 213: warning #176-D: expression has no effect
"../main.c", line 213: warning #176-D: expression has no effect
"../main.c", line 213: warning #176-D: expression has no effect
"../main.c", line 213: warning #176-D: expression has no effect
"../main.c", line 213: error #31: expression must have integral type
"../main.c", line 214: warning #176-D: expression has no effect
"../main.c", line 214: warning #176-D: expression has no effect
"../main.c", line 214: warning #176-D: expression has no effect
"../main.c", line 214: warning #176-D: expression has no effect
"../main.c", line 214: error #31: expression must have integral type
"../main.c", line 220: error #20: identifier "current_dialogue_position" is undefined
"../main.c", line 225: error #20: identifier "destination" is undefined
"../main.c", line 230: error #20: identifier "destination" is undefined
"../main.c", line 210: warning #179-D: variable "curren_dialogue_position" was declared but never referenced
"../main.c", line 215: warning #179-D: variable "destinations" was declared but never referenced
6 errors detected in the compilation of "../main.c".
gmake: *** [main.obj] Error 1
Building file: "../pin_mux_config.c"
Invoking: Arm Compiler
"C:/ti/ccs1250/ccs/tools/compiler/ti-cgt-arm_20.2.7.LTS/bin/armcl" -mv7M4 --code_state=16 --float_support=none -me -Ooff --include_path="C:/Users/Josh/Desktop/EEC 172/labs/lab2_part1/spi_demo" --include_path="C:/ti/CC3200SDK_1.5.0/cc3200-sdk/" --include_path="C:/ti/CC3200SDK_1.5.0/cc3200-sdk/driverlib/" --include_path="C:/ti/CC3200SDK_1.5.0/cc3200-sdk/inc/" --include_path="C:/ti/CC3200SDK_1.5.0/cc3200-sdk/example/common/" --include_path="C:/ti/ccs1250/ccs/tools/compiler/ti-cgt-arm_20.2.7.LTS/include" --define=ccs --define=cc3200 -g --diag_warning=225 --diag_wrap=off --display_error_number --abi=eabi --preproc_with_compile --preproc_dependency="pin_mux_config.d_raw"  "../pin_mux_config.c"
Finished building: "../pin_mux_config.c"
 
Building file: "../Adafruit_SSD1351.c"
Invoking: Arm Compiler
"C:/ti/ccs1250/ccs/tools/compiler/ti-cgt-arm_20.2.7.LTS/bin/armcl" -mv7M4 --code_state=16 --float_support=none -me -Ooff --include_path="C:/Users/Josh/Desktop/EEC 172/labs/lab2_part1/spi_demo" --include_path="C:/ti/CC3200SDK_1.5.0/cc3200-sdk/" --include_path="C:/ti/CC3200SDK_1.5.0/cc3200-sdk/driverlib/" --include_path="C:/ti/CC3200SDK_1.5.0/cc3200-sdk/inc/" --include_path="C:/ti/CC3200SDK_1.5.0/cc3200-sdk/example/common/" --include_path="C:/ti/ccs1250/ccs/tools/compiler/ti-cgt-arm_20.2.7.LTS/include" --define=ccs --define=cc3200 -g --diag_warning=225 --diag_wrap=off --display_error_number --abi=eabi --preproc_with_compile --preproc_dependency="Adafruit_SSD1351.d_raw"  "../Adafruit_SSD1351.c"
Finished building: "../Adafruit_SSD1351.c"
 
Building file: "../oled_test.c"
Invoking: Arm Compiler
"C:/ti/ccs1250/ccs/tools/compiler/ti-cgt-arm_20.2.7.LTS/bin/armcl" -mv7M4 --code_state=16 --float_support=none -me -Ooff --include_path="C:/Users/Josh/Desktop/EEC 172/labs/lab2_part1/spi_demo" --include_path="C:/ti/CC3200SDK_1.5.0/cc3200-sdk/" --include_path="C:/ti/CC3200SDK_1.5.0/cc3200-sdk/driverlib/" --include_path="C:/ti/CC3200SDK_1.5.0/cc3200-sdk/inc/" --include_path="C:/ti/CC3200SDK_1.5.0/cc3200-sdk/example/common/" --include_path="C:/ti/ccs1250/ccs/tools/compiler/ti-cgt-arm_20.2.7.LTS/include" --define=ccs --define=cc3200 -g --diag_warning=225 --diag_wrap=off --display_error_number --abi=eabi --preproc_with_compile --preproc_dependency="oled_test.d_raw"  "../oled_test.c"
"../oled_test.c", line 19: warning #179-D: variable "p" was declared but never referenced
Finished building: "../oled_test.c"
 
gmake: Target 'all' not remade because of errors.

**** Build Finished ****

**** Build of configuration Debug for project spi_demo ****

"C:\\ti\\ccs1250\\ccs\\utils\\bin\\gmake" -k -j 12 all -O 
 
Building file: "../main.c"
Invoking: Arm Compiler
"C:/ti/ccs1250/ccs/tools/compiler/ti-cgt-arm_20.2.7.LTS/bin/armcl" -mv7M4 --code_state=16 --float_support=none -me -Ooff --include_path="C:/Users/Josh/Desktop/EEC 172/labs/lab2_part1/spi_demo" --include_path="C:/ti/CC3200SDK_1.5.0/cc3200-sdk/" --include_path="C:/ti/CC3200SDK_1.5.0/cc3200-sdk/driverlib/" --include_path="C:/ti/CC3200SDK_1.5.0/cc3200-sdk/inc/" --include_path="C:/ti/CC3200SDK_1.5.0/cc3200-sdk/example/common/" --include_path="C:/ti/ccs1250/ccs/tools/compiler/ti-cgt-arm_20.2.7.LTS/include" --define=ccs --define=cc3200 -g --diag_warning=225 --diag_wrap=off --display_error_number --abi=eabi --preproc_with_compile --preproc_dependency="main.d_raw"  "../main.c"
 
>> Compilation failure
subdir_rules.mk:9: recipe for target 'main.obj' failed
"../main.c", line 212: warning #176-D: expression has no effect
"../main.c", line 212: warning #176-D: expression has no effect
"../main.c", line 212: warning #176-D: expression has no effect
"../main.c", line 212: warning #176-D: expression has no effect
"../main.c", line 212: error #31: expression must have integral type
"../main.c", line 213: warning #176-D: expression has no effect
"../main.c", line 213: warning #176-D: expression has no effect
"../main.c", line 213: warning #176-D: expression has no effect
"../main.c", line 213: warning #176-D: expression has no effect
"../main.c", line 213: error #31: expression must have integral type
"../main.c", line 214: warning #176-D: expression has no effect
"../main.c", line 214: warning #176-D: expression has no effect
"../main.c", line 214: warning #176-D: expression has no effect
"../main.c", line 214: warning #176-D: expression has no effect
"../main.c", line 214: error #31: expression must have integral type
"../main.c", line 225: error #20: identifier "destination" is undefined
"../main.c", line 230: error #20: identifier "destination" is undefined
"../main.c", line 215: warning #179-D: variable "destinations" was declared but never referenced
5 errors detected in the compilation of "../main.c".
gmake: *** [main.obj] Error 1
gmake: Target 'all' not remade because of errors.

**** Build Finished ****

**** Build of configuration Debug for project spi_demo ****

"C:\\ti\\ccs1250\\ccs\\utils\\bin\\gmake" -k -j 12 all -O 
 
Building file: "../main.c"
Invoking: Arm Compiler
"C:/ti/ccs1250/ccs/tools/compiler/ti-cgt-arm_20.2.7.LTS/bin/armcl" -mv7M4 --code_state=16 --float_support=none -me -Ooff --include_path="C:/Users/Josh/Desktop/EEC 172/labs/lab2_part1/spi_demo" --include_path="C:/ti/CC3200SDK_1.5.0/cc3200-sdk/" --include_path="C:/ti/CC3200SDK_1.5.0/cc3200-sdk/driverlib/" --include_path="C:/ti/CC3200SDK_1.5.0/cc3200-sdk/inc/" --include_path="C:/ti/CC3200SDK_1.5.0/cc3200-sdk/example/common/" --include_path="C:/ti/ccs1250/ccs/tools/compiler/ti-cgt-arm_20.2.7.LTS/include" --define=ccs --define=cc3200 -g --diag_warning=225 --diag_wrap=off --display_error_number --abi=eabi --preproc_with_compile --preproc_dependency="main.d_raw"  "../main.c"
 
>> Compilation failure
subdir_rules.mk:9: recipe for target 'main.obj' failed
"../main.c", line 212: warning #176-D: expression has no effect
"../main.c", line 212: warning #176-D: expression has no effect
"../main.c", line 212: warning #176-D: expression has no effect
"../main.c", line 212: warning #176-D: expression has no effect
"../main.c", line 212: error #31: expression must have integral type
"../main.c", line 213: warning #176-D: expression has no effect
"../main.c", line 213: warning #176-D: expression has no effect
"../main.c", line 213: warning #176-D: expression has no effect
"../main.c", line 213: warning #176-D: expression has no effect
"../main.c", line 213: error #31: expression must have integral type
"../main.c", line 214: warning #176-D: expression has no effect
"../main.c", line 214: warning #176-D: expression has no effect
"../main.c", line 214: warning #176-D: expression has no effect
"../main.c", line 214: warning #176-D: expression has no effect
"../main.c", line 214: error #31: expression must have integral type
3 errors detected in the compilation of "../main.c".
gmake: *** [main.obj] Error 1
gmake: Target 'all' not remade because of errors.

**** Build Finished ****

**** Build of configuration Debug for project spi_demo ****

"C:\\ti\\ccs1250\\ccs\\utils\\bin\\gmake" -k -j 12 all -O 
 
Building file: "../main.c"
Invoking: Arm Compiler
"C:/ti/ccs1250/ccs/tools/compiler/ti-cgt-arm_20.2.7.LTS/bin/armcl" -mv7M4 --code_state=16 --float_support=none -me -Ooff --include_path="C:/Users/Josh/Desktop/EEC 172/labs/lab2_part1/spi_demo" --include_path="C:/ti/CC3200SDK_1.5.0/cc3200-sdk/" --include_path="C:/ti/CC3200SDK_1.5.0/cc3200-sdk/driverlib/" --include_path="C:/ti/CC3200SDK_1.5.0/cc3200-sdk/inc/" --include_path="C:/ti/CC3200SDK_1.5.0/cc3200-sdk/example/common/" --include_path="C:/ti/ccs1250/ccs/tools/compiler/ti-cgt-arm_20.2.7.LTS/include" --define=ccs --define=cc3200 -g --diag_warning=225 --diag_wrap=off --display_error_number --abi=eabi --preproc_with_compile --preproc_dependency="main.d_raw"  "../main.c"
"../main.c", line 239: warning #169-D: argument of type "const char *" is incompatible with parameter of type "char *"
"../main.c", line 239: warning #169-D: argument of type "const char *" is incompatible with parameter of type "char *"
"../main.c", line 239: warning #169-D: argument of type "const char *" is incompatible with parameter of type "char *"
Finished building: "../main.c"
 
Building target: "spi_demo.out"
Invoking: Arm Linker
"C:/ti/ccs1250/ccs/tools/compiler/ti-cgt-arm_20.2.7.LTS/bin/armcl" -mv7M4 --code_state=16 --float_support=none -me -Ooff --define=ccs --define=cc3200 -g --diag_warning=225 --diag_wrap=off --display_error_number --abi=eabi -z -m"spi_demo.map" --heap_size=0x800 --stack_size=0x800 -i"C:/ti/ccs1250/ccs/tools/compiler/ti-cgt-arm_20.2.7.LTS/lib" -i"C:/ti/ccs1250/ccs/tools/compiler/ti-cgt-arm_20.2.7.LTS/include" --reread_libs --diag_wrap=off --display_error_number --warn_sections --xml_link_info="spi_demo_linkInfo.xml" --rom_model -o "spi_demo.out" "./Adafruit_GFX.obj" "./Adafruit_SSD1351.obj" "./main.obj" "./oled_test.obj" "./pin_mux_config.obj" "./startup_ccs.obj" "./uart_if.obj" "../cc3200v1p32.cmd"  -l"C:/ti/CC3200SDK_1.5.0/cc3200-sdk/driverlib/ccs/Release/driverlib.a" -llibc.a 
<Linking>
Finished building target: "spi_demo.out"
 
C:/ti/ccs1250/ccs/utils/tiobj2bin/tiobj2bin spi_demo.out spi_demo.bin C:/ti/ccs1250/ccs/tools/compiler/ti-cgt-arm_20.2.7.LTS/bin/armofd C:/ti/ccs1250/ccs/tools/compiler/ti-cgt-arm_20.2.7.LTS/bin/armhex C:/ti/ccs1250/ccs/utils/tiobj2bin/mkhex4bin
 

**** Build Finished ****

**** Build of configuration Debug for project spi_demo ****

"C:\\ti\\ccs1250\\ccs\\utils\\bin\\gmake" -k -j 12 all -O 
 
gmake[1]: 'spi_demo.out' is up to date.

**** Build Finished ****

**** Build of configuration Debug for project spi_demo ****

"C:\\ti\\ccs1250\\ccs\\utils\\bin\\gmake" -k -j 12 all -O 
 
Building file: "../oled_test.c"
Invoking: Arm Compiler
"C:/ti/ccs1250/ccs/tools/compiler/ti-cgt-arm_20.2.7.LTS/bin/armcl" -mv7M4 --code_state=16 --float_support=none -me -Ooff --include_path="C:/Users/Josh/Desktop/EEC 172/labs/lab2_part1/spi_demo" --include_path="C:/ti/CC3200SDK_1.5.0/cc3200-sdk/" --include_path="C:/ti/CC3200SDK_1.5.0/cc3200-sdk/driverlib/" --include_path="C:/ti/CC3200SDK_1.5.0/cc3200-sdk/inc/" --include_path="C:/ti/CC3200SDK_1.5.0/cc3200-sdk/example/common/" --include_path="C:/ti/ccs1250/ccs/tools/compiler/ti-cgt-arm_20.2.7.LTS/include" --define=ccs --define=cc3200 -g --diag_warning=225 --diag_wrap=off --display_error_number --abi=eabi --preproc_with_compile --preproc_dependency="oled_test.d_raw"  "../oled_test.c"
 
>> Compilation failure
subdir_rules.mk:9: recipe for target 'oled_test.obj' failed
"../oled_test.c", line 311: error #29: expected an expression
"../oled_test.c", line 311: error #20: identifier "y" is undefined
"../oled_test.c", line 312: error #29: expected an expression
"../oled_test.c", line 312: error #20: identifier "x" is undefined
"../oled_test.c", line 19: warning #179-D: variable "p" was declared but never referenced
4 errors detected in the compilation of "../oled_test.c".
gmake: *** [oled_test.obj] Error 1
Building file: "../main.c"
Invoking: Arm Compiler
"C:/ti/ccs1250/ccs/tools/compiler/ti-cgt-arm_20.2.7.LTS/bin/armcl" -mv7M4 --code_state=16 --float_support=none -me -Ooff --include_path="C:/Users/Josh/Desktop/EEC 172/labs/lab2_part1/spi_demo" --include_path="C:/ti/CC3200SDK_1.5.0/cc3200-sdk/" --include_path="C:/ti/CC3200SDK_1.5.0/cc3200-sdk/driverlib/" --include_path="C:/ti/CC3200SDK_1.5.0/cc3200-sdk/inc/" --include_path="C:/ti/CC3200SDK_1.5.0/cc3200-sdk/example/common/" --include_path="C:/ti/ccs1250/ccs/tools/compiler/ti-cgt-arm_20.2.7.LTS/include" --define=ccs --define=cc3200 -g --diag_warning=225 --diag_wrap=off --display_error_number --abi=eabi --preproc_with_compile --preproc_dependency="main.d_raw"  "../main.c"
 
>> Compilation failure
subdir_rules.mk:9: recipe for target 'main.obj' failed
"../main.c", line 279: warning #225-D: function "drawPixelArt" declared implicitly
"../main.c", line 285: error #29: expected an expression
"../main.c", line 287: error #66: expected a ";"
"../main.c", line 289: warning #225-D: function "drawPixelArt" declared implicitly
"../main.c", line 295: error #29: expected an expression
"../main.c", line 297: error #66: expected a ";"
"../main.c", line 299: warning #225-D: function "drawPixelArt" declared implicitly
"../main.c", line 305: error #29: expected an expression
"../main.c", line 307: error #66: expected a ";"
"../main.c", line 309: warning #225-D: function "drawPixelArt" declared implicitly
"../main.c", line 315: error #29: expected an expression
"../main.c", line 317: error #66: expected a ";"
"../main.c", line 318: warning #169-D: argument of type "const char *" is incompatible with parameter of type "char *"
"../main.c", line 318: warning #169-D: argument of type "const char *" is incompatible with parameter of type "char *"
"../main.c", line 318: warning #169-D: argument of type "const char *" is incompatible with parameter of type "char *"
8 errors detected in the compilation of "../main.c".
gmake: *** [main.obj] Error 1
gmake: Target 'all' not remade because of errors.

**** Build Finished ****

**** Build of configuration Debug for project spi_demo ****

"C:\\ti\\ccs1250\\ccs\\utils\\bin\\gmake" -k -j 12 all -O 
 
Building file: "../main.c"
Invoking: Arm Compiler
"C:/ti/ccs1250/ccs/tools/compiler/ti-cgt-arm_20.2.7.LTS/bin/armcl" -mv7M4 --code_state=16 --float_support=none -me -Ooff --include_path="C:/Users/Josh/Desktop/EEC 172/labs/lab2_part1/spi_demo" --include_path="C:/ti/CC3200SDK_1.5.0/cc3200-sdk/" --include_path="C:/ti/CC3200SDK_1.5.0/cc3200-sdk/driverlib/" --include_path="C:/ti/CC3200SDK_1.5.0/cc3200-sdk/inc/" --include_path="C:/ti/CC3200SDK_1.5.0/cc3200-sdk/example/common/" --include_path="C:/ti/ccs1250/ccs/tools/compiler/ti-cgt-arm_20.2.7.LTS/include" --define=ccs --define=cc3200 -g --diag_warning=225 --diag_wrap=off --display_error_number --abi=eabi --preproc_with_compile --preproc_dependency="main.d_raw"  "../main.c"
 
>> Compilation failure
subdir_rules.mk:9: recipe for target 'main.obj' failed
"../main.c", line 279: warning #225-D: function "drawPixelArt" declared implicitly
"../main.c", line 285: error #29: expected an expression
"../main.c", line 289: warning #225-D: function "drawPixelArt" declared implicitly
"../main.c", line 295: error #29: expected an expression
"../main.c", line 299: warning #225-D: function "drawPixelArt" declared implicitly
"../main.c", line 305: error #29: expected an expression
"../main.c", line 309: warning #225-D: function "drawPixelArt" declared implicitly
"../main.c", line 315: error #29: expected an expression
"../main.c", line 318: warning #169-D: argument of type "const char *" is incompatible with parameter of type "char *"
"../main.c", line 318: warning #169-D: argument of type "const char *" is incompatible with parameter of type "char *"
"../main.c", line 318: warning #169-D: argument of type "const char *" is incompatible with parameter of type "char *"
4 errors detected in the compilation of "../main.c".
gmake: *** [main.obj] Error 1
Building file: "../oled_test.c"
Invoking: Arm Compiler
"C:/ti/ccs1250/ccs/tools/compiler/ti-cgt-arm_20.2.7.LTS/bin/armcl" -mv7M4 --code_state=16 --float_support=none -me -Ooff --include_path="C:/Users/Josh/Desktop/EEC 172/labs/lab2_part1/spi_demo" --include_path="C:/ti/CC3200SDK_1.5.0/cc3200-sdk/" --include_path="C:/ti/CC3200SDK_1.5.0/cc3200-sdk/driverlib/" --include_path="C:/ti/CC3200SDK_1.5.0/cc3200-sdk/inc/" --include_path="C:/ti/CC3200SDK_1.5.0/cc3200-sdk/example/common/" --include_path="C:/ti/ccs1250/ccs/tools/compiler/ti-cgt-arm_20.2.7.LTS/include" --define=ccs --define=cc3200 -g --diag_warning=225 --diag_wrap=off --display_error_number --abi=eabi --preproc_with_compile --preproc_dependency="oled_test.d_raw"  "../oled_test.c"
 
>> Compilation failure
subdir_rules.mk:9: recipe for target 'oled_test.obj' failed
"../oled_test.c", line 311: error #29: expected an expression
"../oled_test.c", line 311: error #20: identifier "y" is undefined
"../oled_test.c", line 312: error #29: expected an expression
"../oled_test.c", line 312: error #20: identifier "x" is undefined
"../oled_test.c", line 19: warning #179-D: variable "p" was declared but never referenced
4 errors detected in the compilation of "../oled_test.c".
gmake: *** [oled_test.obj] Error 1
gmake: Target 'all' not remade because of errors.

**** Build Finished ****

**** Build of configuration Debug for project spi_demo ****

"C:\\ti\\ccs1250\\ccs\\utils\\bin\\gmake" -k -j 12 all -O 
 
Building file: "../oled_test.c"
Invoking: Arm Compiler
"C:/ti/ccs1250/ccs/tools/compiler/ti-cgt-arm_20.2.7.LTS/bin/armcl" -mv7M4 --code_state=16 --float_support=none -me -Ooff --include_path="C:/Users/Josh/Desktop/EEC 172/labs/lab2_part1/spi_demo" --include_path="C:/ti/CC3200SDK_1.5.0/cc3200-sdk/" --include_path="C:/ti/CC3200SDK_1.5.0/cc3200-sdk/driverlib/" --include_path="C:/ti/CC3200SDK_1.5.0/cc3200-sdk/inc/" --include_path="C:/ti/CC3200SDK_1.5.0/cc3200-sdk/example/common/" --include_path="C:/ti/ccs1250/ccs/tools/compiler/ti-cgt-arm_20.2.7.LTS/include" --define=ccs --define=cc3200 -g --diag_warning=225 --diag_wrap=off --display_error_number --abi=eabi --preproc_with_compile --preproc_dependency="oled_test.d_raw"  "../oled_test.c"
 
>> Compilation failure
subdir_rules.mk:9: recipe for target 'oled_test.obj' failed
"../oled_test.c", line 311: error #29: expected an expression
"../oled_test.c", line 311: error #20: identifier "y" is undefined
"../oled_test.c", line 312: error #29: expected an expression
"../oled_test.c", line 312: error #20: identifier "x" is undefined
"../oled_test.c", line 19: warning #179-D: variable "p" was declared but never referenced
4 errors detected in the compilation of "../oled_test.c".
gmake: *** [oled_test.obj] Error 1
Building file: "../main.c"
Invoking: Arm Compiler
"C:/ti/ccs1250/ccs/tools/compiler/ti-cgt-arm_20.2.7.LTS/bin/armcl" -mv7M4 --code_state=16 --float_support=none -me -Ooff --include_path="C:/Users/Josh/Desktop/EEC 172/labs/lab2_part1/spi_demo" --include_path="C:/ti/CC3200SDK_1.5.0/cc3200-sdk/" --include_path="C:/ti/CC3200SDK_1.5.0/cc3200-sdk/driverlib/" --include_path="C:/ti/CC3200SDK_1.5.0/cc3200-sdk/inc/" --include_path="C:/ti/CC3200SDK_1.5.0/cc3200-sdk/example/common/" --include_path="C:/ti/ccs1250/ccs/tools/compiler/ti-cgt-arm_20.2.7.LTS/include" --define=ccs --define=cc3200 -g --diag_warning=225 --diag_wrap=off --display_error_number --abi=eabi --preproc_with_compile --preproc_dependency="main.d_raw"  "../main.c"
 
>> Compilation failure
subdir_rules.mk:9: recipe for target 'main.obj' failed
"../main.c", line 285: error #29: expected an expression
"../main.c", line 285: error #141: too many arguments in function call
"../main.c", line 295: error #29: expected an expression
"../main.c", line 295: error #141: too many arguments in function call
"../main.c", line 305: error #29: expected an expression
"../main.c", line 305: error #141: too many arguments in function call
"../main.c", line 315: error #29: expected an expression
"../main.c", line 315: error #141: too many arguments in function call
"../main.c", line 318: warning #169-D: argument of type "const char *" is incompatible with parameter of type "char *"
"../main.c", line 318: warning #169-D: argument of type "const char *" is incompatible with parameter of type "char *"
"../main.c", line 318: warning #169-D: argument of type "const char *" is incompatible with parameter of type "char *"
8 errors detected in the compilation of "../main.c".
gmake: *** [main.obj] Error 1
gmake: Target 'all' not remade because of errors.

**** Build Finished ****

**** Build of configuration Debug for project spi_demo ****

"C:\\ti\\ccs1250\\ccs\\utils\\bin\\gmake" -k -j 12 all -O 
 
Building file: "../oled_test.c"
Invoking: Arm Compiler
"C:/ti/ccs1250/ccs/tools/compiler/ti-cgt-arm_20.2.7.LTS/bin/armcl" -mv7M4 --code_state=16 --float_support=none -me -Ooff --include_path="C:/Users/Josh/Desktop/EEC 172/labs/lab2_part1/spi_demo" --include_path="C:/ti/CC3200SDK_1.5.0/cc3200-sdk/" --include_path="C:/ti/CC3200SDK_1.5.0/cc3200-sdk/driverlib/" --include_path="C:/ti/CC3200SDK_1.5.0/cc3200-sdk/inc/" --include_path="C:/ti/CC3200SDK_1.5.0/cc3200-sdk/example/common/" --include_path="C:/ti/ccs1250/ccs/tools/compiler/ti-cgt-arm_20.2.7.LTS/include" --define=ccs --define=cc3200 -g --diag_warning=225 --diag_wrap=off --display_error_number --abi=eabi --preproc_with_compile --preproc_dependency="oled_test.d_raw"  "../oled_test.c"
 
>> Compilation failure
subdir_rules.mk:9: recipe for target 'oled_test.obj' failed
"../oled_test.c", line 311: error #29: expected an expression
"../oled_test.c", line 311: error #20: identifier "y" is undefined
"../oled_test.c", line 312: error #29: expected an expression
"../oled_test.c", line 312: error #20: identifier "x" is undefined
"../oled_test.c", line 19: warning #179-D: variable "p" was declared but never referenced
4 errors detected in the compilation of "../oled_test.c".
gmake: *** [oled_test.obj] Error 1
Building file: "../main.c"
Invoking: Arm Compiler
"C:/ti/ccs1250/ccs/tools/compiler/ti-cgt-arm_20.2.7.LTS/bin/armcl" -mv7M4 --code_state=16 --float_support=none -me -Ooff --include_path="C:/Users/Josh/Desktop/EEC 172/labs/lab2_part1/spi_demo" --include_path="C:/ti/CC3200SDK_1.5.0/cc3200-sdk/" --include_path="C:/ti/CC3200SDK_1.5.0/cc3200-sdk/driverlib/" --include_path="C:/ti/CC3200SDK_1.5.0/cc3200-sdk/inc/" --include_path="C:/ti/CC3200SDK_1.5.0/cc3200-sdk/example/common/" --include_path="C:/ti/ccs1250/ccs/tools/compiler/ti-cgt-arm_20.2.7.LTS/include" --define=ccs --define=cc3200 -g --diag_warning=225 --diag_wrap=off --display_error_number --abi=eabi --preproc_with_compile --preproc_dependency="main.d_raw"  "../main.c"
"../main.c", line 300: warning #169-D: argument of type "const char *" is incompatible with parameter of type "char *"
"../main.c", line 300: warning #169-D: argument of type "const char *" is incompatible with parameter of type "char *"
"../main.c", line 300: warning #169-D: argument of type "const char *" is incompatible with parameter of type "char *"
Finished building: "../main.c"
 
gmake: Target 'all' not remade because of errors.

**** Build Finished ****

**** Build of configuration Debug for project spi_demo ****

"C:\\ti\\ccs1250\\ccs\\utils\\bin\\gmake" -k -j 12 all -O 
 
Building file: "../oled_test.c"
Invoking: Arm Compiler
"C:/ti/ccs1250/ccs/tools/compiler/ti-cgt-arm_20.2.7.LTS/bin/armcl" -mv7M4 --code_state=16 --float_support=none -me -Ooff --include_path="C:/Users/Josh/Desktop/EEC 172/labs/lab2_part1/spi_demo" --include_path="C:/ti/CC3200SDK_1.5.0/cc3200-sdk/" --include_path="C:/ti/CC3200SDK_1.5.0/cc3200-sdk/driverlib/" --include_path="C:/ti/CC3200SDK_1.5.0/cc3200-sdk/inc/" --include_path="C:/ti/CC3200SDK_1.5.0/cc3200-sdk/example/common/" --include_path="C:/ti/ccs1250/ccs/tools/compiler/ti-cgt-arm_20.2.7.LTS/include" --define=ccs --define=cc3200 -g --diag_warning=225 --diag_wrap=off --display_error_number --abi=eabi --preproc_with_compile --preproc_dependency="oled_test.d_raw"  "../oled_test.c"
 
>> Compilation failure
subdir_rules.mk:9: recipe for target 'oled_test.obj' failed
"../oled_test.c", line 311: error #29: expected an expression
"../oled_test.c", line 311: error #20: identifier "yy" is undefined
"../oled_test.c", line 312: error #29: expected an expression
"../oled_test.c", line 312: error #20: identifier "xx" is undefined
"../oled_test.c", line 19: warning #179-D: variable "p" was declared but never referenced
4 errors detected in the compilation of "../oled_test.c".
gmake: *** [oled_test.obj] Error 1
gmake: Target 'all' not remade because of errors.

**** Build Finished ****

**** Build of configuration Debug for project spi_demo ****

"C:\\ti\\ccs1250\\ccs\\utils\\bin\\gmake" -k -j 12 all -O 
 
Building file: "../oled_test.c"
Invoking: Arm Compiler
"C:/ti/ccs1250/ccs/tools/compiler/ti-cgt-arm_20.2.7.LTS/bin/armcl" -mv7M4 --code_state=16 --float_support=none -me -Ooff --include_path="C:/Users/Josh/Desktop/EEC 172/labs/lab2_part1/spi_demo" --include_path="C:/ti/CC3200SDK_1.5.0/cc3200-sdk/" --include_path="C:/ti/CC3200SDK_1.5.0/cc3200-sdk/driverlib/" --include_path="C:/ti/CC3200SDK_1.5.0/cc3200-sdk/inc/" --include_path="C:/ti/CC3200SDK_1.5.0/cc3200-sdk/example/common/" --include_path="C:/ti/ccs1250/ccs/tools/compiler/ti-cgt-arm_20.2.7.LTS/include" --define=ccs --define=cc3200 -g --diag_warning=225 --diag_wrap=off --display_error_number --abi=eabi --preproc_with_compile --preproc_dependency="oled_test.d_raw"  "../oled_test.c"
"../oled_test.c", line 19: warning #179-D: variable "p" was declared but never referenced
Finished building: "../oled_test.c"
 
Building target: "spi_demo.out"
Invoking: Arm Linker
"C:/ti/ccs1250/ccs/tools/compiler/ti-cgt-arm_20.2.7.LTS/bin/armcl" -mv7M4 --code_state=16 --float_support=none -me -Ooff --define=ccs --define=cc3200 -g --diag_warning=225 --diag_wrap=off --display_error_number --abi=eabi -z -m"spi_demo.map" --heap_size=0x800 --stack_size=0x800 -i"C:/ti/ccs1250/ccs/tools/compiler/ti-cgt-arm_20.2.7.LTS/lib" -i"C:/ti/ccs1250/ccs/tools/compiler/ti-cgt-arm_20.2.7.LTS/include" --reread_libs --diag_wrap=off --display_error_number --warn_sections --xml_link_info="spi_demo_linkInfo.xml" --rom_model -o "spi_demo.out" "./Adafruit_GFX.obj" "./Adafruit_SSD1351.obj" "./main.obj" "./oled_test.obj" "./pin_mux_config.obj" "./startup_ccs.obj" "./uart_if.obj" "../cc3200v1p32.cmd"  -l"C:/ti/CC3200SDK_1.5.0/cc3200-sdk/driverlib/ccs/Release/driverlib.a" -llibc.a 
<Linking>
Finished building target: "spi_demo.out"
 
C:/ti/ccs1250/ccs/utils/tiobj2bin/tiobj2bin spi_demo.out spi_demo.bin C:/ti/ccs1250/ccs/tools/compiler/ti-cgt-arm_20.2.7.LTS/bin/armofd C:/ti/ccs1250/ccs/tools/compiler/ti-cgt-arm_20.2.7.LTS/bin/armhex C:/ti/ccs1250/ccs/utils/tiobj2bin/mkhex4bin
 

**** Build Finished ****

**** Build of configuration Debug for project spi_demo ****

"C:\\ti\\ccs1250\\ccs\\utils\\bin\\gmake" -k -j 12 all -O 
 
Building file: "../main.c"
Invoking: Arm Compiler
"C:/ti/ccs1250/ccs/tools/compiler/ti-cgt-arm_20.2.7.LTS/bin/armcl" -mv7M4 --code_state=16 --float_support=none -me -Ooff --include_path="C:/Users/Josh/Desktop/EEC 172/labs/lab2_part1/spi_demo" --include_path="C:/ti/CC3200SDK_1.5.0/cc3200-sdk/" --include_path="C:/ti/CC3200SDK_1.5.0/cc3200-sdk/driverlib/" --include_path="C:/ti/CC3200SDK_1.5.0/cc3200-sdk/inc/" --include_path="C:/ti/CC3200SDK_1.5.0/cc3200-sdk/example/common/" --include_path="C:/ti/ccs1250/ccs/tools/compiler/ti-cgt-arm_20.2.7.LTS/include" --define=ccs --define=cc3200 -g --diag_warning=225 --diag_wrap=off --display_error_number --abi=eabi --preproc_with_compile --preproc_dependency="main.d_raw"  "../main.c"
"../main.c", line 277: warning #169-D: argument of type "const char *" is incompatible with parameter of type "char *"
"../main.c", line 277: warning #169-D: argument of type "const char *" is incompatible with parameter of type "char *"
"../main.c", line 277: warning #169-D: argument of type "const char *" is incompatible with parameter of type "char *"
Finished building: "../main.c"
 
Building target: "spi_demo.out"
Invoking: Arm Linker
"C:/ti/ccs1250/ccs/tools/compiler/ti-cgt-arm_20.2.7.LTS/bin/armcl" -mv7M4 --code_state=16 --float_support=none -me -Ooff --define=ccs --define=cc3200 -g --diag_warning=225 --diag_wrap=off --display_error_number --abi=eabi -z -m"spi_demo.map" --heap_size=0x800 --stack_size=0x800 -i"C:/ti/ccs1250/ccs/tools/compiler/ti-cgt-arm_20.2.7.LTS/lib" -i"C:/ti/ccs1250/ccs/tools/compiler/ti-cgt-arm_20.2.7.LTS/include" --reread_libs --diag_wrap=off --display_error_number --warn_sections --xml_link_info="spi_demo_linkInfo.xml" --rom_model -o "spi_demo.out" "./Adafruit_GFX.obj" "./Adafruit_SSD1351.obj" "./main.obj" "./oled_test.obj" "./pin_mux_config.obj" "./startup_ccs.obj" "./uart_if.obj" "../cc3200v1p32.cmd"  -l"C:/ti/CC3200SDK_1.5.0/cc3200-sdk/driverlib/ccs/Release/driverlib.a" -llibc.a 
<Linking>
Finished building target: "spi_demo.out"
 
C:/ti/ccs1250/ccs/utils/tiobj2bin/tiobj2bin spi_demo.out spi_demo.bin C:/ti/ccs1250/ccs/tools/compiler/ti-cgt-arm_20.2.7.LTS/bin/armofd C:/ti/ccs1250/ccs/tools/compiler/ti-cgt-arm_20.2.7.LTS/bin/armhex C:/ti/ccs1250/ccs/utils/tiobj2bin/mkhex4bin
 

**** Build Finished ****

**** Build of configuration Debug for project spi_demo ****

"C:\\ti\\ccs1250\\ccs\\utils\\bin\\gmake" -k -j 12 all -O 
 
Building file: "../main.c"
Invoking: Arm Compiler
"C:/ti/ccs1250/ccs/tools/compiler/ti-cgt-arm_20.2.7.LTS/bin/armcl" -mv7M4 --code_state=16 --float_support=none -me -Ooff --include_path="C:/Users/Josh/Desktop/EEC 172/labs/lab2_part1/spi_demo" --include_path="C:/ti/CC3200SDK_1.5.0/cc3200-sdk/" --include_path="C:/ti/CC3200SDK_1.5.0/cc3200-sdk/driverlib/" --include_path="C:/ti/CC3200SDK_1.5.0/cc3200-sdk/inc/" --include_path="C:/ti/CC3200SDK_1.5.0/cc3200-sdk/example/common/" --include_path="C:/ti/ccs1250/ccs/tools/compiler/ti-cgt-arm_20.2.7.LTS/include" --define=ccs --define=cc3200 -g --diag_warning=225 --diag_wrap=off --display_error_number --abi=eabi --preproc_with_compile --preproc_dependency="main.d_raw"  "../main.c"
"../main.c", line 318: warning #169-D: argument of type "const char *" is incompatible with parameter of type "char *"
"../main.c", line 318: warning #169-D: argument of type "const char *" is incompatible with parameter of type "char *"
"../main.c", line 318: warning #169-D: argument of type "const char *" is incompatible with parameter of type "char *"
Finished building: "../main.c"
 
Building target: "spi_demo.out"
Invoking: Arm Linker
"C:/ti/ccs1250/ccs/tools/compiler/ti-cgt-arm_20.2.7.LTS/bin/armcl" -mv7M4 --code_state=16 --float_support=none -me -Ooff --define=ccs --define=cc3200 -g --diag_warning=225 --diag_wrap=off --display_error_number --abi=eabi -z -m"spi_demo.map" --heap_size=0x800 --stack_size=0x800 -i"C:/ti/ccs1250/ccs/tools/compiler/ti-cgt-arm_20.2.7.LTS/lib" -i"C:/ti/ccs1250/ccs/tools/compiler/ti-cgt-arm_20.2.7.LTS/include" --reread_libs --diag_wrap=off --display_error_number --warn_sections --xml_link_info="spi_demo_linkInfo.xml" --rom_model -o "spi_demo.out" "./Adafruit_GFX.obj" "./Adafruit_SSD1351.obj" "./main.obj" "./oled_test.obj" "./pin_mux_config.obj" "./startup_ccs.obj" "./uart_if.obj" "../cc3200v1p32.cmd"  -l"C:/ti/CC3200SDK_1.5.0/cc3200-sdk/driverlib/ccs/Release/driverlib.a" -llibc.a 
<Linking>
Finished building target: "spi_demo.out"
 
C:/ti/ccs1250/ccs/utils/tiobj2bin/tiobj2bin spi_demo.out spi_demo.bin C:/ti/ccs1250/ccs/tools/compiler/ti-cgt-arm_20.2.7.LTS/bin/armofd C:/ti/ccs1250/ccs/tools/compiler/ti-cgt-arm_20.2.7.LTS/bin/armhex C:/ti/ccs1250/ccs/utils/tiobj2bin/mkhex4bin
 

**** Build Finished ****

**** Build of configuration Debug for project spi_demo ****

"C:\\ti\\ccs1250\\ccs\\utils\\bin\\gmake" -k -j 12 all -O 
 
Building file: "../main.c"
Invoking: Arm Compiler
"C:/ti/ccs1250/ccs/tools/compiler/ti-cgt-arm_20.2.7.LTS/bin/armcl" -mv7M4 --code_state=16 --float_support=none -me -Ooff --include_path="C:/Users/Josh/Desktop/EEC 172/labs/lab2_part1/spi_demo" --include_path="C:/ti/CC3200SDK_1.5.0/cc3200-sdk/" --include_path="C:/ti/CC3200SDK_1.5.0/cc3200-sdk/driverlib/" --include_path="C:/ti/CC3200SDK_1.5.0/cc3200-sdk/inc/" --include_path="C:/ti/CC3200SDK_1.5.0/cc3200-sdk/example/common/" --include_path="C:/ti/ccs1250/ccs/tools/compiler/ti-cgt-arm_20.2.7.LTS/include" --define=ccs --define=cc3200 -g --diag_warning=225 --diag_wrap=off --display_error_number --abi=eabi --preproc_with_compile --preproc_dependency="main.d_raw"  "../main.c"
"../main.c", line 325: warning #169-D: argument of type "const char *" is incompatible with parameter of type "char *"
"../main.c", line 325: warning #169-D: argument of type "const char *" is incompatible with parameter of type "char *"
"../main.c", line 325: warning #169-D: argument of type "const char *" is incompatible with parameter of type "char *"
Finished building: "../main.c"
 
Building target: "spi_demo.out"
Invoking: Arm Linker
"C:/ti/ccs1250/ccs/tools/compiler/ti-cgt-arm_20.2.7.LTS/bin/armcl" -mv7M4 --code_state=16 --float_support=none -me -Ooff --define=ccs --define=cc3200 -g --diag_warning=225 --diag_wrap=off --display_error_number --abi=eabi -z -m"spi_demo.map" --heap_size=0x800 --stack_size=0x800 -i"C:/ti/ccs1250/ccs/tools/compiler/ti-cgt-arm_20.2.7.LTS/lib" -i"C:/ti/ccs1250/ccs/tools/compiler/ti-cgt-arm_20.2.7.LTS/include" --reread_libs --diag_wrap=off --display_error_number --warn_sections --xml_link_info="spi_demo_linkInfo.xml" --rom_model -o "spi_demo.out" "./Adafruit_GFX.obj" "./Adafruit_SSD1351.obj" "./main.obj" "./oled_test.obj" "./pin_mux_config.obj" "./startup_ccs.obj" "./uart_if.obj" "../cc3200v1p32.cmd"  -l"C:/ti/CC3200SDK_1.5.0/cc3200-sdk/driverlib/ccs/Release/driverlib.a" -llibc.a 
<Linking>
Finished building target: "spi_demo.out"
 
C:/ti/ccs1250/ccs/utils/tiobj2bin/tiobj2bin spi_demo.out spi_demo.bin C:/ti/ccs1250/ccs/tools/compiler/ti-cgt-arm_20.2.7.LTS/bin/armofd C:/ti/ccs1250/ccs/tools/compiler/ti-cgt-arm_20.2.7.LTS/bin/armhex C:/ti/ccs1250/ccs/utils/tiobj2bin/mkhex4bin
 

**** Build Finished ****

**** Build of configuration Debug for project spi_demo ****

"C:\\ti\\ccs1250\\ccs\\utils\\bin\\gmake" -k -j 12 all -O 
 
Building file: "../main.c"
Invoking: Arm Compiler
"C:/ti/ccs1250/ccs/tools/compiler/ti-cgt-arm_20.2.7.LTS/bin/armcl" -mv7M4 --code_state=16 --float_support=none -me -Ooff --include_path="C:/Users/Josh/Desktop/EEC 172/labs/lab2_part1/spi_demo" --include_path="C:/ti/CC3200SDK_1.5.0/cc3200-sdk/" --include_path="C:/ti/CC3200SDK_1.5.0/cc3200-sdk/driverlib/" --include_path="C:/ti/CC3200SDK_1.5.0/cc3200-sdk/inc/" --include_path="C:/ti/CC3200SDK_1.5.0/cc3200-sdk/example/common/" --include_path="C:/ti/ccs1250/ccs/tools/compiler/ti-cgt-arm_20.2.7.LTS/include" --define=ccs --define=cc3200 -g --diag_warning=225 --diag_wrap=off --display_error_number --abi=eabi --preproc_with_compile --preproc_dependency="main.d_raw"  "../main.c"
"../main.c", line 325: warning #169-D: argument of type "const char *" is incompatible with parameter of type "char *"
"../main.c", line 325: warning #169-D: argument of type "const char *" is incompatible with parameter of type "char *"
"../main.c", line 325: warning #169-D: argument of type "const char *" is incompatible with parameter of type "char *"
Finished building: "../main.c"
 
Building target: "spi_demo.out"
Invoking: Arm Linker
"C:/ti/ccs1250/ccs/tools/compiler/ti-cgt-arm_20.2.7.LTS/bin/armcl" -mv7M4 --code_state=16 --float_support=none -me -Ooff --define=ccs --define=cc3200 -g --diag_warning=225 --diag_wrap=off --display_error_number --abi=eabi -z -m"spi_demo.map" --heap_size=0x800 --stack_size=0x800 -i"C:/ti/ccs1250/ccs/tools/compiler/ti-cgt-arm_20.2.7.LTS/lib" -i"C:/ti/ccs1250/ccs/tools/compiler/ti-cgt-arm_20.2.7.LTS/include" --reread_libs --diag_wrap=off --display_error_number --warn_sections --xml_link_info="spi_demo_linkInfo.xml" --rom_model -o "spi_demo.out" "./Adafruit_GFX.obj" "./Adafruit_SSD1351.obj" "./main.obj" "./oled_test.obj" "./pin_mux_config.obj" "./startup_ccs.obj" "./uart_if.obj" "../cc3200v1p32.cmd"  -l"C:/ti/CC3200SDK_1.5.0/cc3200-sdk/driverlib/ccs/Release/driverlib.a" -llibc.a 
<Linking>
Finished building target: "spi_demo.out"
 
C:/ti/ccs1250/ccs/utils/tiobj2bin/tiobj2bin spi_demo.out spi_demo.bin C:/ti/ccs1250/ccs/tools/compiler/ti-cgt-arm_20.2.7.LTS/bin/armofd C:/ti/ccs1250/ccs/tools/compiler/ti-cgt-arm_20.2.7.LTS/bin/armhex C:/ti/ccs1250/ccs/utils/tiobj2bin/mkhex4bin
 

**** Build Finished ****

**** Build of configuration Debug for project spi_demo ****

"C:\\ti\\ccs1250\\ccs\\utils\\bin\\gmake" -k -j 12 all -O 
 
Building file: "../main.c"
Invoking: Arm Compiler
"C:/ti/ccs1250/ccs/tools/compiler/ti-cgt-arm_20.2.7.LTS/bin/armcl" -mv7M4 --code_state=16 --float_support=none -me -Ooff --include_path="C:/Users/Josh/Desktop/EEC 172/labs/lab2_part1/spi_demo" --include_path="C:/ti/CC3200SDK_1.5.0/cc3200-sdk/" --include_path="C:/ti/CC3200SDK_1.5.0/cc3200-sdk/driverlib/" --include_path="C:/ti/CC3200SDK_1.5.0/cc3200-sdk/inc/" --include_path="C:/ti/CC3200SDK_1.5.0/cc3200-sdk/example/common/" --include_path="C:/ti/ccs1250/ccs/tools/compiler/ti-cgt-arm_20.2.7.LTS/include" --define=ccs --define=cc3200 -g --diag_warning=225 --diag_wrap=off --display_error_number --abi=eabi --preproc_with_compile --preproc_dependency="main.d_raw"  "../main.c"
"../main.c", line 323: warning #169-D: argument of type "const char *" is incompatible with parameter of type "char *"
"../main.c", line 323: warning #169-D: argument of type "const char *" is incompatible with parameter of type "char *"
"../main.c", line 323: warning #169-D: argument of type "const char *" is incompatible with parameter of type "char *"
Finished building: "../main.c"
 
Building target: "spi_demo.out"
Invoking: Arm Linker
"C:/ti/ccs1250/ccs/tools/compiler/ti-cgt-arm_20.2.7.LTS/bin/armcl" -mv7M4 --code_state=16 --float_support=none -me -Ooff --define=ccs --define=cc3200 -g --diag_warning=225 --diag_wrap=off --display_error_number --abi=eabi -z -m"spi_demo.map" --heap_size=0x800 --stack_size=0x800 -i"C:/ti/ccs1250/ccs/tools/compiler/ti-cgt-arm_20.2.7.LTS/lib" -i"C:/ti/ccs1250/ccs/tools/compiler/ti-cgt-arm_20.2.7.LTS/include" --reread_libs --diag_wrap=off --display_error_number --warn_sections --xml_link_info="spi_demo_linkInfo.xml" --rom_model -o "spi_demo.out" "./Adafruit_GFX.obj" "./Adafruit_SSD1351.obj" "./main.obj" "./oled_test.obj" "./pin_mux_config.obj" "./startup_ccs.obj" "./uart_if.obj" "../cc3200v1p32.cmd"  -l"C:/ti/CC3200SDK_1.5.0/cc3200-sdk/driverlib/ccs/Release/driverlib.a" -llibc.a 
<Linking>
Finished building target: "spi_demo.out"
 
C:/ti/ccs1250/ccs/utils/tiobj2bin/tiobj2bin spi_demo.out spi_demo.bin C:/ti/ccs1250/ccs/tools/compiler/ti-cgt-arm_20.2.7.LTS/bin/armofd C:/ti/ccs1250/ccs/tools/compiler/ti-cgt-arm_20.2.7.LTS/bin/armhex C:/ti/ccs1250/ccs/utils/tiobj2bin/mkhex4bin
 

**** Build Finished ****

**** Build of configuration Debug for project spi_demo ****

"C:\\ti\\ccs1250\\ccs\\utils\\bin\\gmake" -k -j 12 all -O 
 
Building file: "../main.c"
Invoking: Arm Compiler
"C:/ti/ccs1250/ccs/tools/compiler/ti-cgt-arm_20.2.7.LTS/bin/armcl" -mv7M4 --code_state=16 --float_support=none -me -Ooff --include_path="C:/Users/Josh/Desktop/EEC 172/labs/lab2_part1/spi_demo" --include_path="C:/ti/CC3200SDK_1.5.0/cc3200-sdk/" --include_path="C:/ti/CC3200SDK_1.5.0/cc3200-sdk/driverlib/" --include_path="C:/ti/CC3200SDK_1.5.0/cc3200-sdk/inc/" --include_path="C:/ti/CC3200SDK_1.5.0/cc3200-sdk/example/common/" --include_path="C:/ti/ccs1250/ccs/tools/compiler/ti-cgt-arm_20.2.7.LTS/include" --define=ccs --define=cc3200 -g --diag_warning=225 --diag_wrap=off --display_error_number --abi=eabi --preproc_with_compile --preproc_dependency="main.d_raw"  "../main.c"
"../main.c", line 323: warning #169-D: argument of type "const char *" is incompatible with parameter of type "char *"
"../main.c", line 323: warning #169-D: argument of type "const char *" is incompatible with parameter of type "char *"
"../main.c", line 323: warning #169-D: argument of type "const char *" is incompatible with parameter of type "char *"
Finished building: "../main.c"
 
Building target: "spi_demo.out"
Invoking: Arm Linker
"C:/ti/ccs1250/ccs/tools/compiler/ti-cgt-arm_20.2.7.LTS/bin/armcl" -mv7M4 --code_state=16 --float_support=none -me -Ooff --define=ccs --define=cc3200 -g --diag_warning=225 --diag_wrap=off --display_error_number --abi=eabi -z -m"spi_demo.map" --heap_size=0x800 --stack_size=0x800 -i"C:/ti/ccs1250/ccs/tools/compiler/ti-cgt-arm_20.2.7.LTS/lib" -i"C:/ti/ccs1250/ccs/tools/compiler/ti-cgt-arm_20.2.7.LTS/include" --reread_libs --diag_wrap=off --display_error_number --warn_sections --xml_link_info="spi_demo_linkInfo.xml" --rom_model -o "spi_demo.out" "./Adafruit_GFX.obj" "./Adafruit_SSD1351.obj" "./main.obj" "./oled_test.obj" "./pin_mux_config.obj" "./startup_ccs.obj" "./uart_if.obj" "../cc3200v1p32.cmd"  -l"C:/ti/CC3200SDK_1.5.0/cc3200-sdk/driverlib/ccs/Release/driverlib.a" -llibc.a 
<Linking>
Finished building target: "spi_demo.out"
 
C:/ti/ccs1250/ccs/utils/tiobj2bin/tiobj2bin spi_demo.out spi_demo.bin C:/ti/ccs1250/ccs/tools/compiler/ti-cgt-arm_20.2.7.LTS/bin/armofd C:/ti/ccs1250/ccs/tools/compiler/ti-cgt-arm_20.2.7.LTS/bin/armhex C:/ti/ccs1250/ccs/utils/tiobj2bin/mkhex4bin
 

**** Build Finished ****

**** Build of configuration Debug for project spi_demo ****

"C:\\ti\\ccs1250\\ccs\\utils\\bin\\gmake" -k -j 12 all -O 
 
Building file: "../main.c"
Invoking: Arm Compiler
"C:/ti/ccs1250/ccs/tools/compiler/ti-cgt-arm_20.2.7.LTS/bin/armcl" -mv7M4 --code_state=16 --float_support=none -me -Ooff --include_path="C:/Users/Josh/Desktop/EEC 172/labs/lab2_part1/spi_demo" --include_path="C:/ti/CC3200SDK_1.5.0/cc3200-sdk/" --include_path="C:/ti/CC3200SDK_1.5.0/cc3200-sdk/driverlib/" --include_path="C:/ti/CC3200SDK_1.5.0/cc3200-sdk/inc/" --include_path="C:/ti/CC3200SDK_1.5.0/cc3200-sdk/example/common/" --include_path="C:/ti/ccs1250/ccs/tools/compiler/ti-cgt-arm_20.2.7.LTS/include" --define=ccs --define=cc3200 -g --diag_warning=225 --diag_wrap=off --display_error_number --abi=eabi --preproc_with_compile --preproc_dependency="main.d_raw"  "../main.c"
"../main.c", line 278: warning #1238-D: excess initializers are ignored
"../main.c", line 337: warning #169-D: argument of type "const char *" is incompatible with parameter of type "char *"
"../main.c", line 337: warning #169-D: argument of type "const char *" is incompatible with parameter of type "char *"
"../main.c", line 337: warning #169-D: argument of type "const char *" is incompatible with parameter of type "char *"
Finished building: "../main.c"
 
Building target: "spi_demo.out"
Invoking: Arm Linker
"C:/ti/ccs1250/ccs/tools/compiler/ti-cgt-arm_20.2.7.LTS/bin/armcl" -mv7M4 --code_state=16 --float_support=none -me -Ooff --define=ccs --define=cc3200 -g --diag_warning=225 --diag_wrap=off --display_error_number --abi=eabi -z -m"spi_demo.map" --heap_size=0x800 --stack_size=0x800 -i"C:/ti/ccs1250/ccs/tools/compiler/ti-cgt-arm_20.2.7.LTS/lib" -i"C:/ti/ccs1250/ccs/tools/compiler/ti-cgt-arm_20.2.7.LTS/include" --reread_libs --diag_wrap=off --display_error_number --warn_sections --xml_link_info="spi_demo_linkInfo.xml" --rom_model -o "spi_demo.out" "./Adafruit_GFX.obj" "./Adafruit_SSD1351.obj" "./main.obj" "./oled_test.obj" "./pin_mux_config.obj" "./startup_ccs.obj" "./uart_if.obj" "../cc3200v1p32.cmd"  -l"C:/ti/CC3200SDK_1.5.0/cc3200-sdk/driverlib/ccs/Release/driverlib.a" -llibc.a 
<Linking>
Finished building target: "spi_demo.out"
 
C:/ti/ccs1250/ccs/utils/tiobj2bin/tiobj2bin spi_demo.out spi_demo.bin C:/ti/ccs1250/ccs/tools/compiler/ti-cgt-arm_20.2.7.LTS/bin/armofd C:/ti/ccs1250/ccs/tools/compiler/ti-cgt-arm_20.2.7.LTS/bin/armhex C:/ti/ccs1250/ccs/utils/tiobj2bin/mkhex4bin
 

**** Build Finished ****

**** Build of configuration Debug for project spi_demo ****

"C:\\ti\\ccs1250\\ccs\\utils\\bin\\gmake" -k -j 12 all -O 
 
Building file: "../main.c"
Invoking: Arm Compiler
"C:/ti/ccs1250/ccs/tools/compiler/ti-cgt-arm_20.2.7.LTS/bin/armcl" -mv7M4 --code_state=16 --float_support=none -me -Ooff --include_path="C:/Users/Josh/Desktop/EEC 172/labs/lab2_part1/spi_demo" --include_path="C:/ti/CC3200SDK_1.5.0/cc3200-sdk/" --include_path="C:/ti/CC3200SDK_1.5.0/cc3200-sdk/driverlib/" --include_path="C:/ti/CC3200SDK_1.5.0/cc3200-sdk/inc/" --include_path="C:/ti/CC3200SDK_1.5.0/cc3200-sdk/example/common/" --include_path="C:/ti/ccs1250/ccs/tools/compiler/ti-cgt-arm_20.2.7.LTS/include" --define=ccs --define=cc3200 -g --diag_warning=225 --diag_wrap=off --display_error_number --abi=eabi --preproc_with_compile --preproc_dependency="main.d_raw"  "../main.c"
"../main.c", line 278: warning #1238-D: excess initializers are ignored
"../main.c", line 337: warning #169-D: argument of type "const char *" is incompatible with parameter of type "char *"
"../main.c", line 337: warning #169-D: argument of type "const char *" is incompatible with parameter of type "char *"
"../main.c", line 337: warning #169-D: argument of type "const char *" is incompatible with parameter of type "char *"
Finished building: "../main.c"
 
Building target: "spi_demo.out"
Invoking: Arm Linker
"C:/ti/ccs1250/ccs/tools/compiler/ti-cgt-arm_20.2.7.LTS/bin/armcl" -mv7M4 --code_state=16 --float_support=none -me -Ooff --define=ccs --define=cc3200 -g --diag_warning=225 --diag_wrap=off --display_error_number --abi=eabi -z -m"spi_demo.map" --heap_size=0x800 --stack_size=0x800 -i"C:/ti/ccs1250/ccs/tools/compiler/ti-cgt-arm_20.2.7.LTS/lib" -i"C:/ti/ccs1250/ccs/tools/compiler/ti-cgt-arm_20.2.7.LTS/include" --reread_libs --diag_wrap=off --display_error_number --warn_sections --xml_link_info="spi_demo_linkInfo.xml" --rom_model -o "spi_demo.out" "./Adafruit_GFX.obj" "./Adafruit_SSD1351.obj" "./main.obj" "./oled_test.obj" "./pin_mux_config.obj" "./startup_ccs.obj" "./uart_if.obj" "../cc3200v1p32.cmd"  -l"C:/ti/CC3200SDK_1.5.0/cc3200-sdk/driverlib/ccs/Release/driverlib.a" -llibc.a 
<Linking>
Finished building target: "spi_demo.out"
 
C:/ti/ccs1250/ccs/utils/tiobj2bin/tiobj2bin spi_demo.out spi_demo.bin C:/ti/ccs1250/ccs/tools/compiler/ti-cgt-arm_20.2.7.LTS/bin/armofd C:/ti/ccs1250/ccs/tools/compiler/ti-cgt-arm_20.2.7.LTS/bin/armhex C:/ti/ccs1250/ccs/utils/tiobj2bin/mkhex4bin
 

**** Build Finished ****

**** Build of configuration Debug for project spi_demo ****

"C:\\ti\\ccs1250\\ccs\\utils\\bin\\gmake" -k -j 12 all -O 
 
Building file: "../main.c"
Invoking: Arm Compiler
"C:/ti/ccs1250/ccs/tools/compiler/ti-cgt-arm_20.2.7.LTS/bin/armcl" -mv7M4 --code_state=16 --float_support=none -me -Ooff --include_path="C:/Users/Josh/Desktop/EEC 172/labs/lab2_part1/spi_demo" --include_path="C:/ti/CC3200SDK_1.5.0/cc3200-sdk/" --include_path="C:/ti/CC3200SDK_1.5.0/cc3200-sdk/driverlib/" --include_path="C:/ti/CC3200SDK_1.5.0/cc3200-sdk/inc/" --include_path="C:/ti/CC3200SDK_1.5.0/cc3200-sdk/example/common/" --include_path="C:/ti/ccs1250/ccs/tools/compiler/ti-cgt-arm_20.2.7.LTS/include" --define=ccs --define=cc3200 -g --diag_warning=225 --diag_wrap=off --display_error_number --abi=eabi --preproc_with_compile --preproc_dependency="main.d_raw"  "../main.c"
"../main.c", line 253: warning #1238-D: excess initializers are ignored
"../main.c", line 312: warning #169-D: argument of type "const char *" is incompatible with parameter of type "char *"
"../main.c", line 312: warning #169-D: argument of type "const char *" is incompatible with parameter of type "char *"
"../main.c", line 312: warning #169-D: argument of type "const char *" is incompatible with parameter of type "char *"
Finished building: "../main.c"
 
Building target: "spi_demo.out"
Invoking: Arm Linker
"C:/ti/ccs1250/ccs/tools/compiler/ti-cgt-arm_20.2.7.LTS/bin/armcl" -mv7M4 --code_state=16 --float_support=none -me -Ooff --define=ccs --define=cc3200 -g --diag_warning=225 --diag_wrap=off --display_error_number --abi=eabi -z -m"spi_demo.map" --heap_size=0x800 --stack_size=0x800 -i"C:/ti/ccs1250/ccs/tools/compiler/ti-cgt-arm_20.2.7.LTS/lib" -i"C:/ti/ccs1250/ccs/tools/compiler/ti-cgt-arm_20.2.7.LTS/include" --reread_libs --diag_wrap=off --display_error_number --warn_sections --xml_link_info="spi_demo_linkInfo.xml" --rom_model -o "spi_demo.out" "./Adafruit_GFX.obj" "./Adafruit_SSD1351.obj" "./main.obj" "./oled_test.obj" "./pin_mux_config.obj" "./startup_ccs.obj" "./uart_if.obj" "../cc3200v1p32.cmd"  -l"C:/ti/CC3200SDK_1.5.0/cc3200-sdk/driverlib/ccs/Release/driverlib.a" -llibc.a 
<Linking>
Finished building target: "spi_demo.out"
 
C:/ti/ccs1250/ccs/utils/tiobj2bin/tiobj2bin spi_demo.out spi_demo.bin C:/ti/ccs1250/ccs/tools/compiler/ti-cgt-arm_20.2.7.LTS/bin/armofd C:/ti/ccs1250/ccs/tools/compiler/ti-cgt-arm_20.2.7.LTS/bin/armhex C:/ti/ccs1250/ccs/utils/tiobj2bin/mkhex4bin
 

**** Build Finished ****

**** Build of configuration Debug for project spi_demo ****

"C:\\ti\\ccs1250\\ccs\\utils\\bin\\gmake" -k -j 12 all -O 
 
Building file: "../main.c"
Invoking: Arm Compiler
"C:/ti/ccs1250/ccs/tools/compiler/ti-cgt-arm_20.2.7.LTS/bin/armcl" -mv7M4 --code_state=16 --float_support=none -me -Ooff --include_path="C:/Users/Josh/Desktop/EEC 172/labs/lab2_part1/spi_demo" --include_path="C:/ti/CC3200SDK_1.5.0/cc3200-sdk/" --include_path="C:/ti/CC3200SDK_1.5.0/cc3200-sdk/driverlib/" --include_path="C:/ti/CC3200SDK_1.5.0/cc3200-sdk/inc/" --include_path="C:/ti/CC3200SDK_1.5.0/cc3200-sdk/example/common/" --include_path="C:/ti/ccs1250/ccs/tools/compiler/ti-cgt-arm_20.2.7.LTS/include" --define=ccs --define=cc3200 -g --diag_warning=225 --diag_wrap=off --display_error_number --abi=eabi --preproc_with_compile --preproc_dependency="main.d_raw"  "../main.c"
 
>> Compilation failure
subdir_rules.mk:9: recipe for target 'main.obj' failed
"../main.c", line 212: error #66: expected a ";"
"../main.c", line 244: warning #12-D: parsing restarts here after previous syntax error
"../main.c", line 210: warning #179-D: variable "goblin" was declared but never referenced
"../main.c", line 246: error #29: expected an expression
"../main.c", line 250: warning #12-D: parsing restarts here after previous syntax error
"../main.c", line 277: error #171: expected a declaration
"../main.c", line 305: warning #12-D: parsing restarts here after previous syntax error
"../main.c", line 307: error #171: expected a declaration
"../main.c", line 325: warning #12-D: parsing restarts here after previous syntax error
"../main.c", line 354: error #171: expected a declaration
At end of source: warning #12-D: parsing restarts here after previous syntax error
5 errors detected in the compilation of "../main.c".
gmake: *** [main.obj] Error 1
gmake: Target 'all' not remade because of errors.

**** Build Finished ****

**** Build of configuration Debug for project spi_demo ****

"C:\\ti\\ccs1250\\ccs\\utils\\bin\\gmake" -k -j 12 all -O 
 
Building file: "../main.c"
Invoking: Arm Compiler
"C:/ti/ccs1250/ccs/tools/compiler/ti-cgt-arm_20.2.7.LTS/bin/armcl" -mv7M4 --code_state=16 --float_support=none -me -Ooff --include_path="C:/Users/Josh/Desktop/EEC 172/labs/lab2_part1/spi_demo" --include_path="C:/ti/CC3200SDK_1.5.0/cc3200-sdk/" --include_path="C:/ti/CC3200SDK_1.5.0/cc3200-sdk/driverlib/" --include_path="C:/ti/CC3200SDK_1.5.0/cc3200-sdk/inc/" --include_path="C:/ti/CC3200SDK_1.5.0/cc3200-sdk/example/common/" --include_path="C:/ti/ccs1250/ccs/tools/compiler/ti-cgt-arm_20.2.7.LTS/include" --define=ccs --define=cc3200 -g --diag_warning=225 --diag_wrap=off --display_error_number --abi=eabi --preproc_with_compile --preproc_dependency="main.d_raw"  "../main.c"
 
>> Compilation failure
subdir_rules.mk:9: recipe for target 'main.obj' failed
"../main.c", line 212: error #66: expected a ";"
"../main.c", line 244: warning #12-D: parsing restarts here after previous syntax error
"../main.c", line 210: warning #179-D: variable "goblin" was declared but never referenced
"../main.c", line 247: error #66: expected a ";"
"../main.c", line 276: error #171: expected a declaration
"../main.c", line 304: warning #12-D: parsing restarts here after previous syntax error
"../main.c", line 306: error #171: expected a declaration
"../main.c", line 324: warning #12-D: parsing restarts here after previous syntax error
"../main.c", line 353: error #171: expected a declaration
At end of source: warning #12-D: parsing restarts here after previous syntax error
5 errors detected in the compilation of "../main.c".
gmake: *** [main.obj] Error 1
gmake: Target 'all' not remade because of errors.

**** Build Finished ****

**** Build of configuration Debug for project spi_demo ****

"C:\\ti\\ccs1250\\ccs\\utils\\bin\\gmake" -k -j 12 all -O 
 
Building file: "../main.c"
Invoking: Arm Compiler
"C:/ti/ccs1250/ccs/tools/compiler/ti-cgt-arm_20.2.7.LTS/bin/armcl" -mv7M4 --code_state=16 --float_support=none -me -Ooff --include_path="C:/Users/Josh/Desktop/EEC 172/labs/lab2_part1/spi_demo" --include_path="C:/ti/CC3200SDK_1.5.0/cc3200-sdk/" --include_path="C:/ti/CC3200SDK_1.5.0/cc3200-sdk/driverlib/" --include_path="C:/ti/CC3200SDK_1.5.0/cc3200-sdk/inc/" --include_path="C:/ti/CC3200SDK_1.5.0/cc3200-sdk/example/common/" --include_path="C:/ti/ccs1250/ccs/tools/compiler/ti-cgt-arm_20.2.7.LTS/include" --define=ccs --define=cc3200 -g --diag_warning=225 --diag_wrap=off --display_error_number --abi=eabi --preproc_with_compile --preproc_dependency="main.d_raw"  "../main.c"
 
>> Compilation failure
subdir_rules.mk:9: recipe for target 'main.obj' failed
"../main.c", line 212: error #66: expected a ";"
"../main.c", line 244: warning #12-D: parsing restarts here after previous syntax error
"../main.c", line 210: warning #179-D: variable "goblin" was declared but never referenced
"../main.c", line 276: error #171: expected a declaration
"../main.c", line 304: warning #12-D: parsing restarts here after previous syntax error
"../main.c", line 306: error #171: expected a declaration
"../main.c", line 324: warning #12-D: parsing restarts here after previous syntax error
"../main.c", line 353: error #171: expected a declaration
At end of source: warning #12-D: parsing restarts here after previous syntax error
4 errors detected in the compilation of "../main.c".
gmake: *** [main.obj] Error 1
gmake: Target 'all' not remade because of errors.

**** Build Finished ****

**** Build of configuration Debug for project spi_demo ****

"C:\\ti\\ccs1250\\ccs\\utils\\bin\\gmake" -k -j 12 all -O 
 
Building file: "../main.c"
Invoking: Arm Compiler
"C:/ti/ccs1250/ccs/tools/compiler/ti-cgt-arm_20.2.7.LTS/bin/armcl" -mv7M4 --code_state=16 --float_support=none -me -Ooff --include_path="C:/Users/Josh/Desktop/EEC 172/labs/lab2_part1/spi_demo" --include_path="C:/ti/CC3200SDK_1.5.0/cc3200-sdk/" --include_path="C:/ti/CC3200SDK_1.5.0/cc3200-sdk/driverlib/" --include_path="C:/ti/CC3200SDK_1.5.0/cc3200-sdk/inc/" --include_path="C:/ti/CC3200SDK_1.5.0/cc3200-sdk/example/common/" --include_path="C:/ti/ccs1250/ccs/tools/compiler/ti-cgt-arm_20.2.7.LTS/include" --define=ccs --define=cc3200 -g --diag_warning=225 --diag_wrap=off --display_error_number --abi=eabi --preproc_with_compile --preproc_dependency="main.d_raw"  "../main.c"
"../main.c", line 243: warning #1238-D: excess initializers are ignored
"../main.c", line 280: warning #169-D: argument of type "const char *" is incompatible with parameter of type "char *"
"../main.c", line 280: warning #169-D: argument of type "const char *" is incompatible with parameter of type "char *"
"../main.c", line 280: warning #169-D: argument of type "const char *" is incompatible with parameter of type "char *"
Finished building: "../main.c"
 
Building target: "spi_demo.out"
Invoking: Arm Linker
"C:/ti/ccs1250/ccs/tools/compiler/ti-cgt-arm_20.2.7.LTS/bin/armcl" -mv7M4 --code_state=16 --float_support=none -me -Ooff --define=ccs --define=cc3200 -g --diag_warning=225 --diag_wrap=off --display_error_number --abi=eabi -z -m"spi_demo.map" --heap_size=0x800 --stack_size=0x800 -i"C:/ti/ccs1250/ccs/tools/compiler/ti-cgt-arm_20.2.7.LTS/lib" -i"C:/ti/ccs1250/ccs/tools/compiler/ti-cgt-arm_20.2.7.LTS/include" --reread_libs --diag_wrap=off --display_error_number --warn_sections --xml_link_info="spi_demo_linkInfo.xml" --rom_model -o "spi_demo.out" "./Adafruit_GFX.obj" "./Adafruit_SSD1351.obj" "./main.obj" "./oled_test.obj" "./pin_mux_config.obj" "./startup_ccs.obj" "./uart_if.obj" "../cc3200v1p32.cmd"  -l"C:/ti/CC3200SDK_1.5.0/cc3200-sdk/driverlib/ccs/Release/driverlib.a" -llibc.a 
<Linking>
Finished building target: "spi_demo.out"
 
C:/ti/ccs1250/ccs/utils/tiobj2bin/tiobj2bin spi_demo.out spi_demo.bin C:/ti/ccs1250/ccs/tools/compiler/ti-cgt-arm_20.2.7.LTS/bin/armofd C:/ti/ccs1250/ccs/tools/compiler/ti-cgt-arm_20.2.7.LTS/bin/armhex C:/ti/ccs1250/ccs/utils/tiobj2bin/mkhex4bin
 

**** Build Finished ****

**** Build of configuration Debug for project spi_demo ****

"C:\\ti\\ccs1250\\ccs\\utils\\bin\\gmake" -k -j 12 all -O 
 
Building file: "../main.c"
Invoking: Arm Compiler
"C:/ti/ccs1250/ccs/tools/compiler/ti-cgt-arm_20.2.7.LTS/bin/armcl" -mv7M4 --code_state=16 --float_support=none -me -Ooff --include_path="C:/Users/Josh/Desktop/EEC 172/labs/lab2_part1/spi_demo" --include_path="C:/ti/CC3200SDK_1.5.0/cc3200-sdk/" --include_path="C:/ti/CC3200SDK_1.5.0/cc3200-sdk/driverlib/" --include_path="C:/ti/CC3200SDK_1.5.0/cc3200-sdk/inc/" --include_path="C:/ti/CC3200SDK_1.5.0/cc3200-sdk/example/common/" --include_path="C:/ti/ccs1250/ccs/tools/compiler/ti-cgt-arm_20.2.7.LTS/include" --define=ccs --define=cc3200 -g --diag_warning=225 --diag_wrap=off --display_error_number --abi=eabi --preproc_with_compile --preproc_dependency="main.d_raw"  "../main.c"
"../main.c", line 243: warning #1238-D: excess initializers are ignored
"../main.c", line 280: warning #169-D: argument of type "const char *" is incompatible with parameter of type "char *"
"../main.c", line 280: warning #169-D: argument of type "const char *" is incompatible with parameter of type "char *"
"../main.c", line 280: warning #169-D: argument of type "const char *" is incompatible with parameter of type "char *"
Finished building: "../main.c"
 
Building target: "spi_demo.out"
Invoking: Arm Linker
"C:/ti/ccs1250/ccs/tools/compiler/ti-cgt-arm_20.2.7.LTS/bin/armcl" -mv7M4 --code_state=16 --float_support=none -me -Ooff --define=ccs --define=cc3200 -g --diag_warning=225 --diag_wrap=off --display_error_number --abi=eabi -z -m"spi_demo.map" --heap_size=0x800 --stack_size=0x800 -i"C:/ti/ccs1250/ccs/tools/compiler/ti-cgt-arm_20.2.7.LTS/lib" -i"C:/ti/ccs1250/ccs/tools/compiler/ti-cgt-arm_20.2.7.LTS/include" --reread_libs --diag_wrap=off --display_error_number --warn_sections --xml_link_info="spi_demo_linkInfo.xml" --rom_model -o "spi_demo.out" "./Adafruit_GFX.obj" "./Adafruit_SSD1351.obj" "./main.obj" "./oled_test.obj" "./pin_mux_config.obj" "./startup_ccs.obj" "./uart_if.obj" "../cc3200v1p32.cmd"  -l"C:/ti/CC3200SDK_1.5.0/cc3200-sdk/driverlib/ccs/Release/driverlib.a" -llibc.a 
<Linking>
Finished building target: "spi_demo.out"
 
C:/ti/ccs1250/ccs/utils/tiobj2bin/tiobj2bin spi_demo.out spi_demo.bin C:/ti/ccs1250/ccs/tools/compiler/ti-cgt-arm_20.2.7.LTS/bin/armofd C:/ti/ccs1250/ccs/tools/compiler/ti-cgt-arm_20.2.7.LTS/bin/armhex C:/ti/ccs1250/ccs/utils/tiobj2bin/mkhex4bin
 

**** Build Finished ****

**** Build of configuration Debug for project spi_demo ****

"C:\\ti\\ccs1250\\ccs\\utils\\bin\\gmake" -k -j 12 all -O 
 
Building file: "../main.c"
Invoking: Arm Compiler
"C:/ti/ccs1250/ccs/tools/compiler/ti-cgt-arm_20.2.7.LTS/bin/armcl" -mv7M4 --code_state=16 --float_support=none -me -Ooff --include_path="C:/Users/Josh/Desktop/EEC 172/labs/lab2_part1/spi_demo" --include_path="C:/ti/CC3200SDK_1.5.0/cc3200-sdk/" --include_path="C:/ti/CC3200SDK_1.5.0/cc3200-sdk/driverlib/" --include_path="C:/ti/CC3200SDK_1.5.0/cc3200-sdk/inc/" --include_path="C:/ti/CC3200SDK_1.5.0/cc3200-sdk/example/common/" --include_path="C:/ti/ccs1250/ccs/tools/compiler/ti-cgt-arm_20.2.7.LTS/include" --define=ccs --define=cc3200 -g --diag_warning=225 --diag_wrap=off --display_error_number --abi=eabi --preproc_with_compile --preproc_dependency="main.d_raw"  "../main.c"
"../main.c", line 243: warning #1238-D: excess initializers are ignored
"../main.c", line 280: warning #169-D: argument of type "const char *" is incompatible with parameter of type "char *"
"../main.c", line 280: warning #169-D: argument of type "const char *" is incompatible with parameter of type "char *"
"../main.c", line 280: warning #169-D: argument of type "const char *" is incompatible with parameter of type "char *"
Finished building: "../main.c"
 
Building file: "../oled_test.c"
Invoking: Arm Compiler
"C:/ti/ccs1250/ccs/tools/compiler/ti-cgt-arm_20.2.7.LTS/bin/armcl" -mv7M4 --code_state=16 --float_support=none -me -Ooff --include_path="C:/Users/Josh/Desktop/EEC 172/labs/lab2_part1/spi_demo" --include_path="C:/ti/CC3200SDK_1.5.0/cc3200-sdk/" --include_path="C:/ti/CC3200SDK_1.5.0/cc3200-sdk/driverlib/" --include_path="C:/ti/CC3200SDK_1.5.0/cc3200-sdk/inc/" --include_path="C:/ti/CC3200SDK_1.5.0/cc3200-sdk/example/common/" --include_path="C:/ti/ccs1250/ccs/tools/compiler/ti-cgt-arm_20.2.7.LTS/include" --define=ccs --define=cc3200 -g --diag_warning=225 --diag_wrap=off --display_error_number --abi=eabi --preproc_with_compile --preproc_dependency="oled_test.d_raw"  "../oled_test.c"
"../oled_test.c", line 19: warning #179-D: variable "p" was declared but never referenced
Finished building: "../oled_test.c"
 
Building target: "spi_demo.out"
Invoking: Arm Linker
"C:/ti/ccs1250/ccs/tools/compiler/ti-cgt-arm_20.2.7.LTS/bin/armcl" -mv7M4 --code_state=16 --float_support=none -me -Ooff --define=ccs --define=cc3200 -g --diag_warning=225 --diag_wrap=off --display_error_number --abi=eabi -z -m"spi_demo.map" --heap_size=0x800 --stack_size=0x800 -i"C:/ti/ccs1250/ccs/tools/compiler/ti-cgt-arm_20.2.7.LTS/lib" -i"C:/ti/ccs1250/ccs/tools/compiler/ti-cgt-arm_20.2.7.LTS/include" --reread_libs --diag_wrap=off --display_error_number --warn_sections --xml_link_info="spi_demo_linkInfo.xml" --rom_model -o "spi_demo.out" "./Adafruit_GFX.obj" "./Adafruit_SSD1351.obj" "./main.obj" "./oled_test.obj" "./pin_mux_config.obj" "./startup_ccs.obj" "./uart_if.obj" "../cc3200v1p32.cmd"  -l"C:/ti/CC3200SDK_1.5.0/cc3200-sdk/driverlib/ccs/Release/driverlib.a" -llibc.a 
<Linking>
Finished building target: "spi_demo.out"
 
C:/ti/ccs1250/ccs/utils/tiobj2bin/tiobj2bin spi_demo.out spi_demo.bin C:/ti/ccs1250/ccs/tools/compiler/ti-cgt-arm_20.2.7.LTS/bin/armofd C:/ti/ccs1250/ccs/tools/compiler/ti-cgt-arm_20.2.7.LTS/bin/armhex C:/ti/ccs1250/ccs/utils/tiobj2bin/mkhex4bin
 

**** Build Finished ****

**** Build of configuration Debug for project spi_demo ****

"C:\\ti\\ccs1250\\ccs\\utils\\bin\\gmake" -k -j 12 all -O 
 
Building file: "../Adafruit_SSD1351.c"
Invoking: Arm Compiler
"C:/ti/ccs1250/ccs/tools/compiler/ti-cgt-arm_20.2.7.LTS/bin/armcl" -mv7M4 --code_state=16 --float_support=none -me -Ooff --include_path="C:/Users/Josh/Desktop/EEC 172/labs/lab2_part1/spi_demo" --include_path="C:/ti/CC3200SDK_1.5.0/cc3200-sdk/" --include_path="C:/ti/CC3200SDK_1.5.0/cc3200-sdk/driverlib/" --include_path="C:/ti/CC3200SDK_1.5.0/cc3200-sdk/inc/" --include_path="C:/ti/CC3200SDK_1.5.0/cc3200-sdk/example/common/" --include_path="C:/ti/ccs1250/ccs/tools/compiler/ti-cgt-arm_20.2.7.LTS/include" --define=ccs --define=cc3200 -g --diag_warning=225 --diag_wrap=off --display_error_number --abi=eabi --preproc_with_compile --preproc_dependency="Adafruit_SSD1351.d_raw"  "../Adafruit_SSD1351.c"
Finished building: "../Adafruit_SSD1351.c"
 
Building target: "spi_demo.out"
Invoking: Arm Linker
"C:/ti/ccs1250/ccs/tools/compiler/ti-cgt-arm_20.2.7.LTS/bin/armcl" -mv7M4 --code_state=16 --float_support=none -me -Ooff --define=ccs --define=cc3200 -g --diag_warning=225 --diag_wrap=off --display_error_number --abi=eabi -z -m"spi_demo.map" --heap_size=0x800 --stack_size=0x800 -i"C:/ti/ccs1250/ccs/tools/compiler/ti-cgt-arm_20.2.7.LTS/lib" -i"C:/ti/ccs1250/ccs/tools/compiler/ti-cgt-arm_20.2.7.LTS/include" --reread_libs --diag_wrap=off --display_error_number --warn_sections --xml_link_info="spi_demo_linkInfo.xml" --rom_model -o "spi_demo.out" "./Adafruit_GFX.obj" "./Adafruit_SSD1351.obj" "./main.obj" "./oled_test.obj" "./pin_mux_config.obj" "./startup_ccs.obj" "./uart_if.obj" "../cc3200v1p32.cmd"  -l"C:/ti/CC3200SDK_1.5.0/cc3200-sdk/driverlib/ccs/Release/driverlib.a" -llibc.a 
<Linking>
Finished building target: "spi_demo.out"
 
C:/ti/ccs1250/ccs/utils/tiobj2bin/tiobj2bin spi_demo.out spi_demo.bin C:/ti/ccs1250/ccs/tools/compiler/ti-cgt-arm_20.2.7.LTS/bin/armofd C:/ti/ccs1250/ccs/tools/compiler/ti-cgt-arm_20.2.7.LTS/bin/armhex C:/ti/ccs1250/ccs/utils/tiobj2bin/mkhex4bin
 

**** Build Finished ****

**** Build of configuration Debug for project spi_demo ****

"C:\\ti\\ccs1250\\ccs\\utils\\bin\\gmake" -k -j 12 all -O 
 
Building file: "../Adafruit_SSD1351.c"
Invoking: Arm Compiler
"C:/ti/ccs1250/ccs/tools/compiler/ti-cgt-arm_20.2.7.LTS/bin/armcl" -mv7M4 --code_state=16 --float_support=none -me -Ooff --include_path="C:/Users/Josh/Desktop/EEC 172/labs/lab2_part1/spi_demo" --include_path="C:/ti/CC3200SDK_1.5.0/cc3200-sdk/" --include_path="C:/ti/CC3200SDK_1.5.0/cc3200-sdk/driverlib/" --include_path="C:/ti/CC3200SDK_1.5.0/cc3200-sdk/inc/" --include_path="C:/ti/CC3200SDK_1.5.0/cc3200-sdk/example/common/" --include_path="C:/ti/ccs1250/ccs/tools/compiler/ti-cgt-arm_20.2.7.LTS/include" --define=ccs --define=cc3200 -g --diag_warning=225 --diag_wrap=off --display_error_number --abi=eabi --preproc_with_compile --preproc_dependency="Adafruit_SSD1351.d_raw"  "../Adafruit_SSD1351.c"
Finished building: "../Adafruit_SSD1351.c"
 
Building target: "spi_demo.out"
Invoking: Arm Linker
"C:/ti/ccs1250/ccs/tools/compiler/ti-cgt-arm_20.2.7.LTS/bin/armcl" -mv7M4 --code_state=16 --float_support=none -me -Ooff --define=ccs --define=cc3200 -g --diag_warning=225 --diag_wrap=off --display_error_number --abi=eabi -z -m"spi_demo.map" --heap_size=0x800 --stack_size=0x800 -i"C:/ti/ccs1250/ccs/tools/compiler/ti-cgt-arm_20.2.7.LTS/lib" -i"C:/ti/ccs1250/ccs/tools/compiler/ti-cgt-arm_20.2.7.LTS/include" --reread_libs --diag_wrap=off --display_error_number --warn_sections --xml_link_info="spi_demo_linkInfo.xml" --rom_model -o "spi_demo.out" "./Adafruit_GFX.obj" "./Adafruit_SSD1351.obj" "./main.obj" "./oled_test.obj" "./pin_mux_config.obj" "./startup_ccs.obj" "./uart_if.obj" "../cc3200v1p32.cmd"  -l"C:/ti/CC3200SDK_1.5.0/cc3200-sdk/driverlib/ccs/Release/driverlib.a" -llibc.a 
<Linking>
Finished building target: "spi_demo.out"
 
C:/ti/ccs1250/ccs/utils/tiobj2bin/tiobj2bin spi_demo.out spi_demo.bin C:/ti/ccs1250/ccs/tools/compiler/ti-cgt-arm_20.2.7.LTS/bin/armofd C:/ti/ccs1250/ccs/tools/compiler/ti-cgt-arm_20.2.7.LTS/bin/armhex C:/ti/ccs1250/ccs/utils/tiobj2bin/mkhex4bin
 

**** Build Finished ****

**** Build of configuration Debug for project spi_demo ****

"C:\\ti\\ccs1250\\ccs\\utils\\bin\\gmake" -k -j 12 all -O 
 
Building file: "../Adafruit_SSD1351.c"
Invoking: Arm Compiler
"C:/ti/ccs1250/ccs/tools/compiler/ti-cgt-arm_20.2.7.LTS/bin/armcl" -mv7M4 --code_state=16 --float_support=none -me -Ooff --include_path="C:/Users/Josh/Desktop/EEC 172/labs/lab2_part1/spi_demo" --include_path="C:/ti/CC3200SDK_1.5.0/cc3200-sdk/" --include_path="C:/ti/CC3200SDK_1.5.0/cc3200-sdk/driverlib/" --include_path="C:/ti/CC3200SDK_1.5.0/cc3200-sdk/inc/" --include_path="C:/ti/CC3200SDK_1.5.0/cc3200-sdk/example/common/" --include_path="C:/ti/ccs1250/ccs/tools/compiler/ti-cgt-arm_20.2.7.LTS/include" --define=ccs --define=cc3200 -g --diag_warning=225 --diag_wrap=off --display_error_number --abi=eabi --preproc_with_compile --preproc_dependency="Adafruit_SSD1351.d_raw"  "../Adafruit_SSD1351.c"
Finished building: "../Adafruit_SSD1351.c"
 
Building target: "spi_demo.out"
Invoking: Arm Linker
"C:/ti/ccs1250/ccs/tools/compiler/ti-cgt-arm_20.2.7.LTS/bin/armcl" -mv7M4 --code_state=16 --float_support=none -me -Ooff --define=ccs --define=cc3200 -g --diag_warning=225 --diag_wrap=off --display_error_number --abi=eabi -z -m"spi_demo.map" --heap_size=0x800 --stack_size=0x800 -i"C:/ti/ccs1250/ccs/tools/compiler/ti-cgt-arm_20.2.7.LTS/lib" -i"C:/ti/ccs1250/ccs/tools/compiler/ti-cgt-arm_20.2.7.LTS/include" --reread_libs --diag_wrap=off --display_error_number --warn_sections --xml_link_info="spi_demo_linkInfo.xml" --rom_model -o "spi_demo.out" "./Adafruit_GFX.obj" "./Adafruit_SSD1351.obj" "./main.obj" "./oled_test.obj" "./pin_mux_config.obj" "./startup_ccs.obj" "./uart_if.obj" "../cc3200v1p32.cmd"  -l"C:/ti/CC3200SDK_1.5.0/cc3200-sdk/driverlib/ccs/Release/driverlib.a" -llibc.a 
<Linking>
Finished building target: "spi_demo.out"
 
C:/ti/ccs1250/ccs/utils/tiobj2bin/tiobj2bin spi_demo.out spi_demo.bin C:/ti/ccs1250/ccs/tools/compiler/ti-cgt-arm_20.2.7.LTS/bin/armofd C:/ti/ccs1250/ccs/tools/compiler/ti-cgt-arm_20.2.7.LTS/bin/armhex C:/ti/ccs1250/ccs/utils/tiobj2bin/mkhex4bin
 

**** Build Finished ****

**** Build of configuration Debug for project spi_demo ****

"C:\\ti\\ccs1250\\ccs\\utils\\bin\\gmake" -k -j 12 all -O 
 
Building file: "../Adafruit_SSD1351.c"
Invoking: Arm Compiler
"C:/ti/ccs1250/ccs/tools/compiler/ti-cgt-arm_20.2.7.LTS/bin/armcl" -mv7M4 --code_state=16 --float_support=none -me -Ooff --include_path="C:/Users/Josh/Desktop/EEC 172/labs/lab2_part1/spi_demo" --include_path="C:/ti/CC3200SDK_1.5.0/cc3200-sdk/" --include_path="C:/ti/CC3200SDK_1.5.0/cc3200-sdk/driverlib/" --include_path="C:/ti/CC3200SDK_1.5.0/cc3200-sdk/inc/" --include_path="C:/ti/CC3200SDK_1.5.0/cc3200-sdk/example/common/" --include_path="C:/ti/ccs1250/ccs/tools/compiler/ti-cgt-arm_20.2.7.LTS/include" --define=ccs --define=cc3200 -g --diag_warning=225 --diag_wrap=off --display_error_number --abi=eabi --preproc_with_compile --preproc_dependency="Adafruit_SSD1351.d_raw"  "../Adafruit_SSD1351.c"
Finished building: "../Adafruit_SSD1351.c"
 
Building target: "spi_demo.out"
Invoking: Arm Linker
"C:/ti/ccs1250/ccs/tools/compiler/ti-cgt-arm_20.2.7.LTS/bin/armcl" -mv7M4 --code_state=16 --float_support=none -me -Ooff --define=ccs --define=cc3200 -g --diag_warning=225 --diag_wrap=off --display_error_number --abi=eabi -z -m"spi_demo.map" --heap_size=0x800 --stack_size=0x800 -i"C:/ti/ccs1250/ccs/tools/compiler/ti-cgt-arm_20.2.7.LTS/lib" -i"C:/ti/ccs1250/ccs/tools/compiler/ti-cgt-arm_20.2.7.LTS/include" --reread_libs --diag_wrap=off --display_error_number --warn_sections --xml_link_info="spi_demo_linkInfo.xml" --rom_model -o "spi_demo.out" "./Adafruit_GFX.obj" "./Adafruit_SSD1351.obj" "./main.obj" "./oled_test.obj" "./pin_mux_config.obj" "./startup_ccs.obj" "./uart_if.obj" "../cc3200v1p32.cmd"  -l"C:/ti/CC3200SDK_1.5.0/cc3200-sdk/driverlib/ccs/Release/driverlib.a" -llibc.a 
<Linking>
Finished building target: "spi_demo.out"
 
C:/ti/ccs1250/ccs/utils/tiobj2bin/tiobj2bin spi_demo.out spi_demo.bin C:/ti/ccs1250/ccs/tools/compiler/ti-cgt-arm_20.2.7.LTS/bin/armofd C:/ti/ccs1250/ccs/tools/compiler/ti-cgt-arm_20.2.7.LTS/bin/armhex C:/ti/ccs1250/ccs/utils/tiobj2bin/mkhex4bin
 

**** Build Finished ****

**** Build of configuration Debug for project spi_demo ****

"C:\\ti\\ccs1250\\ccs\\utils\\bin\\gmake" -k -j 12 all -O 
 
Building file: "../Adafruit_SSD1351.c"
Invoking: Arm Compiler
"C:/ti/ccs1250/ccs/tools/compiler/ti-cgt-arm_20.2.7.LTS/bin/armcl" -mv7M4 --code_state=16 --float_support=none -me -Ooff --include_path="C:/Users/Josh/Desktop/EEC 172/labs/lab2_part1/spi_demo" --include_path="C:/ti/CC3200SDK_1.5.0/cc3200-sdk/" --include_path="C:/ti/CC3200SDK_1.5.0/cc3200-sdk/driverlib/" --include_path="C:/ti/CC3200SDK_1.5.0/cc3200-sdk/inc/" --include_path="C:/ti/CC3200SDK_1.5.0/cc3200-sdk/example/common/" --include_path="C:/ti/ccs1250/ccs/tools/compiler/ti-cgt-arm_20.2.7.LTS/include" --define=ccs --define=cc3200 -g --diag_warning=225 --diag_wrap=off --display_error_number --abi=eabi --preproc_with_compile --preproc_dependency="Adafruit_SSD1351.d_raw"  "../Adafruit_SSD1351.c"
Finished building: "../Adafruit_SSD1351.c"
 
Building target: "spi_demo.out"
Invoking: Arm Linker
"C:/ti/ccs1250/ccs/tools/compiler/ti-cgt-arm_20.2.7.LTS/bin/armcl" -mv7M4 --code_state=16 --float_support=none -me -Ooff --define=ccs --define=cc3200 -g --diag_warning=225 --diag_wrap=off --display_error_number --abi=eabi -z -m"spi_demo.map" --heap_size=0x800 --stack_size=0x800 -i"C:/ti/ccs1250/ccs/tools/compiler/ti-cgt-arm_20.2.7.LTS/lib" -i"C:/ti/ccs1250/ccs/tools/compiler/ti-cgt-arm_20.2.7.LTS/include" --reread_libs --diag_wrap=off --display_error_number --warn_sections --xml_link_info="spi_demo_linkInfo.xml" --rom_model -o "spi_demo.out" "./Adafruit_GFX.obj" "./Adafruit_SSD1351.obj" "./main.obj" "./oled_test.obj" "./pin_mux_config.obj" "./startup_ccs.obj" "./uart_if.obj" "../cc3200v1p32.cmd"  -l"C:/ti/CC3200SDK_1.5.0/cc3200-sdk/driverlib/ccs/Release/driverlib.a" -llibc.a 
<Linking>
Finished building target: "spi_demo.out"
 
C:/ti/ccs1250/ccs/utils/tiobj2bin/tiobj2bin spi_demo.out spi_demo.bin C:/ti/ccs1250/ccs/tools/compiler/ti-cgt-arm_20.2.7.LTS/bin/armofd C:/ti/ccs1250/ccs/tools/compiler/ti-cgt-arm_20.2.7.LTS/bin/armhex C:/ti/ccs1250/ccs/utils/tiobj2bin/mkhex4bin
 

**** Build Finished ****

**** Build of configuration Debug for project spi_demo ****

"C:\\ti\\ccs1250\\ccs\\utils\\bin\\gmake" -k -j 12 all -O 
 
Building file: "../Adafruit_SSD1351.c"
Invoking: Arm Compiler
"C:/ti/ccs1250/ccs/tools/compiler/ti-cgt-arm_20.2.7.LTS/bin/armcl" -mv7M4 --code_state=16 --float_support=none -me -Ooff --include_path="C:/Users/Josh/Desktop/EEC 172/labs/lab2_part1/spi_demo" --include_path="C:/ti/CC3200SDK_1.5.0/cc3200-sdk/" --include_path="C:/ti/CC3200SDK_1.5.0/cc3200-sdk/driverlib/" --include_path="C:/ti/CC3200SDK_1.5.0/cc3200-sdk/inc/" --include_path="C:/ti/CC3200SDK_1.5.0/cc3200-sdk/example/common/" --include_path="C:/ti/ccs1250/ccs/tools/compiler/ti-cgt-arm_20.2.7.LTS/include" --define=ccs --define=cc3200 -g --diag_warning=225 --diag_wrap=off --display_error_number --abi=eabi --preproc_with_compile --preproc_dependency="Adafruit_SSD1351.d_raw"  "../Adafruit_SSD1351.c"
Finished building: "../Adafruit_SSD1351.c"
 
Building target: "spi_demo.out"
Invoking: Arm Linker
"C:/ti/ccs1250/ccs/tools/compiler/ti-cgt-arm_20.2.7.LTS/bin/armcl" -mv7M4 --code_state=16 --float_support=none -me -Ooff --define=ccs --define=cc3200 -g --diag_warning=225 --diag_wrap=off --display_error_number --abi=eabi -z -m"spi_demo.map" --heap_size=0x800 --stack_size=0x800 -i"C:/ti/ccs1250/ccs/tools/compiler/ti-cgt-arm_20.2.7.LTS/lib" -i"C:/ti/ccs1250/ccs/tools/compiler/ti-cgt-arm_20.2.7.LTS/include" --reread_libs --diag_wrap=off --display_error_number --warn_sections --xml_link_info="spi_demo_linkInfo.xml" --rom_model -o "spi_demo.out" "./Adafruit_GFX.obj" "./Adafruit_SSD1351.obj" "./main.obj" "./oled_test.obj" "./pin_mux_config.obj" "./startup_ccs.obj" "./uart_if.obj" "../cc3200v1p32.cmd"  -l"C:/ti/CC3200SDK_1.5.0/cc3200-sdk/driverlib/ccs/Release/driverlib.a" -llibc.a 
<Linking>
Finished building target: "spi_demo.out"
 
C:/ti/ccs1250/ccs/utils/tiobj2bin/tiobj2bin spi_demo.out spi_demo.bin C:/ti/ccs1250/ccs/tools/compiler/ti-cgt-arm_20.2.7.LTS/bin/armofd C:/ti/ccs1250/ccs/tools/compiler/ti-cgt-arm_20.2.7.LTS/bin/armhex C:/ti/ccs1250/ccs/utils/tiobj2bin/mkhex4bin
 

**** Build Finished ****

**** Build of configuration Debug for project spi_demo ****

"C:\\ti\\ccs1250\\ccs\\utils\\bin\\gmake" -k -j 12 all -O 
 
Building file: "../Adafruit_SSD1351.c"
Invoking: Arm Compiler
"C:/ti/ccs1250/ccs/tools/compiler/ti-cgt-arm_20.2.7.LTS/bin/armcl" -mv7M4 --code_state=16 --float_support=none -me -Ooff --include_path="C:/Users/Josh/Desktop/EEC 172/labs/lab2_part1/spi_demo" --include_path="C:/ti/CC3200SDK_1.5.0/cc3200-sdk/" --include_path="C:/ti/CC3200SDK_1.5.0/cc3200-sdk/driverlib/" --include_path="C:/ti/CC3200SDK_1.5.0/cc3200-sdk/inc/" --include_path="C:/ti/CC3200SDK_1.5.0/cc3200-sdk/example/common/" --include_path="C:/ti/ccs1250/ccs/tools/compiler/ti-cgt-arm_20.2.7.LTS/include" --define=ccs --define=cc3200 -g --diag_warning=225 --diag_wrap=off --display_error_number --abi=eabi --preproc_with_compile --preproc_dependency="Adafruit_SSD1351.d_raw"  "../Adafruit_SSD1351.c"
Finished building: "../Adafruit_SSD1351.c"
 
Building target: "spi_demo.out"
Invoking: Arm Linker
"C:/ti/ccs1250/ccs/tools/compiler/ti-cgt-arm_20.2.7.LTS/bin/armcl" -mv7M4 --code_state=16 --float_support=none -me -Ooff --define=ccs --define=cc3200 -g --diag_warning=225 --diag_wrap=off --display_error_number --abi=eabi -z -m"spi_demo.map" --heap_size=0x800 --stack_size=0x800 -i"C:/ti/ccs1250/ccs/tools/compiler/ti-cgt-arm_20.2.7.LTS/lib" -i"C:/ti/ccs1250/ccs/tools/compiler/ti-cgt-arm_20.2.7.LTS/include" --reread_libs --diag_wrap=off --display_error_number --warn_sections --xml_link_info="spi_demo_linkInfo.xml" --rom_model -o "spi_demo.out" "./Adafruit_GFX.obj" "./Adafruit_SSD1351.obj" "./main.obj" "./oled_test.obj" "./pin_mux_config.obj" "./startup_ccs.obj" "./uart_if.obj" "../cc3200v1p32.cmd"  -l"C:/ti/CC3200SDK_1.5.0/cc3200-sdk/driverlib/ccs/Release/driverlib.a" -llibc.a 
<Linking>
Finished building target: "spi_demo.out"
 
C:/ti/ccs1250/ccs/utils/tiobj2bin/tiobj2bin spi_demo.out spi_demo.bin C:/ti/ccs1250/ccs/tools/compiler/ti-cgt-arm_20.2.7.LTS/bin/armofd C:/ti/ccs1250/ccs/tools/compiler/ti-cgt-arm_20.2.7.LTS/bin/armhex C:/ti/ccs1250/ccs/utils/tiobj2bin/mkhex4bin
 

**** Build Finished ****

**** Build of configuration Debug for project spi_demo ****

"C:\\ti\\ccs1250\\ccs\\utils\\bin\\gmake" -k -j 12 all -O 
 
Building file: "../Adafruit_SSD1351.c"
Invoking: Arm Compiler
"C:/ti/ccs1250/ccs/tools/compiler/ti-cgt-arm_20.2.7.LTS/bin/armcl" -mv7M4 --code_state=16 --float_support=none -me -Ooff --include_path="C:/Users/Josh/Desktop/EEC 172/labs/lab2_part1/spi_demo" --include_path="C:/ti/CC3200SDK_1.5.0/cc3200-sdk/" --include_path="C:/ti/CC3200SDK_1.5.0/cc3200-sdk/driverlib/" --include_path="C:/ti/CC3200SDK_1.5.0/cc3200-sdk/inc/" --include_path="C:/ti/CC3200SDK_1.5.0/cc3200-sdk/example/common/" --include_path="C:/ti/ccs1250/ccs/tools/compiler/ti-cgt-arm_20.2.7.LTS/include" --define=ccs --define=cc3200 -g --diag_warning=225 --diag_wrap=off --display_error_number --abi=eabi --preproc_with_compile --preproc_dependency="Adafruit_SSD1351.d_raw"  "../Adafruit_SSD1351.c"
Finished building: "../Adafruit_SSD1351.c"
 
Building target: "spi_demo.out"
Invoking: Arm Linker
"C:/ti/ccs1250/ccs/tools/compiler/ti-cgt-arm_20.2.7.LTS/bin/armcl" -mv7M4 --code_state=16 --float_support=none -me -Ooff --define=ccs --define=cc3200 -g --diag_warning=225 --diag_wrap=off --display_error_number --abi=eabi -z -m"spi_demo.map" --heap_size=0x800 --stack_size=0x800 -i"C:/ti/ccs1250/ccs/tools/compiler/ti-cgt-arm_20.2.7.LTS/lib" -i"C:/ti/ccs1250/ccs/tools/compiler/ti-cgt-arm_20.2.7.LTS/include" --reread_libs --diag_wrap=off --display_error_number --warn_sections --xml_link_info="spi_demo_linkInfo.xml" --rom_model -o "spi_demo.out" "./Adafruit_GFX.obj" "./Adafruit_SSD1351.obj" "./main.obj" "./oled_test.obj" "./pin_mux_config.obj" "./startup_ccs.obj" "./uart_if.obj" "../cc3200v1p32.cmd"  -l"C:/ti/CC3200SDK_1.5.0/cc3200-sdk/driverlib/ccs/Release/driverlib.a" -llibc.a 
<Linking>
Finished building target: "spi_demo.out"
 
C:/ti/ccs1250/ccs/utils/tiobj2bin/tiobj2bin spi_demo.out spi_demo.bin C:/ti/ccs1250/ccs/tools/compiler/ti-cgt-arm_20.2.7.LTS/bin/armofd C:/ti/ccs1250/ccs/tools/compiler/ti-cgt-arm_20.2.7.LTS/bin/armhex C:/ti/ccs1250/ccs/utils/tiobj2bin/mkhex4bin
 

**** Build Finished ****

**** Build of configuration Debug for project spi_demo ****

"C:\\ti\\ccs1250\\ccs\\utils\\bin\\gmake" -k -j 12 all -O 
 
Building file: "../Adafruit_SSD1351.c"
Invoking: Arm Compiler
"C:/ti/ccs1250/ccs/tools/compiler/ti-cgt-arm_20.2.7.LTS/bin/armcl" -mv7M4 --code_state=16 --float_support=none -me -Ooff --include_path="C:/Users/Josh/Desktop/EEC 172/labs/lab2_part1/spi_demo" --include_path="C:/ti/CC3200SDK_1.5.0/cc3200-sdk/" --include_path="C:/ti/CC3200SDK_1.5.0/cc3200-sdk/driverlib/" --include_path="C:/ti/CC3200SDK_1.5.0/cc3200-sdk/inc/" --include_path="C:/ti/CC3200SDK_1.5.0/cc3200-sdk/example/common/" --include_path="C:/ti/ccs1250/ccs/tools/compiler/ti-cgt-arm_20.2.7.LTS/include" --define=ccs --define=cc3200 -g --diag_warning=225 --diag_wrap=off --display_error_number --abi=eabi --preproc_with_compile --preproc_dependency="Adafruit_SSD1351.d_raw"  "../Adafruit_SSD1351.c"
Finished building: "../Adafruit_SSD1351.c"
 
Building target: "spi_demo.out"
Invoking: Arm Linker
"C:/ti/ccs1250/ccs/tools/compiler/ti-cgt-arm_20.2.7.LTS/bin/armcl" -mv7M4 --code_state=16 --float_support=none -me -Ooff --define=ccs --define=cc3200 -g --diag_warning=225 --diag_wrap=off --display_error_number --abi=eabi -z -m"spi_demo.map" --heap_size=0x800 --stack_size=0x800 -i"C:/ti/ccs1250/ccs/tools/compiler/ti-cgt-arm_20.2.7.LTS/lib" -i"C:/ti/ccs1250/ccs/tools/compiler/ti-cgt-arm_20.2.7.LTS/include" --reread_libs --diag_wrap=off --display_error_number --warn_sections --xml_link_info="spi_demo_linkInfo.xml" --rom_model -o "spi_demo.out" "./Adafruit_GFX.obj" "./Adafruit_SSD1351.obj" "./main.obj" "./oled_test.obj" "./pin_mux_config.obj" "./startup_ccs.obj" "./uart_if.obj" "../cc3200v1p32.cmd"  -l"C:/ti/CC3200SDK_1.5.0/cc3200-sdk/driverlib/ccs/Release/driverlib.a" -llibc.a 
<Linking>
Finished building target: "spi_demo.out"
 
C:/ti/ccs1250/ccs/utils/tiobj2bin/tiobj2bin spi_demo.out spi_demo.bin C:/ti/ccs1250/ccs/tools/compiler/ti-cgt-arm_20.2.7.LTS/bin/armofd C:/ti/ccs1250/ccs/tools/compiler/ti-cgt-arm_20.2.7.LTS/bin/armhex C:/ti/ccs1250/ccs/utils/tiobj2bin/mkhex4bin
 

**** Build Finished ****

**** Build of configuration Debug for project spi_demo ****

"C:\\ti\\ccs1250\\ccs\\utils\\bin\\gmake" -k -j 12 all -O 
 
Building file: "../Adafruit_SSD1351.c"
Invoking: Arm Compiler
"C:/ti/ccs1250/ccs/tools/compiler/ti-cgt-arm_20.2.7.LTS/bin/armcl" -mv7M4 --code_state=16 --float_support=none -me -Ooff --include_path="C:/Users/Josh/Desktop/EEC 172/labs/lab2_part1/spi_demo" --include_path="C:/ti/CC3200SDK_1.5.0/cc3200-sdk/" --include_path="C:/ti/CC3200SDK_1.5.0/cc3200-sdk/driverlib/" --include_path="C:/ti/CC3200SDK_1.5.0/cc3200-sdk/inc/" --include_path="C:/ti/CC3200SDK_1.5.0/cc3200-sdk/example/common/" --include_path="C:/ti/ccs1250/ccs/tools/compiler/ti-cgt-arm_20.2.7.LTS/include" --define=ccs --define=cc3200 -g --diag_warning=225 --diag_wrap=off --display_error_number --abi=eabi --preproc_with_compile --preproc_dependency="Adafruit_SSD1351.d_raw"  "../Adafruit_SSD1351.c"
Finished building: "../Adafruit_SSD1351.c"
 
Building target: "spi_demo.out"
Invoking: Arm Linker
"C:/ti/ccs1250/ccs/tools/compiler/ti-cgt-arm_20.2.7.LTS/bin/armcl" -mv7M4 --code_state=16 --float_support=none -me -Ooff --define=ccs --define=cc3200 -g --diag_warning=225 --diag_wrap=off --display_error_number --abi=eabi -z -m"spi_demo.map" --heap_size=0x800 --stack_size=0x800 -i"C:/ti/ccs1250/ccs/tools/compiler/ti-cgt-arm_20.2.7.LTS/lib" -i"C:/ti/ccs1250/ccs/tools/compiler/ti-cgt-arm_20.2.7.LTS/include" --reread_libs --diag_wrap=off --display_error_number --warn_sections --xml_link_info="spi_demo_linkInfo.xml" --rom_model -o "spi_demo.out" "./Adafruit_GFX.obj" "./Adafruit_SSD1351.obj" "./main.obj" "./oled_test.obj" "./pin_mux_config.obj" "./startup_ccs.obj" "./uart_if.obj" "../cc3200v1p32.cmd"  -l"C:/ti/CC3200SDK_1.5.0/cc3200-sdk/driverlib/ccs/Release/driverlib.a" -llibc.a 
<Linking>
Finished building target: "spi_demo.out"
 
C:/ti/ccs1250/ccs/utils/tiobj2bin/tiobj2bin spi_demo.out spi_demo.bin C:/ti/ccs1250/ccs/tools/compiler/ti-cgt-arm_20.2.7.LTS/bin/armofd C:/ti/ccs1250/ccs/tools/compiler/ti-cgt-arm_20.2.7.LTS/bin/armhex C:/ti/ccs1250/ccs/utils/tiobj2bin/mkhex4bin
 

**** Build Finished ****

**** Build of configuration Debug for project spi_demo ****

"C:\\ti\\ccs1250\\ccs\\utils\\bin\\gmake" -k -j 12 all -O 
 
Building file: "../main.c"
Invoking: Arm Compiler
"C:/ti/ccs1250/ccs/tools/compiler/ti-cgt-arm_20.2.7.LTS/bin/armcl" -mv7M4 --code_state=16 --float_support=none -me -Ooff --include_path="C:/Users/Josh/Desktop/EEC 172/labs/lab2_part1/spi_demo" --include_path="C:/ti/CC3200SDK_1.5.0/cc3200-sdk/" --include_path="C:/ti/CC3200SDK_1.5.0/cc3200-sdk/driverlib/" --include_path="C:/ti/CC3200SDK_1.5.0/cc3200-sdk/inc/" --include_path="C:/ti/CC3200SDK_1.5.0/cc3200-sdk/example/common/" --include_path="C:/ti/ccs1250/ccs/tools/compiler/ti-cgt-arm_20.2.7.LTS/include" --define=ccs --define=cc3200 -g --diag_warning=225 --diag_wrap=off --display_error_number --abi=eabi --preproc_with_compile --preproc_dependency="main.d_raw"  "../main.c"
 
>> Compilation failure
subdir_rules.mk:9: recipe for target 'main.obj' failed
"../main.c", line 176: warning #1238-D: excess initializers are ignored
"../main.c", line 210: warning #169-D: argument of type "const char *" is incompatible with parameter of type "char *"
"../main.c", line 210: warning #169-D: argument of type "const char *" is incompatible with parameter of type "char *"
"../main.c", line 210: warning #169-D: argument of type "const char *" is incompatible with parameter of type "char *"
"../main.c", line 252: warning #225-D: function "alphabet" declared implicitly
"../main.c", line 254: warning #225-D: function "horizontallines" declared implicitly
"../main.c", line 256: warning #225-D: function "verticallines" declared implicitly
"../main.c", line 278: error #171: expected a declaration
"../main.c", line 317: warning #12-D: parsing restarts here after previous syntax error
"../main.c", line 319: error #80: expected a type specifier
"../main.c", line 319: error #80: expected a type specifier
"../main.c", line 319: warning #78-D: this declaration has no storage class or type specifier
"../main.c", line 319: error #148: declaration is incompatible with "void SPIFIFOEnable(unsigned long, unsigned long)" (declared at line 132 of "C:/ti/CC3200SDK_1.5.0/cc3200-sdk/driverlib/spi.h")
"../main.c", line 324: error #80: expected a type specifier
"../main.c", line 324: warning #78-D: this declaration has no storage class or type specifier
"../main.c", line 324: error #148: declaration is incompatible with "void SPIEnable(unsigned long)" (declared at line 120 of "C:/ti/CC3200SDK_1.5.0/cc3200-sdk/driverlib/spi.h")
"../main.c", line 329: warning #78-D: this declaration has no storage class or type specifier
"../main.c", line 329: error #148: declaration is incompatible with "void InitTerm(void)" (declared at line 77 of "C:/ti/CC3200SDK_1.5.0/cc3200-sdk/example/common/uart_if.h")
"../main.c", line 334: warning #78-D: this declaration has no storage class or type specifier
"../main.c", line 334: error #148: declaration is incompatible with "void ClearTerm(void)" (declared at line 78 of "C:/ti/CC3200SDK_1.5.0/cc3200-sdk/example/common/uart_if.h")
"../main.c", line 339: error #80: expected a type specifier
"../main.c", line 339: warning #78-D: this declaration has no storage class or type specifier
"../main.c", line 339: error #148: declaration is incompatible with "void Message(const char *)" (declared at line 79 of "C:/ti/CC3200SDK_1.5.0/cc3200-sdk/example/common/uart_if.h")
"../main.c", line 340: error #80: expected a type specifier
"../main.c", line 340: warning #78-D: this declaration has no storage class or type specifier
"../main.c", line 341: error #80: expected a type specifier
"../main.c", line 341: warning #78-D: this declaration has no storage class or type specifier
"../main.c", line 342: error #80: expected a type specifier
"../main.c", line 342: warning #78-D: this declaration has no storage class or type specifier
"../main.c", line 343: error #80: expected a type specifier
"../main.c", line 343: warning #78-D: this declaration has no storage class or type specifier
"../main.c", line 345: warning #78-D: this declaration has no storage class or type specifier
"../main.c", line 345: error #148: declaration is incompatible with "void Adafruit_Init(void)" (declared at line 95 of "..\Adafruit_SSD1351.h")
"../main.c", line 349: warning #78-D: this declaration has no storage class or type specifier
"../main.c", line 349: error #148: declaration is incompatible with "void playGame()" (declared at line 142)
"../main.c", line 354: error #171: expected a declaration
"../main.c", line 118: warning #179-D: function "BoardInit" was declared but never referenced
17 errors detected in the compilation of "../main.c".
gmake: *** [main.obj] Error 1
gmake: Target 'all' not remade because of errors.

**** Build Finished ****

**** Build of configuration Debug for project spi_demo ****

"C:\\ti\\ccs1250\\ccs\\utils\\bin\\gmake" -k -j 12 all -O 
 
Building file: "../main.c"
Invoking: Arm Compiler
"C:/ti/ccs1250/ccs/tools/compiler/ti-cgt-arm_20.2.7.LTS/bin/armcl" -mv7M4 --code_state=16 --float_support=none -me -Ooff --include_path="C:/Users/Josh/Desktop/EEC 172/labs/lab2_part1/spi_demo" --include_path="C:/ti/CC3200SDK_1.5.0/cc3200-sdk/" --include_path="C:/ti/CC3200SDK_1.5.0/cc3200-sdk/driverlib/" --include_path="C:/ti/CC3200SDK_1.5.0/cc3200-sdk/inc/" --include_path="C:/ti/CC3200SDK_1.5.0/cc3200-sdk/example/common/" --include_path="C:/ti/ccs1250/ccs/tools/compiler/ti-cgt-arm_20.2.7.LTS/include" --define=ccs --define=cc3200 -g --diag_warning=225 --diag_wrap=off --display_error_number --abi=eabi --preproc_with_compile --preproc_dependency="main.d_raw"  "../main.c"
"../main.c", line 176: warning #1238-D: excess initializers are ignored
"../main.c", line 210: warning #169-D: argument of type "const char *" is incompatible with parameter of type "char *"
"../main.c", line 210: warning #169-D: argument of type "const char *" is incompatible with parameter of type "char *"
"../main.c", line 210: warning #169-D: argument of type "const char *" is incompatible with parameter of type "char *"
"../main.c", line 252: warning #225-D: function "alphabet" declared implicitly
"../main.c", line 254: warning #225-D: function "horizontallines" declared implicitly
"../main.c", line 256: warning #225-D: function "verticallines" declared implicitly
Finished building: "../main.c"
 
Building target: "spi_demo.out"
Invoking: Arm Linker
"C:/ti/ccs1250/ccs/tools/compiler/ti-cgt-arm_20.2.7.LTS/bin/armcl" -mv7M4 --code_state=16 --float_support=none -me -Ooff --define=ccs --define=cc3200 -g --diag_warning=225 --diag_wrap=off --display_error_number --abi=eabi -z -m"spi_demo.map" --heap_size=0x800 --stack_size=0x800 -i"C:/ti/ccs1250/ccs/tools/compiler/ti-cgt-arm_20.2.7.LTS/lib" -i"C:/ti/ccs1250/ccs/tools/compiler/ti-cgt-arm_20.2.7.LTS/include" --reread_libs --diag_wrap=off --display_error_number --warn_sections --xml_link_info="spi_demo_linkInfo.xml" --rom_model -o "spi_demo.out" "./Adafruit_GFX.obj" "./Adafruit_SSD1351.obj" "./main.obj" "./oled_test.obj" "./pin_mux_config.obj" "./startup_ccs.obj" "./uart_if.obj" "../cc3200v1p32.cmd"  -l"C:/ti/CC3200SDK_1.5.0/cc3200-sdk/driverlib/ccs/Release/driverlib.a" -llibc.a 
<Linking>
Finished building target: "spi_demo.out"
 
C:/ti/ccs1250/ccs/utils/tiobj2bin/tiobj2bin spi_demo.out spi_demo.bin C:/ti/ccs1250/ccs/tools/compiler/ti-cgt-arm_20.2.7.LTS/bin/armofd C:/ti/ccs1250/ccs/tools/compiler/ti-cgt-arm_20.2.7.LTS/bin/armhex C:/ti/ccs1250/ccs/utils/tiobj2bin/mkhex4bin
 

**** Build Finished ****

**** Build of configuration Debug for project spi_demo ****

"C:\\ti\\ccs1250\\ccs\\utils\\bin\\gmake" -k -j 12 all -O 
 
Building file: "../main.c"
Invoking: Arm Compiler
"C:/ti/ccs1250/ccs/tools/compiler/ti-cgt-arm_20.2.7.LTS/bin/armcl" -mv7M4 --code_state=16 --float_support=none -me -Ooff --include_path="C:/Users/Josh/Desktop/EEC 172/labs/lab2_part1/spi_demo" --include_path="C:/ti/CC3200SDK_1.5.0/cc3200-sdk/" --include_path="C:/ti/CC3200SDK_1.5.0/cc3200-sdk/driverlib/" --include_path="C:/ti/CC3200SDK_1.5.0/cc3200-sdk/inc/" --include_path="C:/ti/CC3200SDK_1.5.0/cc3200-sdk/example/common/" --include_path="C:/ti/ccs1250/ccs/tools/compiler/ti-cgt-arm_20.2.7.LTS/include" --define=ccs --define=cc3200 -g --diag_warning=225 --diag_wrap=off --display_error_number --abi=eabi --preproc_with_compile --preproc_dependency="main.d_raw"  "../main.c"
"../main.c", line 176: warning #1238-D: excess initializers are ignored
"../main.c", line 210: warning #169-D: argument of type "const char *" is incompatible with parameter of type "char *"
"../main.c", line 210: warning #169-D: argument of type "const char *" is incompatible with parameter of type "char *"
"../main.c", line 210: warning #169-D: argument of type "const char *" is incompatible with parameter of type "char *"
"../main.c", line 252: warning #225-D: function "alphabet" declared implicitly
"../main.c", line 254: warning #225-D: function "horizontallines" declared implicitly
"../main.c", line 256: warning #225-D: function "verticallines" declared implicitly
Finished building: "../main.c"
 
Building target: "spi_demo.out"
Invoking: Arm Linker
"C:/ti/ccs1250/ccs/tools/compiler/ti-cgt-arm_20.2.7.LTS/bin/armcl" -mv7M4 --code_state=16 --float_support=none -me -Ooff --define=ccs --define=cc3200 -g --diag_warning=225 --diag_wrap=off --display_error_number --abi=eabi -z -m"spi_demo.map" --heap_size=0x800 --stack_size=0x800 -i"C:/ti/ccs1250/ccs/tools/compiler/ti-cgt-arm_20.2.7.LTS/lib" -i"C:/ti/ccs1250/ccs/tools/compiler/ti-cgt-arm_20.2.7.LTS/include" --reread_libs --diag_wrap=off --display_error_number --warn_sections --xml_link_info="spi_demo_linkInfo.xml" --rom_model -o "spi_demo.out" "./Adafruit_GFX.obj" "./Adafruit_SSD1351.obj" "./main.obj" "./oled_test.obj" "./pin_mux_config.obj" "./startup_ccs.obj" "./uart_if.obj" "../cc3200v1p32.cmd"  -l"C:/ti/CC3200SDK_1.5.0/cc3200-sdk/driverlib/ccs/Release/driverlib.a" -llibc.a 
<Linking>
Finished building target: "spi_demo.out"
 
C:/ti/ccs1250/ccs/utils/tiobj2bin/tiobj2bin spi_demo.out spi_demo.bin C:/ti/ccs1250/ccs/tools/compiler/ti-cgt-arm_20.2.7.LTS/bin/armofd C:/ti/ccs1250/ccs/tools/compiler/ti-cgt-arm_20.2.7.LTS/bin/armhex C:/ti/ccs1250/ccs/utils/tiobj2bin/mkhex4bin
 

**** Build Finished ****

**** Build of configuration Debug for project spi_demo ****

"C:\\ti\\ccs1250\\ccs\\utils\\bin\\gmake" -k -j 12 all -O 
 
Building file: "../main.c"
Invoking: Arm Compiler
"C:/ti/ccs1250/ccs/tools/compiler/ti-cgt-arm_20.2.7.LTS/bin/armcl" -mv7M4 --code_state=16 --float_support=none -me -Ooff --include_path="C:/Users/Josh/Desktop/EEC 172/labs/lab2_part1/spi_demo" --include_path="C:/ti/CC3200SDK_1.5.0/cc3200-sdk/" --include_path="C:/ti/CC3200SDK_1.5.0/cc3200-sdk/driverlib/" --include_path="C:/ti/CC3200SDK_1.5.0/cc3200-sdk/inc/" --include_path="C:/ti/CC3200SDK_1.5.0/cc3200-sdk/example/common/" --include_path="C:/ti/ccs1250/ccs/tools/compiler/ti-cgt-arm_20.2.7.LTS/include" --define=ccs --define=cc3200 -g --diag_warning=225 --diag_wrap=off --display_error_number --abi=eabi --preproc_with_compile --preproc_dependency="main.d_raw"  "../main.c"
"../main.c", line 176: warning #1238-D: excess initializers are ignored
"../main.c", line 210: warning #169-D: argument of type "const char *" is incompatible with parameter of type "char *"
"../main.c", line 210: warning #169-D: argument of type "const char *" is incompatible with parameter of type "char *"
"../main.c", line 210: warning #169-D: argument of type "const char *" is incompatible with parameter of type "char *"
"../main.c", line 252: warning #225-D: function "alphabet" declared implicitly
"../main.c", line 254: warning #225-D: function "horizontallines" declared implicitly
"../main.c", line 256: warning #225-D: function "verticallines" declared implicitly
Finished building: "../main.c"
 
Building target: "spi_demo.out"
Invoking: Arm Linker
"C:/ti/ccs1250/ccs/tools/compiler/ti-cgt-arm_20.2.7.LTS/bin/armcl" -mv7M4 --code_state=16 --float_support=none -me -Ooff --define=ccs --define=cc3200 -g --diag_warning=225 --diag_wrap=off --display_error_number --abi=eabi -z -m"spi_demo.map" --heap_size=0x800 --stack_size=0x800 -i"C:/ti/ccs1250/ccs/tools/compiler/ti-cgt-arm_20.2.7.LTS/lib" -i"C:/ti/ccs1250/ccs/tools/compiler/ti-cgt-arm_20.2.7.LTS/include" --reread_libs --diag_wrap=off --display_error_number --warn_sections --xml_link_info="spi_demo_linkInfo.xml" --rom_model -o "spi_demo.out" "./Adafruit_GFX.obj" "./Adafruit_SSD1351.obj" "./main.obj" "./oled_test.obj" "./pin_mux_config.obj" "./startup_ccs.obj" "./uart_if.obj" "../cc3200v1p32.cmd"  -l"C:/ti/CC3200SDK_1.5.0/cc3200-sdk/driverlib/ccs/Release/driverlib.a" -llibc.a 
<Linking>
Finished building target: "spi_demo.out"
 
C:/ti/ccs1250/ccs/utils/tiobj2bin/tiobj2bin spi_demo.out spi_demo.bin C:/ti/ccs1250/ccs/tools/compiler/ti-cgt-arm_20.2.7.LTS/bin/armofd C:/ti/ccs1250/ccs/tools/compiler/ti-cgt-arm_20.2.7.LTS/bin/armhex C:/ti/ccs1250/ccs/utils/tiobj2bin/mkhex4bin
 

**** Build Finished ****

**** Build of configuration Debug for project spi_demo ****

"C:\\ti\\ccs1250\\ccs\\utils\\bin\\gmake" -k -j 12 all -O 
 
Building file: "../main.c"
Invoking: Arm Compiler
"C:/ti/ccs1250/ccs/tools/compiler/ti-cgt-arm_20.2.7.LTS/bin/armcl" -mv7M4 --code_state=16 --float_support=none -me -Ooff --include_path="C:/Users/Josh/Desktop/EEC 172/labs/lab2_part1/spi_demo" --include_path="C:/ti/CC3200SDK_1.5.0/cc3200-sdk/" --include_path="C:/ti/CC3200SDK_1.5.0/cc3200-sdk/driverlib/" --include_path="C:/ti/CC3200SDK_1.5.0/cc3200-sdk/inc/" --include_path="C:/ti/CC3200SDK_1.5.0/cc3200-sdk/example/common/" --include_path="C:/ti/ccs1250/ccs/tools/compiler/ti-cgt-arm_20.2.7.LTS/include" --define=ccs --define=cc3200 -g --diag_warning=225 --diag_wrap=off --display_error_number --abi=eabi --preproc_with_compile --preproc_dependency="main.d_raw"  "../main.c"
"../main.c", line 176: warning #1238-D: excess initializers are ignored
"../main.c", line 210: warning #169-D: argument of type "const char *" is incompatible with parameter of type "char *"
"../main.c", line 210: warning #169-D: argument of type "const char *" is incompatible with parameter of type "char *"
"../main.c", line 210: warning #169-D: argument of type "const char *" is incompatible with parameter of type "char *"
"../main.c", line 252: warning #225-D: function "alphabet" declared implicitly
"../main.c", line 254: warning #225-D: function "horizontallines" declared implicitly
"../main.c", line 256: warning #225-D: function "verticallines" declared implicitly
Finished building: "../main.c"
 
Building target: "spi_demo.out"
Invoking: Arm Linker
"C:/ti/ccs1250/ccs/tools/compiler/ti-cgt-arm_20.2.7.LTS/bin/armcl" -mv7M4 --code_state=16 --float_support=none -me -Ooff --define=ccs --define=cc3200 -g --diag_warning=225 --diag_wrap=off --display_error_number --abi=eabi -z -m"spi_demo.map" --heap_size=0x800 --stack_size=0x800 -i"C:/ti/ccs1250/ccs/tools/compiler/ti-cgt-arm_20.2.7.LTS/lib" -i"C:/ti/ccs1250/ccs/tools/compiler/ti-cgt-arm_20.2.7.LTS/include" --reread_libs --diag_wrap=off --display_error_number --warn_sections --xml_link_info="spi_demo_linkInfo.xml" --rom_model -o "spi_demo.out" "./Adafruit_GFX.obj" "./Adafruit_SSD1351.obj" "./main.obj" "./oled_test.obj" "./pin_mux_config.obj" "./startup_ccs.obj" "./uart_if.obj" "../cc3200v1p32.cmd"  -l"C:/ti/CC3200SDK_1.5.0/cc3200-sdk/driverlib/ccs/Release/driverlib.a" -llibc.a 
<Linking>
Finished building target: "spi_demo.out"
 
C:/ti/ccs1250/ccs/utils/tiobj2bin/tiobj2bin spi_demo.out spi_demo.bin C:/ti/ccs1250/ccs/tools/compiler/ti-cgt-arm_20.2.7.LTS/bin/armofd C:/ti/ccs1250/ccs/tools/compiler/ti-cgt-arm_20.2.7.LTS/bin/armhex C:/ti/ccs1250/ccs/utils/tiobj2bin/mkhex4bin
 

**** Build Finished ****

**** Build of configuration Debug for project spi_demo ****

"C:\\ti\\ccs1250\\ccs\\utils\\bin\\gmake" -k -j 12 all -O 
 
Building file: "../oled_test.c"
Invoking: Arm Compiler
"C:/ti/ccs1250/ccs/tools/compiler/ti-cgt-arm_20.2.7.LTS/bin/armcl" -mv7M4 --code_state=16 --float_support=none -me -Ooff --include_path="C:/Users/Josh/Desktop/EEC 172/labs/lab2_part1/spi_demo" --include_path="C:/ti/CC3200SDK_1.5.0/cc3200-sdk/" --include_path="C:/ti/CC3200SDK_1.5.0/cc3200-sdk/driverlib/" --include_path="C:/ti/CC3200SDK_1.5.0/cc3200-sdk/inc/" --include_path="C:/ti/CC3200SDK_1.5.0/cc3200-sdk/example/common/" --include_path="C:/ti/ccs1250/ccs/tools/compiler/ti-cgt-arm_20.2.7.LTS/include" --define=ccs --define=cc3200 -g --diag_warning=225 --diag_wrap=off --display_error_number --abi=eabi --preproc_with_compile --preproc_dependency="oled_test.d_raw"  "../oled_test.c"
"../oled_test.c", line 19: warning #179-D: variable "p" was declared but never referenced
Finished building: "../oled_test.c"
 
Building target: "spi_demo.out"
Invoking: Arm Linker
"C:/ti/ccs1250/ccs/tools/compiler/ti-cgt-arm_20.2.7.LTS/bin/armcl" -mv7M4 --code_state=16 --float_support=none -me -Ooff --define=ccs --define=cc3200 -g --diag_warning=225 --diag_wrap=off --display_error_number --abi=eabi -z -m"spi_demo.map" --heap_size=0x800 --stack_size=0x800 -i"C:/ti/ccs1250/ccs/tools/compiler/ti-cgt-arm_20.2.7.LTS/lib" -i"C:/ti/ccs1250/ccs/tools/compiler/ti-cgt-arm_20.2.7.LTS/include" --reread_libs --diag_wrap=off --display_error_number --warn_sections --xml_link_info="spi_demo_linkInfo.xml" --rom_model -o "spi_demo.out" "./Adafruit_GFX.obj" "./Adafruit_SSD1351.obj" "./main.obj" "./oled_test.obj" "./pin_mux_config.obj" "./startup_ccs.obj" "./uart_if.obj" "../cc3200v1p32.cmd"  -l"C:/ti/CC3200SDK_1.5.0/cc3200-sdk/driverlib/ccs/Release/driverlib.a" -llibc.a 
<Linking>
Finished building target: "spi_demo.out"
 
C:/ti/ccs1250/ccs/utils/tiobj2bin/tiobj2bin spi_demo.out spi_demo.bin C:/ti/ccs1250/ccs/tools/compiler/ti-cgt-arm_20.2.7.LTS/bin/armofd C:/ti/ccs1250/ccs/tools/compiler/ti-cgt-arm_20.2.7.LTS/bin/armhex C:/ti/ccs1250/ccs/utils/tiobj2bin/mkhex4bin
 

**** Build Finished ****

**** Build of configuration Debug for project spi_demo ****

"C:\\ti\\ccs1250\\ccs\\utils\\bin\\gmake" -k -j 12 all -O 
 
Building file: "../main.c"
Invoking: Arm Compiler
"C:/ti/ccs1250/ccs/tools/compiler/ti-cgt-arm_20.2.7.LTS/bin/armcl" -mv7M4 --code_state=16 --float_support=none -me -Ooff --include_path="C:/Users/Josh/Desktop/EEC 172/labs/lab2_part1/spi_demo" --include_path="C:/ti/CC3200SDK_1.5.0/cc3200-sdk/" --include_path="C:/ti/CC3200SDK_1.5.0/cc3200-sdk/driverlib/" --include_path="C:/ti/CC3200SDK_1.5.0/cc3200-sdk/inc/" --include_path="C:/ti/CC3200SDK_1.5.0/cc3200-sdk/example/common/" --include_path="C:/ti/ccs1250/ccs/tools/compiler/ti-cgt-arm_20.2.7.LTS/include" --define=ccs --define=cc3200 -g --diag_warning=225 --diag_wrap=off --display_error_number --abi=eabi --preproc_with_compile --preproc_dependency="main.d_raw"  "../main.c"
"../main.c", line 176: warning #1238-D: excess initializers are ignored
"../main.c", line 210: warning #169-D: argument of type "const char *" is incompatible with parameter of type "char *"
"../main.c", line 210: warning #169-D: argument of type "const char *" is incompatible with parameter of type "char *"
"../main.c", line 210: warning #169-D: argument of type "const char *" is incompatible with parameter of type "char *"
"../main.c", line 252: warning #225-D: function "alphabet" declared implicitly
"../main.c", line 254: warning #225-D: function "horizontallines" declared implicitly
"../main.c", line 256: warning #225-D: function "verticallines" declared implicitly
Finished building: "../main.c"
 
Building target: "spi_demo.out"
Invoking: Arm Linker
"C:/ti/ccs1250/ccs/tools/compiler/ti-cgt-arm_20.2.7.LTS/bin/armcl" -mv7M4 --code_state=16 --float_support=none -me -Ooff --define=ccs --define=cc3200 -g --diag_warning=225 --diag_wrap=off --display_error_number --abi=eabi -z -m"spi_demo.map" --heap_size=0x800 --stack_size=0x800 -i"C:/ti/ccs1250/ccs/tools/compiler/ti-cgt-arm_20.2.7.LTS/lib" -i"C:/ti/ccs1250/ccs/tools/compiler/ti-cgt-arm_20.2.7.LTS/include" --reread_libs --diag_wrap=off --display_error_number --warn_sections --xml_link_info="spi_demo_linkInfo.xml" --rom_model -o "spi_demo.out" "./Adafruit_GFX.obj" "./Adafruit_SSD1351.obj" "./main.obj" "./oled_test.obj" "./pin_mux_config.obj" "./startup_ccs.obj" "./uart_if.obj" "../cc3200v1p32.cmd"  -l"C:/ti/CC3200SDK_1.5.0/cc3200-sdk/driverlib/ccs/Release/driverlib.a" -llibc.a 
<Linking>
Finished building target: "spi_demo.out"
 
C:/ti/ccs1250/ccs/utils/tiobj2bin/tiobj2bin spi_demo.out spi_demo.bin C:/ti/ccs1250/ccs/tools/compiler/ti-cgt-arm_20.2.7.LTS/bin/armofd C:/ti/ccs1250/ccs/tools/compiler/ti-cgt-arm_20.2.7.LTS/bin/armhex C:/ti/ccs1250/ccs/utils/tiobj2bin/mkhex4bin
 

**** Build Finished ****

**** Build of configuration Debug for project spi_demo ****

"C:\\ti\\ccs1250\\ccs\\utils\\bin\\gmake" -k -j 12 all -O 
 
gmake[1]: 'spi_demo.out' is up to date.

**** Build Finished ****

**** Build of configuration Debug for project spi_demo ****

"C:\\ti\\ccs1250\\ccs\\utils\\bin\\gmake" -k -j 12 all -O 
 
gmake[1]: 'spi_demo.out' is up to date.

**** Build Finished ****

**** Build of configuration Debug for project spi_demo ****

"C:\\ti\\ccs1250\\ccs\\utils\\bin\\gmake" -k -j 12 all -O 
 
gmake[1]: 'spi_demo.out' is up to date.

**** Build Finished ****

**** Build of configuration Debug for project spi_demo ****

"C:\\ti\\ccs1250\\ccs\\utils\\bin\\gmake" -k -j 12 all -O 
 
Building file: "../main.c"
Invoking: Arm Compiler
"C:/ti/ccs1250/ccs/tools/compiler/ti-cgt-arm_20.2.7.LTS/bin/armcl" -mv7M4 --code_state=16 --float_support=none -me -Ooff --include_path="C:/Users/Josh/Desktop/EEC 172/labs/lab2_part1/spi_demo" --include_path="C:/ti/CC3200SDK_1.5.0/cc3200-sdk/" --include_path="C:/ti/CC3200SDK_1.5.0/cc3200-sdk/driverlib/" --include_path="C:/ti/CC3200SDK_1.5.0/cc3200-sdk/inc/" --include_path="C:/ti/CC3200SDK_1.5.0/cc3200-sdk/example/common/" --include_path="C:/ti/ccs1250/ccs/tools/compiler/ti-cgt-arm_20.2.7.LTS/include" --define=ccs --define=cc3200 -g --diag_warning=225 --diag_wrap=off --display_error_number --abi=eabi --preproc_with_compile --preproc_dependency="main.d_raw"  "../main.c"
"../main.c", line 176: warning #1238-D: excess initializers are ignored
"../main.c", line 210: warning #169-D: argument of type "const char *" is incompatible with parameter of type "char *"
"../main.c", line 210: warning #169-D: argument of type "const char *" is incompatible with parameter of type "char *"
"../main.c", line 210: warning #169-D: argument of type "const char *" is incompatible with parameter of type "char *"
"../main.c", line 252: warning #225-D: function "alphabet" declared implicitly
"../main.c", line 254: warning #225-D: function "horizontallines" declared implicitly
"../main.c", line 256: warning #225-D: function "verticallines" declared implicitly
Finished building: "../main.c"
 
Building file: "../oled_test.c"
Invoking: Arm Compiler
"C:/ti/ccs1250/ccs/tools/compiler/ti-cgt-arm_20.2.7.LTS/bin/armcl" -mv7M4 --code_state=16 --float_support=none -me -Ooff --include_path="C:/Users/Josh/Desktop/EEC 172/labs/lab2_part1/spi_demo" --include_path="C:/ti/CC3200SDK_1.5.0/cc3200-sdk/" --include_path="C:/ti/CC3200SDK_1.5.0/cc3200-sdk/driverlib/" --include_path="C:/ti/CC3200SDK_1.5.0/cc3200-sdk/inc/" --include_path="C:/ti/CC3200SDK_1.5.0/cc3200-sdk/example/common/" --include_path="C:/ti/ccs1250/ccs/tools/compiler/ti-cgt-arm_20.2.7.LTS/include" --define=ccs --define=cc3200 -g --diag_warning=225 --diag_wrap=off --display_error_number --abi=eabi --preproc_with_compile --preproc_dependency="oled_test.d_raw"  "../oled_test.c"
"../oled_test.c", line 247: warning #225-D: function "UtilsDelay" declared implicitly
"../oled_test.c", line 19: warning #179-D: variable "p" was declared but never referenced
Finished building: "../oled_test.c"
 
Building target: "spi_demo.out"
Invoking: Arm Linker
"C:/ti/ccs1250/ccs/tools/compiler/ti-cgt-arm_20.2.7.LTS/bin/armcl" -mv7M4 --code_state=16 --float_support=none -me -Ooff --define=ccs --define=cc3200 -g --diag_warning=225 --diag_wrap=off --display_error_number --abi=eabi -z -m"spi_demo.map" --heap_size=0x800 --stack_size=0x800 -i"C:/ti/ccs1250/ccs/tools/compiler/ti-cgt-arm_20.2.7.LTS/lib" -i"C:/ti/ccs1250/ccs/tools/compiler/ti-cgt-arm_20.2.7.LTS/include" --reread_libs --diag_wrap=off --display_error_number --warn_sections --xml_link_info="spi_demo_linkInfo.xml" --rom_model -o "spi_demo.out" "./Adafruit_GFX.obj" "./Adafruit_SSD1351.obj" "./main.obj" "./oled_test.obj" "./pin_mux_config.obj" "./startup_ccs.obj" "./uart_if.obj" "../cc3200v1p32.cmd"  -l"C:/ti/CC3200SDK_1.5.0/cc3200-sdk/driverlib/ccs/Release/driverlib.a" -llibc.a 
<Linking>
Finished building target: "spi_demo.out"
 
C:/ti/ccs1250/ccs/utils/tiobj2bin/tiobj2bin spi_demo.out spi_demo.bin C:/ti/ccs1250/ccs/tools/compiler/ti-cgt-arm_20.2.7.LTS/bin/armofd C:/ti/ccs1250/ccs/tools/compiler/ti-cgt-arm_20.2.7.LTS/bin/armhex C:/ti/ccs1250/ccs/utils/tiobj2bin/mkhex4bin
 

**** Build Finished ****

**** Build of configuration Debug for project spi_demo ****

"C:\\ti\\ccs1250\\ccs\\utils\\bin\\gmake" -k -j 12 all -O 
 
Building file: "../main.c"
Invoking: Arm Compiler
"C:/ti/ccs1250/ccs/tools/compiler/ti-cgt-arm_20.2.7.LTS/bin/armcl" -mv7M4 --code_state=16 --float_support=none -me -Ooff --include_path="C:/Users/Josh/Desktop/EEC 172/labs/lab2_part1/spi_demo" --include_path="C:/ti/CC3200SDK_1.5.0/cc3200-sdk/" --include_path="C:/ti/CC3200SDK_1.5.0/cc3200-sdk/driverlib/" --include_path="C:/ti/CC3200SDK_1.5.0/cc3200-sdk/inc/" --include_path="C:/ti/CC3200SDK_1.5.0/cc3200-sdk/example/common/" --include_path="C:/ti/ccs1250/ccs/tools/compiler/ti-cgt-arm_20.2.7.LTS/include" --define=ccs --define=cc3200 -g --diag_warning=225 --diag_wrap=off --display_error_number --abi=eabi --preproc_with_compile --preproc_dependency="main.d_raw"  "../main.c"
"../main.c", line 176: warning #1238-D: excess initializers are ignored
"../main.c", line 210: warning #169-D: argument of type "const char *" is incompatible with parameter of type "char *"
"../main.c", line 210: warning #169-D: argument of type "const char *" is incompatible with parameter of type "char *"
"../main.c", line 210: warning #169-D: argument of type "const char *" is incompatible with parameter of type "char *"
"../main.c", line 252: warning #225-D: function "alphabet" declared implicitly
"../main.c", line 254: warning #225-D: function "horizontallines" declared implicitly
"../main.c", line 256: warning #225-D: function "verticallines" declared implicitly
Finished building: "../main.c"
 
Building target: "spi_demo.out"
Invoking: Arm Linker
"C:/ti/ccs1250/ccs/tools/compiler/ti-cgt-arm_20.2.7.LTS/bin/armcl" -mv7M4 --code_state=16 --float_support=none -me -Ooff --define=ccs --define=cc3200 -g --diag_warning=225 --diag_wrap=off --display_error_number --abi=eabi -z -m"spi_demo.map" --heap_size=0x800 --stack_size=0x800 -i"C:/ti/ccs1250/ccs/tools/compiler/ti-cgt-arm_20.2.7.LTS/lib" -i"C:/ti/ccs1250/ccs/tools/compiler/ti-cgt-arm_20.2.7.LTS/include" --reread_libs --diag_wrap=off --display_error_number --warn_sections --xml_link_info="spi_demo_linkInfo.xml" --rom_model -o "spi_demo.out" "./Adafruit_GFX.obj" "./Adafruit_SSD1351.obj" "./main.obj" "./oled_test.obj" "./pin_mux_config.obj" "./startup_ccs.obj" "./uart_if.obj" "../cc3200v1p32.cmd"  -l"C:/ti/CC3200SDK_1.5.0/cc3200-sdk/driverlib/ccs/Release/driverlib.a" -llibc.a 
<Linking>
Finished building target: "spi_demo.out"
 
C:/ti/ccs1250/ccs/utils/tiobj2bin/tiobj2bin spi_demo.out spi_demo.bin C:/ti/ccs1250/ccs/tools/compiler/ti-cgt-arm_20.2.7.LTS/bin/armofd C:/ti/ccs1250/ccs/tools/compiler/ti-cgt-arm_20.2.7.LTS/bin/armhex C:/ti/ccs1250/ccs/utils/tiobj2bin/mkhex4bin
 

**** Build Finished ****

**** Build of configuration Debug for project spi_demo ****

"C:\\ti\\ccs1250\\ccs\\utils\\bin\\gmake" -k -j 12 all -O 
 
gmake[1]: 'spi_demo.out' is up to date.

**** Build Finished ****

**** Build of configuration Debug for project spi_demo ****

"C:\\ti\\ccs1250\\ccs\\utils\\bin\\gmake" -k -j 12 all -O 
 
Building file: "../oled_test.c"
Invoking: Arm Compiler
"C:/ti/ccs1250/ccs/tools/compiler/ti-cgt-arm_20.2.7.LTS/bin/armcl" -mv7M4 --code_state=16 --float_support=none -me -Ooff --include_path="C:/Users/Josh/Desktop/EEC 172/labs/lab2_part1/spi_demo" --include_path="C:/ti/CC3200SDK_1.5.0/cc3200-sdk/" --include_path="C:/ti/CC3200SDK_1.5.0/cc3200-sdk/driverlib/" --include_path="C:/ti/CC3200SDK_1.5.0/cc3200-sdk/inc/" --include_path="C:/ti/CC3200SDK_1.5.0/cc3200-sdk/example/common/" --include_path="C:/ti/ccs1250/ccs/tools/compiler/ti-cgt-arm_20.2.7.LTS/include" --define=ccs --define=cc3200 -g --diag_warning=225 --diag_wrap=off --display_error_number --abi=eabi --preproc_with_compile --preproc_dependency="oled_test.d_raw"  "../oled_test.c"
"../oled_test.c", line 247: warning #225-D: function "UtilsDelay" declared implicitly
"../oled_test.c", line 19: warning #179-D: variable "p" was declared but never referenced
Finished building: "../oled_test.c"
 
Building target: "spi_demo.out"
Invoking: Arm Linker
"C:/ti/ccs1250/ccs/tools/compiler/ti-cgt-arm_20.2.7.LTS/bin/armcl" -mv7M4 --code_state=16 --float_support=none -me -Ooff --define=ccs --define=cc3200 -g --diag_warning=225 --diag_wrap=off --display_error_number --abi=eabi -z -m"spi_demo.map" --heap_size=0x800 --stack_size=0x800 -i"C:/ti/ccs1250/ccs/tools/compiler/ti-cgt-arm_20.2.7.LTS/lib" -i"C:/ti/ccs1250/ccs/tools/compiler/ti-cgt-arm_20.2.7.LTS/include" --reread_libs --diag_wrap=off --display_error_number --warn_sections --xml_link_info="spi_demo_linkInfo.xml" --rom_model -o "spi_demo.out" "./Adafruit_GFX.obj" "./Adafruit_SSD1351.obj" "./main.obj" "./oled_test.obj" "./pin_mux_config.obj" "./startup_ccs.obj" "./uart_if.obj" "../cc3200v1p32.cmd"  -l"C:/ti/CC3200SDK_1.5.0/cc3200-sdk/driverlib/ccs/Release/driverlib.a" -llibc.a 
<Linking>
Finished building target: "spi_demo.out"
 
C:/ti/ccs1250/ccs/utils/tiobj2bin/tiobj2bin spi_demo.out spi_demo.bin C:/ti/ccs1250/ccs/tools/compiler/ti-cgt-arm_20.2.7.LTS/bin/armofd C:/ti/ccs1250/ccs/tools/compiler/ti-cgt-arm_20.2.7.LTS/bin/armhex C:/ti/ccs1250/ccs/utils/tiobj2bin/mkhex4bin
 

**** Build Finished ****

**** Build of configuration Debug for project spi_demo ****

"C:\\ti\\ccs1250\\ccs\\utils\\bin\\gmake" -k -j 12 all -O 
 
Building file: "../main.c"
Invoking: Arm Compiler
"C:/ti/ccs1250/ccs/tools/compiler/ti-cgt-arm_20.2.7.LTS/bin/armcl" -mv7M4 --code_state=16 --float_support=none -me -Ooff --include_path="C:/Users/Josh/Desktop/EEC 172/labs/lab2_part1/spi_demo" --include_path="C:/ti/CC3200SDK_1.5.0/cc3200-sdk/" --include_path="C:/ti/CC3200SDK_1.5.0/cc3200-sdk/driverlib/" --include_path="C:/ti/CC3200SDK_1.5.0/cc3200-sdk/inc/" --include_path="C:/ti/CC3200SDK_1.5.0/cc3200-sdk/example/common/" --include_path="C:/ti/ccs1250/ccs/tools/compiler/ti-cgt-arm_20.2.7.LTS/include" --define=ccs --define=cc3200 -g --diag_warning=225 --diag_wrap=off --display_error_number --abi=eabi --preproc_with_compile --preproc_dependency="main.d_raw"  "../main.c"
"../main.c", line 176: warning #1238-D: excess initializers are ignored
"../main.c", line 210: warning #169-D: argument of type "const char *" is incompatible with parameter of type "char *"
"../main.c", line 210: warning #169-D: argument of type "const char *" is incompatible with parameter of type "char *"
"../main.c", line 210: warning #169-D: argument of type "const char *" is incompatible with parameter of type "char *"
"../main.c", line 252: warning #225-D: function "alphabet" declared implicitly
"../main.c", line 254: warning #225-D: function "horizontallines" declared implicitly
"../main.c", line 256: warning #225-D: function "verticallines" declared implicitly
Finished building: "../main.c"
 
Building target: "spi_demo.out"
Invoking: Arm Linker
"C:/ti/ccs1250/ccs/tools/compiler/ti-cgt-arm_20.2.7.LTS/bin/armcl" -mv7M4 --code_state=16 --float_support=none -me -Ooff --define=ccs --define=cc3200 -g --diag_warning=225 --diag_wrap=off --display_error_number --abi=eabi -z -m"spi_demo.map" --heap_size=0x800 --stack_size=0x800 -i"C:/ti/ccs1250/ccs/tools/compiler/ti-cgt-arm_20.2.7.LTS/lib" -i"C:/ti/ccs1250/ccs/tools/compiler/ti-cgt-arm_20.2.7.LTS/include" --reread_libs --diag_wrap=off --display_error_number --warn_sections --xml_link_info="spi_demo_linkInfo.xml" --rom_model -o "spi_demo.out" "./Adafruit_GFX.obj" "./Adafruit_SSD1351.obj" "./main.obj" "./oled_test.obj" "./pin_mux_config.obj" "./startup_ccs.obj" "./uart_if.obj" "../cc3200v1p32.cmd"  -l"C:/ti/CC3200SDK_1.5.0/cc3200-sdk/driverlib/ccs/Release/driverlib.a" -llibc.a 
<Linking>
Finished building target: "spi_demo.out"
 
C:/ti/ccs1250/ccs/utils/tiobj2bin/tiobj2bin spi_demo.out spi_demo.bin C:/ti/ccs1250/ccs/tools/compiler/ti-cgt-arm_20.2.7.LTS/bin/armofd C:/ti/ccs1250/ccs/tools/compiler/ti-cgt-arm_20.2.7.LTS/bin/armhex C:/ti/ccs1250/ccs/utils/tiobj2bin/mkhex4bin
 

**** Build Finished ****

**** Build of configuration Debug for project spi_demo ****

"C:\\ti\\ccs1250\\ccs\\utils\\bin\\gmake" -k -j 12 all -O 
 
Building file: "../main.c"
Invoking: Arm Compiler
"C:/ti/ccs1250/ccs/tools/compiler/ti-cgt-arm_20.2.7.LTS/bin/armcl" -mv7M4 --code_state=16 --float_support=none -me -Ooff --include_path="C:/Users/Josh/Desktop/EEC 172/labs/lab2_part1/spi_demo" --include_path="C:/ti/CC3200SDK_1.5.0/cc3200-sdk/" --include_path="C:/ti/CC3200SDK_1.5.0/cc3200-sdk/driverlib/" --include_path="C:/ti/CC3200SDK_1.5.0/cc3200-sdk/inc/" --include_path="C:/ti/CC3200SDK_1.5.0/cc3200-sdk/example/common/" --include_path="C:/ti/ccs1250/ccs/tools/compiler/ti-cgt-arm_20.2.7.LTS/include" --define=ccs --define=cc3200 -g --diag_warning=225 --diag_wrap=off --display_error_number --abi=eabi --preproc_with_compile --preproc_dependency="main.d_raw"  "../main.c"
"../main.c", line 176: warning #1238-D: excess initializers are ignored
"../main.c", line 210: warning #169-D: argument of type "const char *" is incompatible with parameter of type "char *"
"../main.c", line 210: warning #169-D: argument of type "const char *" is incompatible with parameter of type "char *"
"../main.c", line 210: warning #169-D: argument of type "const char *" is incompatible with parameter of type "char *"
"../main.c", line 252: warning #225-D: function "alphabet" declared implicitly
"../main.c", line 254: warning #225-D: function "horizontallines" declared implicitly
"../main.c", line 256: warning #225-D: function "verticallines" declared implicitly
Finished building: "../main.c"
 
Building target: "spi_demo.out"
Invoking: Arm Linker
"C:/ti/ccs1250/ccs/tools/compiler/ti-cgt-arm_20.2.7.LTS/bin/armcl" -mv7M4 --code_state=16 --float_support=none -me -Ooff --define=ccs --define=cc3200 -g --diag_warning=225 --diag_wrap=off --display_error_number --abi=eabi -z -m"spi_demo.map" --heap_size=0x800 --stack_size=0x800 -i"C:/ti/ccs1250/ccs/tools/compiler/ti-cgt-arm_20.2.7.LTS/lib" -i"C:/ti/ccs1250/ccs/tools/compiler/ti-cgt-arm_20.2.7.LTS/include" --reread_libs --diag_wrap=off --display_error_number --warn_sections --xml_link_info="spi_demo_linkInfo.xml" --rom_model -o "spi_demo.out" "./Adafruit_GFX.obj" "./Adafruit_SSD1351.obj" "./main.obj" "./oled_test.obj" "./pin_mux_config.obj" "./startup_ccs.obj" "./uart_if.obj" "../cc3200v1p32.cmd"  -l"C:/ti/CC3200SDK_1.5.0/cc3200-sdk/driverlib/ccs/Release/driverlib.a" -llibc.a 
<Linking>
Finished building target: "spi_demo.out"
 
C:/ti/ccs1250/ccs/utils/tiobj2bin/tiobj2bin spi_demo.out spi_demo.bin C:/ti/ccs1250/ccs/tools/compiler/ti-cgt-arm_20.2.7.LTS/bin/armofd C:/ti/ccs1250/ccs/tools/compiler/ti-cgt-arm_20.2.7.LTS/bin/armhex C:/ti/ccs1250/ccs/utils/tiobj2bin/mkhex4bin
 

**** Build Finished ****

**** Build of configuration Debug for project spi_demo ****

"C:\\ti\\ccs1250\\ccs\\utils\\bin\\gmake" -k -j 12 all -O 
 
Building file: "../main.c"
Invoking: Arm Compiler
"C:/ti/ccs1250/ccs/tools/compiler/ti-cgt-arm_20.2.7.LTS/bin/armcl" -mv7M4 --code_state=16 --float_support=none -me -Ooff --include_path="C:/Users/Josh/Desktop/EEC 172/labs/lab2_part1/spi_demo" --include_path="C:/ti/CC3200SDK_1.5.0/cc3200-sdk/" --include_path="C:/ti/CC3200SDK_1.5.0/cc3200-sdk/driverlib/" --include_path="C:/ti/CC3200SDK_1.5.0/cc3200-sdk/inc/" --include_path="C:/ti/CC3200SDK_1.5.0/cc3200-sdk/example/common/" --include_path="C:/ti/ccs1250/ccs/tools/compiler/ti-cgt-arm_20.2.7.LTS/include" --define=ccs --define=cc3200 -g --diag_warning=225 --diag_wrap=off --display_error_number --abi=eabi --preproc_with_compile --preproc_dependency="main.d_raw"  "../main.c"
"../main.c", line 176: warning #1238-D: excess initializers are ignored
"../main.c", line 210: warning #169-D: argument of type "const char *" is incompatible with parameter of type "char *"
"../main.c", line 210: warning #169-D: argument of type "const char *" is incompatible with parameter of type "char *"
"../main.c", line 210: warning #169-D: argument of type "const char *" is incompatible with parameter of type "char *"
"../main.c", line 252: warning #225-D: function "alphabet" declared implicitly
"../main.c", line 254: warning #225-D: function "horizontallines" declared implicitly
"../main.c", line 256: warning #225-D: function "verticallines" declared implicitly
Finished building: "../main.c"
 
Building target: "spi_demo.out"
Invoking: Arm Linker
"C:/ti/ccs1250/ccs/tools/compiler/ti-cgt-arm_20.2.7.LTS/bin/armcl" -mv7M4 --code_state=16 --float_support=none -me -Ooff --define=ccs --define=cc3200 -g --diag_warning=225 --diag_wrap=off --display_error_number --abi=eabi -z -m"spi_demo.map" --heap_size=0x800 --stack_size=0x800 -i"C:/ti/ccs1250/ccs/tools/compiler/ti-cgt-arm_20.2.7.LTS/lib" -i"C:/ti/ccs1250/ccs/tools/compiler/ti-cgt-arm_20.2.7.LTS/include" --reread_libs --diag_wrap=off --display_error_number --warn_sections --xml_link_info="spi_demo_linkInfo.xml" --rom_model -o "spi_demo.out" "./Adafruit_GFX.obj" "./Adafruit_SSD1351.obj" "./main.obj" "./oled_test.obj" "./pin_mux_config.obj" "./startup_ccs.obj" "./uart_if.obj" "../cc3200v1p32.cmd"  -l"C:/ti/CC3200SDK_1.5.0/cc3200-sdk/driverlib/ccs/Release/driverlib.a" -llibc.a 
<Linking>
Finished building target: "spi_demo.out"
 
C:/ti/ccs1250/ccs/utils/tiobj2bin/tiobj2bin spi_demo.out spi_demo.bin C:/ti/ccs1250/ccs/tools/compiler/ti-cgt-arm_20.2.7.LTS/bin/armofd C:/ti/ccs1250/ccs/tools/compiler/ti-cgt-arm_20.2.7.LTS/bin/armhex C:/ti/ccs1250/ccs/utils/tiobj2bin/mkhex4bin
 

**** Build Finished ****

**** Build of configuration Debug for project spi_demo ****

"C:\\ti\\ccs1250\\ccs\\utils\\bin\\gmake" -k -j 12 all -O 
 
Building file: "../main.c"
Invoking: Arm Compiler
"C:/ti/ccs1250/ccs/tools/compiler/ti-cgt-arm_20.2.7.LTS/bin/armcl" -mv7M4 --code_state=16 --float_support=none -me -Ooff --include_path="C:/Users/Josh/Desktop/EEC 172/labs/lab2_part1/spi_demo" --include_path="C:/ti/CC3200SDK_1.5.0/cc3200-sdk/" --include_path="C:/ti/CC3200SDK_1.5.0/cc3200-sdk/driverlib/" --include_path="C:/ti/CC3200SDK_1.5.0/cc3200-sdk/inc/" --include_path="C:/ti/CC3200SDK_1.5.0/cc3200-sdk/example/common/" --include_path="C:/ti/ccs1250/ccs/tools/compiler/ti-cgt-arm_20.2.7.LTS/include" --define=ccs --define=cc3200 -g --diag_warning=225 --diag_wrap=off --display_error_number --abi=eabi --preproc_with_compile --preproc_dependency="main.d_raw"  "../main.c"
"../main.c", line 176: warning #1238-D: excess initializers are ignored
"../main.c", line 210: warning #169-D: argument of type "const char *" is incompatible with parameter of type "char *"
"../main.c", line 210: warning #169-D: argument of type "const char *" is incompatible with parameter of type "char *"
"../main.c", line 210: warning #169-D: argument of type "const char *" is incompatible with parameter of type "char *"
"../main.c", line 252: warning #225-D: function "alphabet" declared implicitly
"../main.c", line 254: warning #225-D: function "horizontallines" declared implicitly
"../main.c", line 256: warning #225-D: function "verticallines" declared implicitly
Finished building: "../main.c"
 
Building target: "spi_demo.out"
Invoking: Arm Linker
"C:/ti/ccs1250/ccs/tools/compiler/ti-cgt-arm_20.2.7.LTS/bin/armcl" -mv7M4 --code_state=16 --float_support=none -me -Ooff --define=ccs --define=cc3200 -g --diag_warning=225 --diag_wrap=off --display_error_number --abi=eabi -z -m"spi_demo.map" --heap_size=0x800 --stack_size=0x800 -i"C:/ti/ccs1250/ccs/tools/compiler/ti-cgt-arm_20.2.7.LTS/lib" -i"C:/ti/ccs1250/ccs/tools/compiler/ti-cgt-arm_20.2.7.LTS/include" --reread_libs --diag_wrap=off --display_error_number --warn_sections --xml_link_info="spi_demo_linkInfo.xml" --rom_model -o "spi_demo.out" "./Adafruit_GFX.obj" "./Adafruit_SSD1351.obj" "./main.obj" "./oled_test.obj" "./pin_mux_config.obj" "./startup_ccs.obj" "./uart_if.obj" "../cc3200v1p32.cmd"  -l"C:/ti/CC3200SDK_1.5.0/cc3200-sdk/driverlib/ccs/Release/driverlib.a" -llibc.a 
<Linking>
Finished building target: "spi_demo.out"
 
C:/ti/ccs1250/ccs/utils/tiobj2bin/tiobj2bin spi_demo.out spi_demo.bin C:/ti/ccs1250/ccs/tools/compiler/ti-cgt-arm_20.2.7.LTS/bin/armofd C:/ti/ccs1250/ccs/tools/compiler/ti-cgt-arm_20.2.7.LTS/bin/armhex C:/ti/ccs1250/ccs/utils/tiobj2bin/mkhex4bin
 

**** Build Finished ****

**** Build of configuration Debug for project spi_demo ****

"C:\\ti\\ccs1250\\ccs\\utils\\bin\\gmake" -k -j 12 all -O 
 
Building file: "../main.c"
Invoking: Arm Compiler
"C:/ti/ccs1250/ccs/tools/compiler/ti-cgt-arm_20.2.7.LTS/bin/armcl" -mv7M4 --code_state=16 --float_support=none -me -Ooff --include_path="C:/Users/Josh/Desktop/EEC 172/labs/lab2_part1/spi_demo" --include_path="C:/ti/CC3200SDK_1.5.0/cc3200-sdk/" --include_path="C:/ti/CC3200SDK_1.5.0/cc3200-sdk/driverlib/" --include_path="C:/ti/CC3200SDK_1.5.0/cc3200-sdk/inc/" --include_path="C:/ti/CC3200SDK_1.5.0/cc3200-sdk/example/common/" --include_path="C:/ti/ccs1250/ccs/tools/compiler/ti-cgt-arm_20.2.7.LTS/include" --define=ccs --define=cc3200 -g --diag_warning=225 --diag_wrap=off --display_error_number --abi=eabi --preproc_with_compile --preproc_dependency="main.d_raw"  "../main.c"
"../main.c", line 176: warning #1238-D: excess initializers are ignored
"../main.c", line 210: warning #169-D: argument of type "const char *" is incompatible with parameter of type "char *"
"../main.c", line 210: warning #169-D: argument of type "const char *" is incompatible with parameter of type "char *"
"../main.c", line 210: warning #169-D: argument of type "const char *" is incompatible with parameter of type "char *"
"../main.c", line 252: warning #225-D: function "alphabet" declared implicitly
"../main.c", line 254: warning #225-D: function "horizontallines" declared implicitly
"../main.c", line 256: warning #225-D: function "verticallines" declared implicitly
Finished building: "../main.c"
 
Building target: "spi_demo.out"
Invoking: Arm Linker
"C:/ti/ccs1250/ccs/tools/compiler/ti-cgt-arm_20.2.7.LTS/bin/armcl" -mv7M4 --code_state=16 --float_support=none -me -Ooff --define=ccs --define=cc3200 -g --diag_warning=225 --diag_wrap=off --display_error_number --abi=eabi -z -m"spi_demo.map" --heap_size=0x800 --stack_size=0x800 -i"C:/ti/ccs1250/ccs/tools/compiler/ti-cgt-arm_20.2.7.LTS/lib" -i"C:/ti/ccs1250/ccs/tools/compiler/ti-cgt-arm_20.2.7.LTS/include" --reread_libs --diag_wrap=off --display_error_number --warn_sections --xml_link_info="spi_demo_linkInfo.xml" --rom_model -o "spi_demo.out" "./Adafruit_GFX.obj" "./Adafruit_SSD1351.obj" "./main.obj" "./oled_test.obj" "./pin_mux_config.obj" "./startup_ccs.obj" "./uart_if.obj" "../cc3200v1p32.cmd"  -l"C:/ti/CC3200SDK_1.5.0/cc3200-sdk/driverlib/ccs/Release/driverlib.a" -llibc.a 
<Linking>
Finished building target: "spi_demo.out"
 
C:/ti/ccs1250/ccs/utils/tiobj2bin/tiobj2bin spi_demo.out spi_demo.bin C:/ti/ccs1250/ccs/tools/compiler/ti-cgt-arm_20.2.7.LTS/bin/armofd C:/ti/ccs1250/ccs/tools/compiler/ti-cgt-arm_20.2.7.LTS/bin/armhex C:/ti/ccs1250/ccs/utils/tiobj2bin/mkhex4bin
 

**** Build Finished ****

**** Build of configuration Debug for project spi_demo ****

"C:\\ti\\ccs1250\\ccs\\utils\\bin\\gmake" -k -j 12 all -O 
 
gmake[1]: 'spi_demo.out' is up to date.

**** Build Finished ****

**** Build of configuration Debug for project spi_demo ****

"C:\\ti\\ccs1250\\ccs\\utils\\bin\\gmake" -k -j 12 all -O 
 
Building file: "../main.c"
Invoking: Arm Compiler
"C:/ti/ccs1250/ccs/tools/compiler/ti-cgt-arm_20.2.7.LTS/bin/armcl" -mv7M4 --code_state=16 --float_support=none -me -Ooff --include_path="C:/Users/Josh/Desktop/EEC 172/labs/lab2_part1/spi_demo" --include_path="C:/ti/CC3200SDK_1.5.0/cc3200-sdk/" --include_path="C:/ti/CC3200SDK_1.5.0/cc3200-sdk/driverlib/" --include_path="C:/ti/CC3200SDK_1.5.0/cc3200-sdk/inc/" --include_path="C:/ti/CC3200SDK_1.5.0/cc3200-sdk/example/common/" --include_path="C:/ti/ccs1250/ccs/tools/compiler/ti-cgt-arm_20.2.7.LTS/include" --define=ccs --define=cc3200 -g --diag_warning=225 --diag_wrap=off --display_error_number --abi=eabi --preproc_with_compile --preproc_dependency="main.d_raw"  "../main.c"
"../main.c", line 176: warning #1238-D: excess initializers are ignored
"../main.c", line 210: warning #169-D: argument of type "const char *" is incompatible with parameter of type "char *"
"../main.c", line 210: warning #169-D: argument of type "const char *" is incompatible with parameter of type "char *"
"../main.c", line 210: warning #169-D: argument of type "const char *" is incompatible with parameter of type "char *"
"../main.c", line 252: warning #225-D: function "alphabet" declared implicitly
"../main.c", line 254: warning #225-D: function "horizontallines" declared implicitly
"../main.c", line 256: warning #225-D: function "verticallines" declared implicitly
Finished building: "../main.c"
 
Building target: "spi_demo.out"
Invoking: Arm Linker
"C:/ti/ccs1250/ccs/tools/compiler/ti-cgt-arm_20.2.7.LTS/bin/armcl" -mv7M4 --code_state=16 --float_support=none -me -Ooff --define=ccs --define=cc3200 -g --diag_warning=225 --diag_wrap=off --display_error_number --abi=eabi -z -m"spi_demo.map" --heap_size=0x800 --stack_size=0x800 -i"C:/ti/ccs1250/ccs/tools/compiler/ti-cgt-arm_20.2.7.LTS/lib" -i"C:/ti/ccs1250/ccs/tools/compiler/ti-cgt-arm_20.2.7.LTS/include" --reread_libs --diag_wrap=off --display_error_number --warn_sections --xml_link_info="spi_demo_linkInfo.xml" --rom_model -o "spi_demo.out" "./Adafruit_GFX.obj" "./Adafruit_SSD1351.obj" "./main.obj" "./oled_test.obj" "./pin_mux_config.obj" "./startup_ccs.obj" "./uart_if.obj" "../cc3200v1p32.cmd"  -l"C:/ti/CC3200SDK_1.5.0/cc3200-sdk/driverlib/ccs/Release/driverlib.a" -llibc.a 
<Linking>
Finished building target: "spi_demo.out"
 
C:/ti/ccs1250/ccs/utils/tiobj2bin/tiobj2bin spi_demo.out spi_demo.bin C:/ti/ccs1250/ccs/tools/compiler/ti-cgt-arm_20.2.7.LTS/bin/armofd C:/ti/ccs1250/ccs/tools/compiler/ti-cgt-arm_20.2.7.LTS/bin/armhex C:/ti/ccs1250/ccs/utils/tiobj2bin/mkhex4bin
 

**** Build Finished ****

**** Build of configuration Debug for project spi_demo ****

"C:\\ti\\ccs1250\\ccs\\utils\\bin\\gmake" -k -j 12 all -O 
 
gmake[1]: 'spi_demo.out' is up to date.

**** Build Finished ****

**** Build of configuration Debug for project spi_demo ****

"C:\\ti\\ccs1250\\ccs\\utils\\bin\\gmake" -k -j 12 all -O 
 
gmake[1]: 'spi_demo.out' is up to date.

**** Build Finished ****

**** Build of configuration Debug for project spi_demo ****

"C:\\ti\\ccs1250\\ccs\\utils\\bin\\gmake" -k -j 12 all -O 
 
Building file: "../main.c"
Invoking: Arm Compiler
"C:/ti/ccs1250/ccs/tools/compiler/ti-cgt-arm_20.2.7.LTS/bin/armcl" -mv7M4 --code_state=16 --float_support=none -me -Ooff --include_path="C:/Users/Josh/Desktop/EEC 172/labs/lab2_part1/spi_demo" --include_path="C:/ti/CC3200SDK_1.5.0/cc3200-sdk/" --include_path="C:/ti/CC3200SDK_1.5.0/cc3200-sdk/driverlib/" --include_path="C:/ti/CC3200SDK_1.5.0/cc3200-sdk/inc/" --include_path="C:/ti/CC3200SDK_1.5.0/cc3200-sdk/example/common/" --include_path="C:/ti/ccs1250/ccs/tools/compiler/ti-cgt-arm_20.2.7.LTS/include" --define=ccs --define=cc3200 -g --diag_warning=225 --diag_wrap=off --display_error_number --abi=eabi --preproc_with_compile --preproc_dependency="main.d_raw"  "../main.c"
"../main.c", line 176: warning #1238-D: excess initializers are ignored
"../main.c", line 210: warning #169-D: argument of type "const char *" is incompatible with parameter of type "char *"
"../main.c", line 210: warning #169-D: argument of type "const char *" is incompatible with parameter of type "char *"
"../main.c", line 210: warning #169-D: argument of type "const char *" is incompatible with parameter of type "char *"
"../main.c", line 252: warning #225-D: function "alphabet" declared implicitly
"../main.c", line 254: warning #225-D: function "horizontallines" declared implicitly
"../main.c", line 256: warning #225-D: function "verticallines" declared implicitly
Finished building: "../main.c"
 
Building target: "spi_demo.out"
Invoking: Arm Linker
"C:/ti/ccs1250/ccs/tools/compiler/ti-cgt-arm_20.2.7.LTS/bin/armcl" -mv7M4 --code_state=16 --float_support=none -me -Ooff --define=ccs --define=cc3200 -g --diag_warning=225 --diag_wrap=off --display_error_number --abi=eabi -z -m"spi_demo.map" --heap_size=0x800 --stack_size=0x800 -i"C:/ti/ccs1250/ccs/tools/compiler/ti-cgt-arm_20.2.7.LTS/lib" -i"C:/ti/ccs1250/ccs/tools/compiler/ti-cgt-arm_20.2.7.LTS/include" --reread_libs --diag_wrap=off --display_error_number --warn_sections --xml_link_info="spi_demo_linkInfo.xml" --rom_model -o "spi_demo.out" "./Adafruit_GFX.obj" "./Adafruit_SSD1351.obj" "./main.obj" "./oled_test.obj" "./pin_mux_config.obj" "./startup_ccs.obj" "./uart_if.obj" "../cc3200v1p32.cmd"  -l"C:/ti/CC3200SDK_1.5.0/cc3200-sdk/driverlib/ccs/Release/driverlib.a" -llibc.a 
<Linking>
Finished building target: "spi_demo.out"
 
C:/ti/ccs1250/ccs/utils/tiobj2bin/tiobj2bin spi_demo.out spi_demo.bin C:/ti/ccs1250/ccs/tools/compiler/ti-cgt-arm_20.2.7.LTS/bin/armofd C:/ti/ccs1250/ccs/tools/compiler/ti-cgt-arm_20.2.7.LTS/bin/armhex C:/ti/ccs1250/ccs/utils/tiobj2bin/mkhex4bin
 

**** Build Finished ****

**** Clean-only build of configuration Debug for project spi_demo ****

"C:\\ti\\ccs1250\\ccs\\utils\\bin\\gmake" -k -j 12 clean -O 
 
DEL /F  "spi_demo.out" 
DEL /F "Adafruit_GFX.obj" "Adafruit_SSD1351.obj" "main.obj" "oled_test.obj" "pin_mux_config.obj" "startup_ccs.obj" "uart_if.obj" 
DEL /F "Adafruit_GFX.d" "Adafruit_SSD1351.d" "main.d" "oled_test.d" "pin_mux_config.d" "startup_ccs.d" "uart_if.d" 
Finished clean
 

**** Build Finished ****

**** Build of configuration Debug for project spi_demo ****

"C:\\ti\\ccs1250\\ccs\\utils\\bin\\gmake" -k -j 12 all -O 
 
Building file: "../Adafruit_SSD1351.c"
Invoking: Arm Compiler
"C:/ti/ccs1250/ccs/tools/compiler/ti-cgt-arm_20.2.7.LTS/bin/armcl" -mv7M4 --code_state=16 --float_support=none -me -Ooff --include_path="C:/Users/Josh/Desktop/EEC 172/labs/lab3_part1/spi_demo" --include_path="C:/ti/CC3200SDK_1.5.0/cc3200-sdk/" --include_path="C:/ti/CC3200SDK_1.5.0/cc3200-sdk/driverlib/" --include_path="C:/ti/CC3200SDK_1.5.0/cc3200-sdk/inc/" --include_path="C:/ti/CC3200SDK_1.5.0/cc3200-sdk/example/common/" --include_path="C:/ti/ccs1250/ccs/tools/compiler/ti-cgt-arm_20.2.7.LTS/include" --define=ccs --define=cc3200 -g --diag_warning=225 --diag_wrap=off --display_error_number --abi=eabi --preproc_with_compile --preproc_dependency="Adafruit_SSD1351.d_raw"  "../Adafruit_SSD1351.c"
Finished building: "../Adafruit_SSD1351.c"
 
Building file: "../pin_mux_config.c"
Invoking: Arm Compiler
"C:/ti/ccs1250/ccs/tools/compiler/ti-cgt-arm_20.2.7.LTS/bin/armcl" -mv7M4 --code_state=16 --float_support=none -me -Ooff --include_path="C:/Users/Josh/Desktop/EEC 172/labs/lab3_part1/spi_demo" --include_path="C:/ti/CC3200SDK_1.5.0/cc3200-sdk/" --include_path="C:/ti/CC3200SDK_1.5.0/cc3200-sdk/driverlib/" --include_path="C:/ti/CC3200SDK_1.5.0/cc3200-sdk/inc/" --include_path="C:/ti/CC3200SDK_1.5.0/cc3200-sdk/example/common/" --include_path="C:/ti/ccs1250/ccs/tools/compiler/ti-cgt-arm_20.2.7.LTS/include" --define=ccs --define=cc3200 -g --diag_warning=225 --diag_wrap=off --display_error_number --abi=eabi --preproc_with_compile --preproc_dependency="pin_mux_config.d_raw"  "../pin_mux_config.c"
Finished building: "../pin_mux_config.c"
 
Building file: "C:/ti/CC3200SDK_1.5.0/cc3200-sdk/example/common/startup_ccs.c"
Invoking: Arm Compiler
"C:/ti/ccs1250/ccs/tools/compiler/ti-cgt-arm_20.2.7.LTS/bin/armcl" -mv7M4 --code_state=16 --float_support=none -me -Ooff --include_path="C:/Users/Josh/Desktop/EEC 172/labs/lab3_part1/spi_demo" --include_path="C:/ti/CC3200SDK_1.5.0/cc3200-sdk/" --include_path="C:/ti/CC3200SDK_1.5.0/cc3200-sdk/driverlib/" --include_path="C:/ti/CC3200SDK_1.5.0/cc3200-sdk/inc/" --include_path="C:/ti/CC3200SDK_1.5.0/cc3200-sdk/example/common/" --include_path="C:/ti/ccs1250/ccs/tools/compiler/ti-cgt-arm_20.2.7.LTS/include" --define=ccs --define=cc3200 -g --diag_warning=225 --diag_wrap=off --display_error_number --abi=eabi --preproc_with_compile --preproc_dependency="startup_ccs.d_raw"  "C:/ti/CC3200SDK_1.5.0/cc3200-sdk/example/common/startup_ccs.c"
Finished building: "C:/ti/CC3200SDK_1.5.0/cc3200-sdk/example/common/startup_ccs.c"
 
Building file: "../main.c"
Invoking: Arm Compiler
"C:/ti/ccs1250/ccs/tools/compiler/ti-cgt-arm_20.2.7.LTS/bin/armcl" -mv7M4 --code_state=16 --float_support=none -me -Ooff --include_path="C:/Users/Josh/Desktop/EEC 172/labs/lab3_part1/spi_demo" --include_path="C:/ti/CC3200SDK_1.5.0/cc3200-sdk/" --include_path="C:/ti/CC3200SDK_1.5.0/cc3200-sdk/driverlib/" --include_path="C:/ti/CC3200SDK_1.5.0/cc3200-sdk/inc/" --include_path="C:/ti/CC3200SDK_1.5.0/cc3200-sdk/example/common/" --include_path="C:/ti/ccs1250/ccs/tools/compiler/ti-cgt-arm_20.2.7.LTS/include" --define=ccs --define=cc3200 -g --diag_warning=225 --diag_wrap=off --display_error_number --abi=eabi --preproc_with_compile --preproc_dependency="main.d_raw"  "../main.c"
"../main.c", line 248: warning #1238-D: excess initializers are ignored
"../main.c", line 282: warning #169-D: argument of type "const char *" is incompatible with parameter of type "char *"
"../main.c", line 282: warning #169-D: argument of type "const char *" is incompatible with parameter of type "char *"
"../main.c", line 282: warning #169-D: argument of type "const char *" is incompatible with parameter of type "char *"
"../main.c", line 324: warning #225-D: function "alphabet" declared implicitly
"../main.c", line 326: warning #225-D: function "horizontallines" declared implicitly
"../main.c", line 328: warning #225-D: function "verticallines" declared implicitly
Finished building: "../main.c"
 
Building file: "../Adafruit_GFX.c"
Invoking: Arm Compiler
"C:/ti/ccs1250/ccs/tools/compiler/ti-cgt-arm_20.2.7.LTS/bin/armcl" -mv7M4 --code_state=16 --float_support=none -me -Ooff --include_path="C:/Users/Josh/Desktop/EEC 172/labs/lab3_part1/spi_demo" --include_path="C:/ti/CC3200SDK_1.5.0/cc3200-sdk/" --include_path="C:/ti/CC3200SDK_1.5.0/cc3200-sdk/driverlib/" --include_path="C:/ti/CC3200SDK_1.5.0/cc3200-sdk/inc/" --include_path="C:/ti/CC3200SDK_1.5.0/cc3200-sdk/example/common/" --include_path="C:/ti/ccs1250/ccs/tools/compiler/ti-cgt-arm_20.2.7.LTS/include" --define=ccs --define=cc3200 -g --diag_warning=225 --diag_wrap=off --display_error_number --abi=eabi --preproc_with_compile --preproc_dependency="Adafruit_GFX.d_raw"  "../Adafruit_GFX.c"
Finished building: "../Adafruit_GFX.c"
 
Building file: "../oled_test.c"
Invoking: Arm Compiler
"C:/ti/ccs1250/ccs/tools/compiler/ti-cgt-arm_20.2.7.LTS/bin/armcl" -mv7M4 --code_state=16 --float_support=none -me -Ooff --include_path="C:/Users/Josh/Desktop/EEC 172/labs/lab3_part1/spi_demo" --include_path="C:/ti/CC3200SDK_1.5.0/cc3200-sdk/" --include_path="C:/ti/CC3200SDK_1.5.0/cc3200-sdk/driverlib/" --include_path="C:/ti/CC3200SDK_1.5.0/cc3200-sdk/inc/" --include_path="C:/ti/CC3200SDK_1.5.0/cc3200-sdk/example/common/" --include_path="C:/ti/ccs1250/ccs/tools/compiler/ti-cgt-arm_20.2.7.LTS/include" --define=ccs --define=cc3200 -g --diag_warning=225 --diag_wrap=off --display_error_number --abi=eabi --preproc_with_compile --preproc_dependency="oled_test.d_raw"  "../oled_test.c"
"../oled_test.c", line 247: warning #225-D: function "UtilsDelay" declared implicitly
"../oled_test.c", line 19: warning #179-D: variable "p" was declared but never referenced
Finished building: "../oled_test.c"
 
Building file: "../uart_if.c"
Invoking: Arm Compiler
"C:/ti/ccs1250/ccs/tools/compiler/ti-cgt-arm_20.2.7.LTS/bin/armcl" -mv7M4 --code_state=16 --float_support=none -me -Ooff --include_path="C:/Users/Josh/Desktop/EEC 172/labs/lab3_part1/spi_demo" --include_path="C:/ti/CC3200SDK_1.5.0/cc3200-sdk/" --include_path="C:/ti/CC3200SDK_1.5.0/cc3200-sdk/driverlib/" --include_path="C:/ti/CC3200SDK_1.5.0/cc3200-sdk/inc/" --include_path="C:/ti/CC3200SDK_1.5.0/cc3200-sdk/example/common/" --include_path="C:/ti/ccs1250/ccs/tools/compiler/ti-cgt-arm_20.2.7.LTS/include" --define=ccs --define=cc3200 -g --diag_warning=225 --diag_wrap=off --display_error_number --abi=eabi --preproc_with_compile --preproc_dependency="uart_if.d_raw"  "../uart_if.c"
Finished building: "../uart_if.c"
 
Building target: "spi_demo.out"
Invoking: Arm Linker
"C:/ti/ccs1250/ccs/tools/compiler/ti-cgt-arm_20.2.7.LTS/bin/armcl" -mv7M4 --code_state=16 --float_support=none -me -Ooff --define=ccs --define=cc3200 -g --diag_warning=225 --diag_wrap=off --display_error_number --abi=eabi -z -m"spi_demo.map" --heap_size=0x800 --stack_size=0x800 -i"C:/ti/ccs1250/ccs/tools/compiler/ti-cgt-arm_20.2.7.LTS/lib" -i"C:/ti/ccs1250/ccs/tools/compiler/ti-cgt-arm_20.2.7.LTS/include" --reread_libs --diag_wrap=off --display_error_number --warn_sections --xml_link_info="spi_demo_linkInfo.xml" --rom_model -o "spi_demo.out" "./Adafruit_GFX.obj" "./Adafruit_SSD1351.obj" "./main.obj" "./oled_test.obj" "./pin_mux_config.obj" "./startup_ccs.obj" "./uart_if.obj" "../cc3200v1p32.cmd"  -l"C:/ti/CC3200SDK_1.5.0/cc3200-sdk/driverlib/ccs/Release/driverlib.a" -llibc.a 
<Linking>
Finished building target: "spi_demo.out"
 
C:/ti/ccs1250/ccs/utils/tiobj2bin/tiobj2bin spi_demo.out spi_demo.bin C:/ti/ccs1250/ccs/tools/compiler/ti-cgt-arm_20.2.7.LTS/bin/armofd C:/ti/ccs1250/ccs/tools/compiler/ti-cgt-arm_20.2.7.LTS/bin/armhex C:/ti/ccs1250/ccs/utils/tiobj2bin/mkhex4bin
 

**** Build Finished ****

**** Build of configuration Debug for project spi_demo ****

"C:\\ti\\ccs1250\\ccs\\utils\\bin\\gmake" -k -j 12 all -O 
 
Building file: "../main.c"
Invoking: Arm Compiler
"C:/ti/ccs1250/ccs/tools/compiler/ti-cgt-arm_20.2.7.LTS/bin/armcl" -mv7M4 --code_state=16 --float_support=none -me -Ooff --include_path="C:/Users/Josh/Desktop/EEC 172/labs/lab3_part1/spi_demo" --include_path="C:/ti/CC3200SDK_1.5.0/cc3200-sdk/" --include_path="C:/ti/CC3200SDK_1.5.0/cc3200-sdk/driverlib/" --include_path="C:/ti/CC3200SDK_1.5.0/cc3200-sdk/inc/" --include_path="C:/ti/CC3200SDK_1.5.0/cc3200-sdk/example/common/" --include_path="C:/ti/ccs1250/ccs/tools/compiler/ti-cgt-arm_20.2.7.LTS/include" --define=ccs --define=cc3200 -g --diag_warning=225 --diag_wrap=off --display_error_number --abi=eabi --preproc_with_compile --preproc_dependency="main.d_raw"  "../main.c"
 
>> Compilation failure
subdir_rules.mk:9: recipe for target 'main.obj' failed
"../main.c", line 283: warning #1238-D: excess initializers are ignored
"../main.c", line 317: warning #169-D: argument of type "const char *" is incompatible with parameter of type "char *"
"../main.c", line 317: warning #169-D: argument of type "const char *" is incompatible with parameter of type "char *"
"../main.c", line 317: warning #169-D: argument of type "const char *" is incompatible with parameter of type "char *"
"../main.c", line 359: warning #225-D: function "alphabet" declared implicitly
"../main.c", line 361: warning #225-D: function "horizontallines" declared implicitly
"../main.c", line 363: warning #225-D: function "verticallines" declared implicitly
"../main.c", line 444: error #20: identifier "ulStatus" is undefined
1 error detected in the compilation of "../main.c".
gmake: *** [main.obj] Error 1
gmake: Target 'all' not remade because of errors.

**** Build Finished ****

**** Build of configuration Debug for project spi_demo ****

"C:\\ti\\ccs1250\\ccs\\utils\\bin\\gmake" -k -j 12 all -O 
 
Building file: "../main.c"
Invoking: Arm Compiler
"C:/ti/ccs1250/ccs/tools/compiler/ti-cgt-arm_20.2.7.LTS/bin/armcl" -mv7M4 --code_state=16 --float_support=none -me -Ooff --include_path="C:/Users/Josh/Desktop/EEC 172/labs/lab3_part1/spi_demo" --include_path="C:/ti/CC3200SDK_1.5.0/cc3200-sdk/" --include_path="C:/ti/CC3200SDK_1.5.0/cc3200-sdk/driverlib/" --include_path="C:/ti/CC3200SDK_1.5.0/cc3200-sdk/inc/" --include_path="C:/ti/CC3200SDK_1.5.0/cc3200-sdk/example/common/" --include_path="C:/ti/ccs1250/ccs/tools/compiler/ti-cgt-arm_20.2.7.LTS/include" --define=ccs --define=cc3200 -g --diag_warning=225 --diag_wrap=off --display_error_number --abi=eabi --preproc_with_compile --preproc_dependency="main.d_raw"  "../main.c"
"../main.c", line 283: warning #1238-D: excess initializers are ignored
"../main.c", line 317: warning #169-D: argument of type "const char *" is incompatible with parameter of type "char *"
"../main.c", line 317: warning #169-D: argument of type "const char *" is incompatible with parameter of type "char *"
"../main.c", line 317: warning #169-D: argument of type "const char *" is incompatible with parameter of type "char *"
"../main.c", line 359: warning #225-D: function "alphabet" declared implicitly
"../main.c", line 361: warning #225-D: function "horizontallines" declared implicitly
"../main.c", line 363: warning #225-D: function "verticallines" declared implicitly
Finished building: "../main.c"
 
Building target: "spi_demo.out"
Invoking: Arm Linker
"C:/ti/ccs1250/ccs/tools/compiler/ti-cgt-arm_20.2.7.LTS/bin/armcl" -mv7M4 --code_state=16 --float_support=none -me -Ooff --define=ccs --define=cc3200 -g --diag_warning=225 --diag_wrap=off --display_error_number --abi=eabi -z -m"spi_demo.map" --heap_size=0x800 --stack_size=0x800 -i"C:/ti/ccs1250/ccs/tools/compiler/ti-cgt-arm_20.2.7.LTS/lib" -i"C:/ti/ccs1250/ccs/tools/compiler/ti-cgt-arm_20.2.7.LTS/include" --reread_libs --diag_wrap=off --display_error_number --warn_sections --xml_link_info="spi_demo_linkInfo.xml" --rom_model -o "spi_demo.out" "./Adafruit_GFX.obj" "./Adafruit_SSD1351.obj" "./main.obj" "./oled_test.obj" "./pin_mux_config.obj" "./startup_ccs.obj" "./uart_if.obj" "../cc3200v1p32.cmd"  -l"C:/ti/CC3200SDK_1.5.0/cc3200-sdk/driverlib/ccs/Release/driverlib.a" -llibc.a 
<Linking>
Finished building target: "spi_demo.out"
 
C:/ti/ccs1250/ccs/utils/tiobj2bin/tiobj2bin spi_demo.out spi_demo.bin C:/ti/ccs1250/ccs/tools/compiler/ti-cgt-arm_20.2.7.LTS/bin/armofd C:/ti/ccs1250/ccs/tools/compiler/ti-cgt-arm_20.2.7.LTS/bin/armhex C:/ti/ccs1250/ccs/utils/tiobj2bin/mkhex4bin
 

**** Build Finished ****

**** Build of configuration Debug for project spi_demo ****

"C:\\ti\\ccs1250\\ccs\\utils\\bin\\gmake" -k -j 12 all -O 
 
Building file: "../pin_mux_config.c"
Invoking: Arm Compiler
"C:/ti/ccs1250/ccs/tools/compiler/ti-cgt-arm_20.2.7.LTS/bin/armcl" -mv7M4 --code_state=16 --float_support=none -me -Ooff --include_path="C:/Users/Josh/Desktop/EEC 172/labs/lab3_part1/spi_demo" --include_path="C:/ti/CC3200SDK_1.5.0/cc3200-sdk/" --include_path="C:/ti/CC3200SDK_1.5.0/cc3200-sdk/driverlib/" --include_path="C:/ti/CC3200SDK_1.5.0/cc3200-sdk/inc/" --include_path="C:/ti/CC3200SDK_1.5.0/cc3200-sdk/example/common/" --include_path="C:/ti/ccs1250/ccs/tools/compiler/ti-cgt-arm_20.2.7.LTS/include" --define=ccs --define=cc3200 -g --diag_warning=225 --diag_wrap=off --display_error_number --abi=eabi --preproc_with_compile --preproc_dependency="pin_mux_config.d_raw"  "../pin_mux_config.c"
Finished building: "../pin_mux_config.c"
 
Building target: "spi_demo.out"
Invoking: Arm Linker
"C:/ti/ccs1250/ccs/tools/compiler/ti-cgt-arm_20.2.7.LTS/bin/armcl" -mv7M4 --code_state=16 --float_support=none -me -Ooff --define=ccs --define=cc3200 -g --diag_warning=225 --diag_wrap=off --display_error_number --abi=eabi -z -m"spi_demo.map" --heap_size=0x800 --stack_size=0x800 -i"C:/ti/ccs1250/ccs/tools/compiler/ti-cgt-arm_20.2.7.LTS/lib" -i"C:/ti/ccs1250/ccs/tools/compiler/ti-cgt-arm_20.2.7.LTS/include" --reread_libs --diag_wrap=off --display_error_number --warn_sections --xml_link_info="spi_demo_linkInfo.xml" --rom_model -o "spi_demo.out" "./Adafruit_GFX.obj" "./Adafruit_SSD1351.obj" "./main.obj" "./oled_test.obj" "./pin_mux_config.obj" "./startup_ccs.obj" "./uart_if.obj" "../cc3200v1p32.cmd"  -l"C:/ti/CC3200SDK_1.5.0/cc3200-sdk/driverlib/ccs/Release/driverlib.a" -llibc.a 
<Linking>
Finished building target: "spi_demo.out"
 
C:/ti/ccs1250/ccs/utils/tiobj2bin/tiobj2bin spi_demo.out spi_demo.bin C:/ti/ccs1250/ccs/tools/compiler/ti-cgt-arm_20.2.7.LTS/bin/armofd C:/ti/ccs1250/ccs/tools/compiler/ti-cgt-arm_20.2.7.LTS/bin/armhex C:/ti/ccs1250/ccs/utils/tiobj2bin/mkhex4bin
 

**** Build Finished ****

**** Build of configuration Debug for project spi_demo ****

"C:\\ti\\ccs1250\\ccs\\utils\\bin\\gmake" -k -j 12 all -O 
 
Building file: "../main.c"
Invoking: Arm Compiler
"C:/ti/ccs1250/ccs/tools/compiler/ti-cgt-arm_20.2.7.LTS/bin/armcl" -mv7M4 --code_state=16 --float_support=none -me -Ooff --include_path="C:/Users/Josh/Desktop/EEC 172/labs/lab3_part1/spi_demo" --include_path="C:/ti/CC3200SDK_1.5.0/cc3200-sdk/" --include_path="C:/ti/CC3200SDK_1.5.0/cc3200-sdk/driverlib/" --include_path="C:/ti/CC3200SDK_1.5.0/cc3200-sdk/inc/" --include_path="C:/ti/CC3200SDK_1.5.0/cc3200-sdk/example/common/" --include_path="C:/ti/ccs1250/ccs/tools/compiler/ti-cgt-arm_20.2.7.LTS/include" --define=ccs --define=cc3200 -g --diag_warning=225 --diag_wrap=off --display_error_number --abi=eabi --preproc_with_compile --preproc_dependency="main.d_raw"  "../main.c"
"../main.c", line 283: warning #1238-D: excess initializers are ignored
"../main.c", line 317: warning #169-D: argument of type "const char *" is incompatible with parameter of type "char *"
"../main.c", line 317: warning #169-D: argument of type "const char *" is incompatible with parameter of type "char *"
"../main.c", line 317: warning #169-D: argument of type "const char *" is incompatible with parameter of type "char *"
"../main.c", line 359: warning #225-D: function "alphabet" declared implicitly
"../main.c", line 361: warning #225-D: function "horizontallines" declared implicitly
"../main.c", line 363: warning #225-D: function "verticallines" declared implicitly
Finished building: "../main.c"
 
Building target: "spi_demo.out"
Invoking: Arm Linker
"C:/ti/ccs1250/ccs/tools/compiler/ti-cgt-arm_20.2.7.LTS/bin/armcl" -mv7M4 --code_state=16 --float_support=none -me -Ooff --define=ccs --define=cc3200 -g --diag_warning=225 --diag_wrap=off --display_error_number --abi=eabi -z -m"spi_demo.map" --heap_size=0x800 --stack_size=0x800 -i"C:/ti/ccs1250/ccs/tools/compiler/ti-cgt-arm_20.2.7.LTS/lib" -i"C:/ti/ccs1250/ccs/tools/compiler/ti-cgt-arm_20.2.7.LTS/include" --reread_libs --diag_wrap=off --display_error_number --warn_sections --xml_link_info="spi_demo_linkInfo.xml" --rom_model -o "spi_demo.out" "./Adafruit_GFX.obj" "./Adafruit_SSD1351.obj" "./main.obj" "./oled_test.obj" "./pin_mux_config.obj" "./startup_ccs.obj" "./uart_if.obj" "../cc3200v1p32.cmd"  -l"C:/ti/CC3200SDK_1.5.0/cc3200-sdk/driverlib/ccs/Release/driverlib.a" -llibc.a 
<Linking>
Finished building target: "spi_demo.out"
 
C:/ti/ccs1250/ccs/utils/tiobj2bin/tiobj2bin spi_demo.out spi_demo.bin C:/ti/ccs1250/ccs/tools/compiler/ti-cgt-arm_20.2.7.LTS/bin/armofd C:/ti/ccs1250/ccs/tools/compiler/ti-cgt-arm_20.2.7.LTS/bin/armhex C:/ti/ccs1250/ccs/utils/tiobj2bin/mkhex4bin
 

**** Build Finished ****

**** Build of configuration Debug for project spi_demo ****

"C:\\ti\\ccs1250\\ccs\\utils\\bin\\gmake" -k -j 12 all -O 
 
Building file: "../main.c"
Invoking: Arm Compiler
"C:/ti/ccs1250/ccs/tools/compiler/ti-cgt-arm_20.2.7.LTS/bin/armcl" -mv7M4 --code_state=16 --float_support=none -me -Ooff --include_path="C:/Users/Josh/Desktop/EEC 172/labs/lab3_part1/spi_demo" --include_path="C:/ti/CC3200SDK_1.5.0/cc3200-sdk/" --include_path="C:/ti/CC3200SDK_1.5.0/cc3200-sdk/driverlib/" --include_path="C:/ti/CC3200SDK_1.5.0/cc3200-sdk/inc/" --include_path="C:/ti/CC3200SDK_1.5.0/cc3200-sdk/example/common/" --include_path="C:/ti/ccs1250/ccs/tools/compiler/ti-cgt-arm_20.2.7.LTS/include" --define=ccs --define=cc3200 -g --diag_warning=225 --diag_wrap=off --display_error_number --abi=eabi --preproc_with_compile --preproc_dependency="main.d_raw"  "../main.c"
"../main.c", line 283: warning #1238-D: excess initializers are ignored
"../main.c", line 317: warning #169-D: argument of type "const char *" is incompatible with parameter of type "char *"
"../main.c", line 317: warning #169-D: argument of type "const char *" is incompatible with parameter of type "char *"
"../main.c", line 317: warning #169-D: argument of type "const char *" is incompatible with parameter of type "char *"
"../main.c", line 359: warning #225-D: function "alphabet" declared implicitly
"../main.c", line 361: warning #225-D: function "horizontallines" declared implicitly
"../main.c", line 363: warning #225-D: function "verticallines" declared implicitly
Finished building: "../main.c"
 
Building target: "spi_demo.out"
Invoking: Arm Linker
"C:/ti/ccs1250/ccs/tools/compiler/ti-cgt-arm_20.2.7.LTS/bin/armcl" -mv7M4 --code_state=16 --float_support=none -me -Ooff --define=ccs --define=cc3200 -g --diag_warning=225 --diag_wrap=off --display_error_number --abi=eabi -z -m"spi_demo.map" --heap_size=0x800 --stack_size=0x800 -i"C:/ti/ccs1250/ccs/tools/compiler/ti-cgt-arm_20.2.7.LTS/lib" -i"C:/ti/ccs1250/ccs/tools/compiler/ti-cgt-arm_20.2.7.LTS/include" --reread_libs --diag_wrap=off --display_error_number --warn_sections --xml_link_info="spi_demo_linkInfo.xml" --rom_model -o "spi_demo.out" "./Adafruit_GFX.obj" "./Adafruit_SSD1351.obj" "./main.obj" "./oled_test.obj" "./pin_mux_config.obj" "./startup_ccs.obj" "./uart_if.obj" "../cc3200v1p32.cmd"  -l"C:/ti/CC3200SDK_1.5.0/cc3200-sdk/driverlib/ccs/Release/driverlib.a" -llibc.a 
<Linking>
Finished building target: "spi_demo.out"
 
C:/ti/ccs1250/ccs/utils/tiobj2bin/tiobj2bin spi_demo.out spi_demo.bin C:/ti/ccs1250/ccs/tools/compiler/ti-cgt-arm_20.2.7.LTS/bin/armofd C:/ti/ccs1250/ccs/tools/compiler/ti-cgt-arm_20.2.7.LTS/bin/armhex C:/ti/ccs1250/ccs/utils/tiobj2bin/mkhex4bin
 

**** Build Finished ****

**** Build of configuration Debug for project spi_demo ****

"C:\\ti\\ccs1250\\ccs\\utils\\bin\\gmake" -k -j 12 all -O 
 
Building file: "../main.c"
Invoking: Arm Compiler
"C:/ti/ccs1250/ccs/tools/compiler/ti-cgt-arm_20.2.7.LTS/bin/armcl" -mv7M4 --code_state=16 --float_support=none -me -Ooff --include_path="C:/Users/Josh/Desktop/EEC 172/labs/lab3_part1/spi_demo" --include_path="C:/ti/CC3200SDK_1.5.0/cc3200-sdk/" --include_path="C:/ti/CC3200SDK_1.5.0/cc3200-sdk/driverlib/" --include_path="C:/ti/CC3200SDK_1.5.0/cc3200-sdk/inc/" --include_path="C:/ti/CC3200SDK_1.5.0/cc3200-sdk/example/common/" --include_path="C:/ti/ccs1250/ccs/tools/compiler/ti-cgt-arm_20.2.7.LTS/include" --define=ccs --define=cc3200 -g --diag_warning=225 --diag_wrap=off --display_error_number --abi=eabi --preproc_with_compile --preproc_dependency="main.d_raw"  "../main.c"
"../main.c", line 283: warning #1238-D: excess initializers are ignored
"../main.c", line 317: warning #169-D: argument of type "const char *" is incompatible with parameter of type "char *"
"../main.c", line 317: warning #169-D: argument of type "const char *" is incompatible with parameter of type "char *"
"../main.c", line 317: warning #169-D: argument of type "const char *" is incompatible with parameter of type "char *"
"../main.c", line 359: warning #225-D: function "alphabet" declared implicitly
"../main.c", line 361: warning #225-D: function "horizontallines" declared implicitly
"../main.c", line 363: warning #225-D: function "verticallines" declared implicitly
Finished building: "../main.c"
 
Building target: "spi_demo.out"
Invoking: Arm Linker
"C:/ti/ccs1250/ccs/tools/compiler/ti-cgt-arm_20.2.7.LTS/bin/armcl" -mv7M4 --code_state=16 --float_support=none -me -Ooff --define=ccs --define=cc3200 -g --diag_warning=225 --diag_wrap=off --display_error_number --abi=eabi -z -m"spi_demo.map" --heap_size=0x800 --stack_size=0x800 -i"C:/ti/ccs1250/ccs/tools/compiler/ti-cgt-arm_20.2.7.LTS/lib" -i"C:/ti/ccs1250/ccs/tools/compiler/ti-cgt-arm_20.2.7.LTS/include" --reread_libs --diag_wrap=off --display_error_number --warn_sections --xml_link_info="spi_demo_linkInfo.xml" --rom_model -o "spi_demo.out" "./Adafruit_GFX.obj" "./Adafruit_SSD1351.obj" "./main.obj" "./oled_test.obj" "./pin_mux_config.obj" "./startup_ccs.obj" "./uart_if.obj" "../cc3200v1p32.cmd"  -l"C:/ti/CC3200SDK_1.5.0/cc3200-sdk/driverlib/ccs/Release/driverlib.a" -llibc.a 
<Linking>
Finished building target: "spi_demo.out"
 
C:/ti/ccs1250/ccs/utils/tiobj2bin/tiobj2bin spi_demo.out spi_demo.bin C:/ti/ccs1250/ccs/tools/compiler/ti-cgt-arm_20.2.7.LTS/bin/armofd C:/ti/ccs1250/ccs/tools/compiler/ti-cgt-arm_20.2.7.LTS/bin/armhex C:/ti/ccs1250/ccs/utils/tiobj2bin/mkhex4bin
 

**** Build Finished ****

**** Build of configuration Debug for project spi_demo ****

"C:\\ti\\ccs1250\\ccs\\utils\\bin\\gmake" -k -j 12 all -O 
 
Building file: "../main.c"
Invoking: Arm Compiler
"C:/ti/ccs1250/ccs/tools/compiler/ti-cgt-arm_20.2.7.LTS/bin/armcl" -mv7M4 --code_state=16 --float_support=none -me -Ooff --include_path="C:/Users/Josh/Desktop/EEC 172/labs/lab3_part1/spi_demo" --include_path="C:/ti/CC3200SDK_1.5.0/cc3200-sdk/" --include_path="C:/ti/CC3200SDK_1.5.0/cc3200-sdk/driverlib/" --include_path="C:/ti/CC3200SDK_1.5.0/cc3200-sdk/inc/" --include_path="C:/ti/CC3200SDK_1.5.0/cc3200-sdk/example/common/" --include_path="C:/ti/ccs1250/ccs/tools/compiler/ti-cgt-arm_20.2.7.LTS/include" --define=ccs --define=cc3200 -g --diag_warning=225 --diag_wrap=off --display_error_number --abi=eabi --preproc_with_compile --preproc_dependency="main.d_raw"  "../main.c"
"../main.c", line 283: warning #1238-D: excess initializers are ignored
"../main.c", line 317: warning #169-D: argument of type "const char *" is incompatible with parameter of type "char *"
"../main.c", line 317: warning #169-D: argument of type "const char *" is incompatible with parameter of type "char *"
"../main.c", line 317: warning #169-D: argument of type "const char *" is incompatible with parameter of type "char *"
"../main.c", line 359: warning #225-D: function "alphabet" declared implicitly
"../main.c", line 361: warning #225-D: function "horizontallines" declared implicitly
"../main.c", line 363: warning #225-D: function "verticallines" declared implicitly
Finished building: "../main.c"
 
Building target: "spi_demo.out"
Invoking: Arm Linker
"C:/ti/ccs1250/ccs/tools/compiler/ti-cgt-arm_20.2.7.LTS/bin/armcl" -mv7M4 --code_state=16 --float_support=none -me -Ooff --define=ccs --define=cc3200 -g --diag_warning=225 --diag_wrap=off --display_error_number --abi=eabi -z -m"spi_demo.map" --heap_size=0x800 --stack_size=0x800 -i"C:/ti/ccs1250/ccs/tools/compiler/ti-cgt-arm_20.2.7.LTS/lib" -i"C:/ti/ccs1250/ccs/tools/compiler/ti-cgt-arm_20.2.7.LTS/include" --reread_libs --diag_wrap=off --display_error_number --warn_sections --xml_link_info="spi_demo_linkInfo.xml" --rom_model -o "spi_demo.out" "./Adafruit_GFX.obj" "./Adafruit_SSD1351.obj" "./main.obj" "./oled_test.obj" "./pin_mux_config.obj" "./startup_ccs.obj" "./uart_if.obj" "../cc3200v1p32.cmd"  -l"C:/ti/CC3200SDK_1.5.0/cc3200-sdk/driverlib/ccs/Release/driverlib.a" -llibc.a 
<Linking>
Finished building target: "spi_demo.out"
 
C:/ti/ccs1250/ccs/utils/tiobj2bin/tiobj2bin spi_demo.out spi_demo.bin C:/ti/ccs1250/ccs/tools/compiler/ti-cgt-arm_20.2.7.LTS/bin/armofd C:/ti/ccs1250/ccs/tools/compiler/ti-cgt-arm_20.2.7.LTS/bin/armhex C:/ti/ccs1250/ccs/utils/tiobj2bin/mkhex4bin
 

**** Build Finished ****

**** Build of configuration Debug for project spi_demo ****

"C:\\ti\\ccs1250\\ccs\\utils\\bin\\gmake" -k -j 12 all -O 
 
Building file: "../main.c"
Invoking: Arm Compiler
"C:/ti/ccs1250/ccs/tools/compiler/ti-cgt-arm_20.2.7.LTS/bin/armcl" -mv7M4 --code_state=16 --float_support=none -me -Ooff --include_path="C:/Users/Josh/Desktop/EEC 172/labs/lab3_part1/spi_demo" --include_path="C:/ti/CC3200SDK_1.5.0/cc3200-sdk/" --include_path="C:/ti/CC3200SDK_1.5.0/cc3200-sdk/driverlib/" --include_path="C:/ti/CC3200SDK_1.5.0/cc3200-sdk/inc/" --include_path="C:/ti/CC3200SDK_1.5.0/cc3200-sdk/example/common/" --include_path="C:/ti/ccs1250/ccs/tools/compiler/ti-cgt-arm_20.2.7.LTS/include" --define=ccs --define=cc3200 -g --diag_warning=225 --diag_wrap=off --display_error_number --abi=eabi --preproc_with_compile --preproc_dependency="main.d_raw"  "../main.c"
"../main.c", line 283: warning #1238-D: excess initializers are ignored
"../main.c", line 317: warning #169-D: argument of type "const char *" is incompatible with parameter of type "char *"
"../main.c", line 317: warning #169-D: argument of type "const char *" is incompatible with parameter of type "char *"
"../main.c", line 317: warning #169-D: argument of type "const char *" is incompatible with parameter of type "char *"
"../main.c", line 359: warning #225-D: function "alphabet" declared implicitly
"../main.c", line 361: warning #225-D: function "horizontallines" declared implicitly
"../main.c", line 363: warning #225-D: function "verticallines" declared implicitly
Finished building: "../main.c"
 
Building target: "spi_demo.out"
Invoking: Arm Linker
"C:/ti/ccs1250/ccs/tools/compiler/ti-cgt-arm_20.2.7.LTS/bin/armcl" -mv7M4 --code_state=16 --float_support=none -me -Ooff --define=ccs --define=cc3200 -g --diag_warning=225 --diag_wrap=off --display_error_number --abi=eabi -z -m"spi_demo.map" --heap_size=0x800 --stack_size=0x800 -i"C:/ti/ccs1250/ccs/tools/compiler/ti-cgt-arm_20.2.7.LTS/lib" -i"C:/ti/ccs1250/ccs/tools/compiler/ti-cgt-arm_20.2.7.LTS/include" --reread_libs --diag_wrap=off --display_error_number --warn_sections --xml_link_info="spi_demo_linkInfo.xml" --rom_model -o "spi_demo.out" "./Adafruit_GFX.obj" "./Adafruit_SSD1351.obj" "./main.obj" "./oled_test.obj" "./pin_mux_config.obj" "./startup_ccs.obj" "./uart_if.obj" "../cc3200v1p32.cmd"  -l"C:/ti/CC3200SDK_1.5.0/cc3200-sdk/driverlib/ccs/Release/driverlib.a" -llibc.a 
<Linking>
Finished building target: "spi_demo.out"
 
C:/ti/ccs1250/ccs/utils/tiobj2bin/tiobj2bin spi_demo.out spi_demo.bin C:/ti/ccs1250/ccs/tools/compiler/ti-cgt-arm_20.2.7.LTS/bin/armofd C:/ti/ccs1250/ccs/tools/compiler/ti-cgt-arm_20.2.7.LTS/bin/armhex C:/ti/ccs1250/ccs/utils/tiobj2bin/mkhex4bin
 

**** Build Finished ****

**** Build of configuration Debug for project spi_demo ****

"C:\\ti\\ccs1250\\ccs\\utils\\bin\\gmake" -k -j 12 all -O 
 
Building file: "../main.c"
Invoking: Arm Compiler
"C:/ti/ccs1250/ccs/tools/compiler/ti-cgt-arm_20.2.7.LTS/bin/armcl" -mv7M4 --code_state=16 --float_support=none -me -Ooff --include_path="C:/Users/Josh/Desktop/EEC 172/labs/lab3_part1/spi_demo" --include_path="C:/ti/CC3200SDK_1.5.0/cc3200-sdk/" --include_path="C:/ti/CC3200SDK_1.5.0/cc3200-sdk/driverlib/" --include_path="C:/ti/CC3200SDK_1.5.0/cc3200-sdk/inc/" --include_path="C:/ti/CC3200SDK_1.5.0/cc3200-sdk/example/common/" --include_path="C:/ti/ccs1250/ccs/tools/compiler/ti-cgt-arm_20.2.7.LTS/include" --define=ccs --define=cc3200 -g --diag_warning=225 --diag_wrap=off --display_error_number --abi=eabi --preproc_with_compile --preproc_dependency="main.d_raw"  "../main.c"
"../main.c", line 283: warning #1238-D: excess initializers are ignored
"../main.c", line 317: warning #169-D: argument of type "const char *" is incompatible with parameter of type "char *"
"../main.c", line 317: warning #169-D: argument of type "const char *" is incompatible with parameter of type "char *"
"../main.c", line 317: warning #169-D: argument of type "const char *" is incompatible with parameter of type "char *"
"../main.c", line 359: warning #225-D: function "alphabet" declared implicitly
"../main.c", line 361: warning #225-D: function "horizontallines" declared implicitly
"../main.c", line 363: warning #225-D: function "verticallines" declared implicitly
Finished building: "../main.c"
 
Building target: "spi_demo.out"
Invoking: Arm Linker
"C:/ti/ccs1250/ccs/tools/compiler/ti-cgt-arm_20.2.7.LTS/bin/armcl" -mv7M4 --code_state=16 --float_support=none -me -Ooff --define=ccs --define=cc3200 -g --diag_warning=225 --diag_wrap=off --display_error_number --abi=eabi -z -m"spi_demo.map" --heap_size=0x800 --stack_size=0x800 -i"C:/ti/ccs1250/ccs/tools/compiler/ti-cgt-arm_20.2.7.LTS/lib" -i"C:/ti/ccs1250/ccs/tools/compiler/ti-cgt-arm_20.2.7.LTS/include" --reread_libs --diag_wrap=off --display_error_number --warn_sections --xml_link_info="spi_demo_linkInfo.xml" --rom_model -o "spi_demo.out" "./Adafruit_GFX.obj" "./Adafruit_SSD1351.obj" "./main.obj" "./oled_test.obj" "./pin_mux_config.obj" "./startup_ccs.obj" "./uart_if.obj" "../cc3200v1p32.cmd"  -l"C:/ti/CC3200SDK_1.5.0/cc3200-sdk/driverlib/ccs/Release/driverlib.a" -llibc.a 
<Linking>
Finished building target: "spi_demo.out"
 
C:/ti/ccs1250/ccs/utils/tiobj2bin/tiobj2bin spi_demo.out spi_demo.bin C:/ti/ccs1250/ccs/tools/compiler/ti-cgt-arm_20.2.7.LTS/bin/armofd C:/ti/ccs1250/ccs/tools/compiler/ti-cgt-arm_20.2.7.LTS/bin/armhex C:/ti/ccs1250/ccs/utils/tiobj2bin/mkhex4bin
 

**** Build Finished ****

**** Build of configuration Debug for project spi_demo ****

"C:\\ti\\ccs1250\\ccs\\utils\\bin\\gmake" -k -j 12 all -O 
 
Building file: "../main.c"
Invoking: Arm Compiler
"C:/ti/ccs1250/ccs/tools/compiler/ti-cgt-arm_20.2.7.LTS/bin/armcl" -mv7M4 --code_state=16 --float_support=none -me -Ooff --include_path="C:/Users/Josh/Desktop/EEC 172/labs/lab3_part1/spi_demo" --include_path="C:/ti/CC3200SDK_1.5.0/cc3200-sdk/" --include_path="C:/ti/CC3200SDK_1.5.0/cc3200-sdk/driverlib/" --include_path="C:/ti/CC3200SDK_1.5.0/cc3200-sdk/inc/" --include_path="C:/ti/CC3200SDK_1.5.0/cc3200-sdk/example/common/" --include_path="C:/ti/ccs1250/ccs/tools/compiler/ti-cgt-arm_20.2.7.LTS/include" --define=ccs --define=cc3200 -g --diag_warning=225 --diag_wrap=off --display_error_number --abi=eabi --preproc_with_compile --preproc_dependency="main.d_raw"  "../main.c"
"../main.c", line 283: warning #1238-D: excess initializers are ignored
"../main.c", line 317: warning #169-D: argument of type "const char *" is incompatible with parameter of type "char *"
"../main.c", line 317: warning #169-D: argument of type "const char *" is incompatible with parameter of type "char *"
"../main.c", line 317: warning #169-D: argument of type "const char *" is incompatible with parameter of type "char *"
"../main.c", line 359: warning #225-D: function "alphabet" declared implicitly
"../main.c", line 361: warning #225-D: function "horizontallines" declared implicitly
"../main.c", line 363: warning #225-D: function "verticallines" declared implicitly
Finished building: "../main.c"
 
Building target: "spi_demo.out"
Invoking: Arm Linker
"C:/ti/ccs1250/ccs/tools/compiler/ti-cgt-arm_20.2.7.LTS/bin/armcl" -mv7M4 --code_state=16 --float_support=none -me -Ooff --define=ccs --define=cc3200 -g --diag_warning=225 --diag_wrap=off --display_error_number --abi=eabi -z -m"spi_demo.map" --heap_size=0x800 --stack_size=0x800 -i"C:/ti/ccs1250/ccs/tools/compiler/ti-cgt-arm_20.2.7.LTS/lib" -i"C:/ti/ccs1250/ccs/tools/compiler/ti-cgt-arm_20.2.7.LTS/include" --reread_libs --diag_wrap=off --display_error_number --warn_sections --xml_link_info="spi_demo_linkInfo.xml" --rom_model -o "spi_demo.out" "./Adafruit_GFX.obj" "./Adafruit_SSD1351.obj" "./main.obj" "./oled_test.obj" "./pin_mux_config.obj" "./startup_ccs.obj" "./uart_if.obj" "../cc3200v1p32.cmd"  -l"C:/ti/CC3200SDK_1.5.0/cc3200-sdk/driverlib/ccs/Release/driverlib.a" -llibc.a 
<Linking>
Finished building target: "spi_demo.out"
 
C:/ti/ccs1250/ccs/utils/tiobj2bin/tiobj2bin spi_demo.out spi_demo.bin C:/ti/ccs1250/ccs/tools/compiler/ti-cgt-arm_20.2.7.LTS/bin/armofd C:/ti/ccs1250/ccs/tools/compiler/ti-cgt-arm_20.2.7.LTS/bin/armhex C:/ti/ccs1250/ccs/utils/tiobj2bin/mkhex4bin
 

**** Build Finished ****

**** Build of configuration Debug for project spi_demo ****

"C:\\ti\\ccs1250\\ccs\\utils\\bin\\gmake" -k -j 12 all -O 
 
Building file: "../main.c"
Invoking: Arm Compiler
"C:/ti/ccs1250/ccs/tools/compiler/ti-cgt-arm_20.2.7.LTS/bin/armcl" -mv7M4 --code_state=16 --float_support=none -me -Ooff --include_path="C:/Users/Josh/Desktop/EEC 172/labs/lab3_part1/spi_demo" --include_path="C:/ti/CC3200SDK_1.5.0/cc3200-sdk/" --include_path="C:/ti/CC3200SDK_1.5.0/cc3200-sdk/driverlib/" --include_path="C:/ti/CC3200SDK_1.5.0/cc3200-sdk/inc/" --include_path="C:/ti/CC3200SDK_1.5.0/cc3200-sdk/example/common/" --include_path="C:/ti/ccs1250/ccs/tools/compiler/ti-cgt-arm_20.2.7.LTS/include" --define=ccs --define=cc3200 -g --diag_warning=225 --diag_wrap=off --display_error_number --abi=eabi --preproc_with_compile --preproc_dependency="main.d_raw"  "../main.c"
"../main.c", line 283: warning #1238-D: excess initializers are ignored
"../main.c", line 317: warning #169-D: argument of type "const char *" is incompatible with parameter of type "char *"
"../main.c", line 317: warning #169-D: argument of type "const char *" is incompatible with parameter of type "char *"
"../main.c", line 317: warning #169-D: argument of type "const char *" is incompatible with parameter of type "char *"
"../main.c", line 359: warning #225-D: function "alphabet" declared implicitly
"../main.c", line 361: warning #225-D: function "horizontallines" declared implicitly
"../main.c", line 363: warning #225-D: function "verticallines" declared implicitly
Finished building: "../main.c"
 
Building target: "spi_demo.out"
Invoking: Arm Linker
"C:/ti/ccs1250/ccs/tools/compiler/ti-cgt-arm_20.2.7.LTS/bin/armcl" -mv7M4 --code_state=16 --float_support=none -me -Ooff --define=ccs --define=cc3200 -g --diag_warning=225 --diag_wrap=off --display_error_number --abi=eabi -z -m"spi_demo.map" --heap_size=0x800 --stack_size=0x800 -i"C:/ti/ccs1250/ccs/tools/compiler/ti-cgt-arm_20.2.7.LTS/lib" -i"C:/ti/ccs1250/ccs/tools/compiler/ti-cgt-arm_20.2.7.LTS/include" --reread_libs --diag_wrap=off --display_error_number --warn_sections --xml_link_info="spi_demo_linkInfo.xml" --rom_model -o "spi_demo.out" "./Adafruit_GFX.obj" "./Adafruit_SSD1351.obj" "./main.obj" "./oled_test.obj" "./pin_mux_config.obj" "./startup_ccs.obj" "./uart_if.obj" "../cc3200v1p32.cmd"  -l"C:/ti/CC3200SDK_1.5.0/cc3200-sdk/driverlib/ccs/Release/driverlib.a" -llibc.a 
<Linking>
Finished building target: "spi_demo.out"
 
C:/ti/ccs1250/ccs/utils/tiobj2bin/tiobj2bin spi_demo.out spi_demo.bin C:/ti/ccs1250/ccs/tools/compiler/ti-cgt-arm_20.2.7.LTS/bin/armofd C:/ti/ccs1250/ccs/tools/compiler/ti-cgt-arm_20.2.7.LTS/bin/armhex C:/ti/ccs1250/ccs/utils/tiobj2bin/mkhex4bin
 

**** Build Finished ****

**** Build of configuration Debug for project spi_demo ****

"C:\\ti\\ccs1250\\ccs\\utils\\bin\\gmake" -k -j 12 all -O 
 
Building file: "../main.c"
Invoking: Arm Compiler
"C:/ti/ccs1250/ccs/tools/compiler/ti-cgt-arm_20.2.7.LTS/bin/armcl" -mv7M4 --code_state=16 --float_support=none -me -Ooff --include_path="C:/Users/Josh/Desktop/EEC 172/labs/lab3_part1/spi_demo" --include_path="C:/ti/CC3200SDK_1.5.0/cc3200-sdk/" --include_path="C:/ti/CC3200SDK_1.5.0/cc3200-sdk/driverlib/" --include_path="C:/ti/CC3200SDK_1.5.0/cc3200-sdk/inc/" --include_path="C:/ti/CC3200SDK_1.5.0/cc3200-sdk/example/common/" --include_path="C:/ti/ccs1250/ccs/tools/compiler/ti-cgt-arm_20.2.7.LTS/include" --define=ccs --define=cc3200 -g --diag_warning=225 --diag_wrap=off --display_error_number --abi=eabi --preproc_with_compile --preproc_dependency="main.d_raw"  "../main.c"
"../main.c", line 283: warning #1238-D: excess initializers are ignored
"../main.c", line 317: warning #169-D: argument of type "const char *" is incompatible with parameter of type "char *"
"../main.c", line 317: warning #169-D: argument of type "const char *" is incompatible with parameter of type "char *"
"../main.c", line 317: warning #169-D: argument of type "const char *" is incompatible with parameter of type "char *"
"../main.c", line 359: warning #225-D: function "alphabet" declared implicitly
"../main.c", line 361: warning #225-D: function "horizontallines" declared implicitly
"../main.c", line 363: warning #225-D: function "verticallines" declared implicitly
Finished building: "../main.c"
 
Building target: "spi_demo.out"
Invoking: Arm Linker
"C:/ti/ccs1250/ccs/tools/compiler/ti-cgt-arm_20.2.7.LTS/bin/armcl" -mv7M4 --code_state=16 --float_support=none -me -Ooff --define=ccs --define=cc3200 -g --diag_warning=225 --diag_wrap=off --display_error_number --abi=eabi -z -m"spi_demo.map" --heap_size=0x800 --stack_size=0x800 -i"C:/ti/ccs1250/ccs/tools/compiler/ti-cgt-arm_20.2.7.LTS/lib" -i"C:/ti/ccs1250/ccs/tools/compiler/ti-cgt-arm_20.2.7.LTS/include" --reread_libs --diag_wrap=off --display_error_number --warn_sections --xml_link_info="spi_demo_linkInfo.xml" --rom_model -o "spi_demo.out" "./Adafruit_GFX.obj" "./Adafruit_SSD1351.obj" "./main.obj" "./oled_test.obj" "./pin_mux_config.obj" "./startup_ccs.obj" "./uart_if.obj" "../cc3200v1p32.cmd"  -l"C:/ti/CC3200SDK_1.5.0/cc3200-sdk/driverlib/ccs/Release/driverlib.a" -llibc.a 
<Linking>
Finished building target: "spi_demo.out"
 
C:/ti/ccs1250/ccs/utils/tiobj2bin/tiobj2bin spi_demo.out spi_demo.bin C:/ti/ccs1250/ccs/tools/compiler/ti-cgt-arm_20.2.7.LTS/bin/armofd C:/ti/ccs1250/ccs/tools/compiler/ti-cgt-arm_20.2.7.LTS/bin/armhex C:/ti/ccs1250/ccs/utils/tiobj2bin/mkhex4bin
 

**** Build Finished ****

**** Build of configuration Debug for project spi_demo ****

"C:\\ti\\ccs1250\\ccs\\utils\\bin\\gmake" -k -j 12 all -O 
 
gmake[1]: 'spi_demo.out' is up to date.

**** Build Finished ****

**** Build of configuration Debug for project spi_demo ****

"C:\\ti\\ccs1250\\ccs\\utils\\bin\\gmake" -k -j 12 all -O 
 
Building file: "../main.c"
Invoking: Arm Compiler
"C:/ti/ccs1250/ccs/tools/compiler/ti-cgt-arm_20.2.7.LTS/bin/armcl" -mv7M4 --code_state=16 --float_support=none -me -Ooff --include_path="C:/Users/Josh/Desktop/EEC 172/labs/lab3_part1/spi_demo" --include_path="C:/ti/CC3200SDK_1.5.0/cc3200-sdk/" --include_path="C:/ti/CC3200SDK_1.5.0/cc3200-sdk/driverlib/" --include_path="C:/ti/CC3200SDK_1.5.0/cc3200-sdk/inc/" --include_path="C:/ti/CC3200SDK_1.5.0/cc3200-sdk/example/common/" --include_path="C:/ti/ccs1250/ccs/tools/compiler/ti-cgt-arm_20.2.7.LTS/include" --define=ccs --define=cc3200 -g --diag_warning=225 --diag_wrap=off --display_error_number --abi=eabi --preproc_with_compile --preproc_dependency="main.d_raw"  "../main.c"
"../main.c", line 283: warning #1238-D: excess initializers are ignored
"../main.c", line 317: warning #169-D: argument of type "const char *" is incompatible with parameter of type "char *"
"../main.c", line 317: warning #169-D: argument of type "const char *" is incompatible with parameter of type "char *"
"../main.c", line 317: warning #169-D: argument of type "const char *" is incompatible with parameter of type "char *"
"../main.c", line 359: warning #225-D: function "alphabet" declared implicitly
"../main.c", line 361: warning #225-D: function "horizontallines" declared implicitly
"../main.c", line 363: warning #225-D: function "verticallines" declared implicitly
Finished building: "../main.c"
 
Building target: "spi_demo.out"
Invoking: Arm Linker
"C:/ti/ccs1250/ccs/tools/compiler/ti-cgt-arm_20.2.7.LTS/bin/armcl" -mv7M4 --code_state=16 --float_support=none -me -Ooff --define=ccs --define=cc3200 -g --diag_warning=225 --diag_wrap=off --display_error_number --abi=eabi -z -m"spi_demo.map" --heap_size=0x800 --stack_size=0x800 -i"C:/ti/ccs1250/ccs/tools/compiler/ti-cgt-arm_20.2.7.LTS/lib" -i"C:/ti/ccs1250/ccs/tools/compiler/ti-cgt-arm_20.2.7.LTS/include" --reread_libs --diag_wrap=off --display_error_number --warn_sections --xml_link_info="spi_demo_linkInfo.xml" --rom_model -o "spi_demo.out" "./Adafruit_GFX.obj" "./Adafruit_SSD1351.obj" "./main.obj" "./oled_test.obj" "./pin_mux_config.obj" "./startup_ccs.obj" "./uart_if.obj" "../cc3200v1p32.cmd"  -l"C:/ti/CC3200SDK_1.5.0/cc3200-sdk/driverlib/ccs/Release/driverlib.a" -llibc.a 
<Linking>
Finished building target: "spi_demo.out"
 
C:/ti/ccs1250/ccs/utils/tiobj2bin/tiobj2bin spi_demo.out spi_demo.bin C:/ti/ccs1250/ccs/tools/compiler/ti-cgt-arm_20.2.7.LTS/bin/armofd C:/ti/ccs1250/ccs/tools/compiler/ti-cgt-arm_20.2.7.LTS/bin/armhex C:/ti/ccs1250/ccs/utils/tiobj2bin/mkhex4bin
 

**** Build Finished ****

**** Build of configuration Debug for project spi_demo ****

"C:\\ti\\ccs1250\\ccs\\utils\\bin\\gmake" -k -j 12 all -O 
 
Building file: "../main.c"
Invoking: Arm Compiler
"C:/ti/ccs1250/ccs/tools/compiler/ti-cgt-arm_20.2.7.LTS/bin/armcl" -mv7M4 --code_state=16 --float_support=none -me -Ooff --include_path="C:/Users/Josh/Desktop/EEC 172/labs/lab3_part1/spi_demo" --include_path="C:/ti/CC3200SDK_1.5.0/cc3200-sdk/" --include_path="C:/ti/CC3200SDK_1.5.0/cc3200-sdk/driverlib/" --include_path="C:/ti/CC3200SDK_1.5.0/cc3200-sdk/inc/" --include_path="C:/ti/CC3200SDK_1.5.0/cc3200-sdk/example/common/" --include_path="C:/ti/ccs1250/ccs/tools/compiler/ti-cgt-arm_20.2.7.LTS/include" --define=ccs --define=cc3200 -g --diag_warning=225 --diag_wrap=off --display_error_number --abi=eabi --preproc_with_compile --preproc_dependency="main.d_raw"  "../main.c"
 
>> Compilation failure
subdir_rules.mk:9: recipe for target 'main.obj' failed
"../main.c", line 140: warning #262-D: explicit type is missing ("int" assumed)
"../main.c", line 140: error #20: identifier "x00" is undefined
"../main.c", line 295: warning #1238-D: excess initializers are ignored
"../main.c", line 329: warning #169-D: argument of type "const char *" is incompatible with parameter of type "char *"
"../main.c", line 329: warning #169-D: argument of type "const char *" is incompatible with parameter of type "char *"
"../main.c", line 329: warning #169-D: argument of type "const char *" is incompatible with parameter of type "char *"
"../main.c", line 371: warning #225-D: function "alphabet" declared implicitly
"../main.c", line 373: warning #225-D: function "horizontallines" declared implicitly
"../main.c", line 375: warning #225-D: function "verticallines" declared implicitly
"../main.c", line 511: error #66: expected a ";"
"../main.c", line 597: error #20: identifier "newCode" is undefined
3 errors detected in the compilation of "../main.c".
gmake: *** [main.obj] Error 1
Building file: "../pin_mux_config.c"
Invoking: Arm Compiler
"C:/ti/ccs1250/ccs/tools/compiler/ti-cgt-arm_20.2.7.LTS/bin/armcl" -mv7M4 --code_state=16 --float_support=none -me -Ooff --include_path="C:/Users/Josh/Desktop/EEC 172/labs/lab3_part1/spi_demo" --include_path="C:/ti/CC3200SDK_1.5.0/cc3200-sdk/" --include_path="C:/ti/CC3200SDK_1.5.0/cc3200-sdk/driverlib/" --include_path="C:/ti/CC3200SDK_1.5.0/cc3200-sdk/inc/" --include_path="C:/ti/CC3200SDK_1.5.0/cc3200-sdk/example/common/" --include_path="C:/ti/ccs1250/ccs/tools/compiler/ti-cgt-arm_20.2.7.LTS/include" --define=ccs --define=cc3200 -g --diag_warning=225 --diag_wrap=off --display_error_number --abi=eabi --preproc_with_compile --preproc_dependency="pin_mux_config.d_raw"  "../pin_mux_config.c"
Finished building: "../pin_mux_config.c"
 
gmake: Target 'all' not remade because of errors.

**** Build Finished ****

**** Build of configuration Debug for project spi_demo ****

"C:\\ti\\ccs1250\\ccs\\utils\\bin\\gmake" -k -j 12 all -O 
 
Building file: "../main.c"
Invoking: Arm Compiler
"C:/ti/ccs1250/ccs/tools/compiler/ti-cgt-arm_20.2.7.LTS/bin/armcl" -mv7M4 --code_state=16 --float_support=none -me -Ooff --include_path="C:/Users/Josh/Desktop/EEC 172/labs/lab3_part1/spi_demo" --include_path="C:/ti/CC3200SDK_1.5.0/cc3200-sdk/" --include_path="C:/ti/CC3200SDK_1.5.0/cc3200-sdk/driverlib/" --include_path="C:/ti/CC3200SDK_1.5.0/cc3200-sdk/inc/" --include_path="C:/ti/CC3200SDK_1.5.0/cc3200-sdk/example/common/" --include_path="C:/ti/ccs1250/ccs/tools/compiler/ti-cgt-arm_20.2.7.LTS/include" --define=ccs --define=cc3200 -g --diag_warning=225 --diag_wrap=off --display_error_number --abi=eabi --preproc_with_compile --preproc_dependency="main.d_raw"  "../main.c"
 
>> Compilation failure
subdir_rules.mk:9: recipe for target 'main.obj' failed
"../main.c", line 140: warning #262-D: explicit type is missing ("int" assumed)
"../main.c", line 140: error #20: identifier "x00" is undefined
"../main.c", line 295: warning #1238-D: excess initializers are ignored
"../main.c", line 329: warning #169-D: argument of type "const char *" is incompatible with parameter of type "char *"
"../main.c", line 329: warning #169-D: argument of type "const char *" is incompatible with parameter of type "char *"
"../main.c", line 329: warning #169-D: argument of type "const char *" is incompatible with parameter of type "char *"
"../main.c", line 371: warning #225-D: function "alphabet" declared implicitly
"../main.c", line 373: warning #225-D: function "horizontallines" declared implicitly
"../main.c", line 375: warning #225-D: function "verticallines" declared implicitly
"../main.c", line 509: error #18: expected a ")"
"../main.c", line 509: error #29: expected an expression
"../main.c", line 597: error #20: identifier "newCode" is undefined
4 errors detected in the compilation of "../main.c".
gmake: *** [main.obj] Error 1
gmake: Target 'all' not remade because of errors.

**** Build Finished ****

**** Build of configuration Debug for project spi_demo ****

"C:\\ti\\ccs1250\\ccs\\utils\\bin\\gmake" -k -j 12 all -O 
 
Building file: "../main.c"
Invoking: Arm Compiler
"C:/ti/ccs1250/ccs/tools/compiler/ti-cgt-arm_20.2.7.LTS/bin/armcl" -mv7M4 --code_state=16 --float_support=none -me -Ooff --include_path="C:/Users/Josh/Desktop/EEC 172/labs/lab3_part1/spi_demo" --include_path="C:/ti/CC3200SDK_1.5.0/cc3200-sdk/" --include_path="C:/ti/CC3200SDK_1.5.0/cc3200-sdk/driverlib/" --include_path="C:/ti/CC3200SDK_1.5.0/cc3200-sdk/inc/" --include_path="C:/ti/CC3200SDK_1.5.0/cc3200-sdk/example/common/" --include_path="C:/ti/ccs1250/ccs/tools/compiler/ti-cgt-arm_20.2.7.LTS/include" --define=ccs --define=cc3200 -g --diag_warning=225 --diag_wrap=off --display_error_number --abi=eabi --preproc_with_compile --preproc_dependency="main.d_raw"  "../main.c"
 
>> Compilation failure
subdir_rules.mk:9: recipe for target 'main.obj' failed
"../main.c", line 140: warning #262-D: explicit type is missing ("int" assumed)
"../main.c", line 140: error #20: identifier "x00" is undefined
"../main.c", line 295: warning #1238-D: excess initializers are ignored
"../main.c", line 329: warning #169-D: argument of type "const char *" is incompatible with parameter of type "char *"
"../main.c", line 329: warning #169-D: argument of type "const char *" is incompatible with parameter of type "char *"
"../main.c", line 329: warning #169-D: argument of type "const char *" is incompatible with parameter of type "char *"
"../main.c", line 371: warning #225-D: function "alphabet" declared implicitly
"../main.c", line 373: warning #225-D: function "horizontallines" declared implicitly
"../main.c", line 375: warning #225-D: function "verticallines" declared implicitly
"../main.c", line 597: error #20: identifier "newCode" is undefined
2 errors detected in the compilation of "../main.c".
gmake: *** [main.obj] Error 1
gmake: Target 'all' not remade because of errors.

**** Build Finished ****

**** Build of configuration Debug for project spi_demo ****

"C:\\ti\\ccs1250\\ccs\\utils\\bin\\gmake" -k -j 12 all -O 
 
Building file: "../main.c"
Invoking: Arm Compiler
"C:/ti/ccs1250/ccs/tools/compiler/ti-cgt-arm_20.2.7.LTS/bin/armcl" -mv7M4 --code_state=16 --float_support=none -me -Ooff --include_path="C:/Users/Josh/Desktop/EEC 172/labs/lab3_part1/spi_demo" --include_path="C:/ti/CC3200SDK_1.5.0/cc3200-sdk/" --include_path="C:/ti/CC3200SDK_1.5.0/cc3200-sdk/driverlib/" --include_path="C:/ti/CC3200SDK_1.5.0/cc3200-sdk/inc/" --include_path="C:/ti/CC3200SDK_1.5.0/cc3200-sdk/example/common/" --include_path="C:/ti/ccs1250/ccs/tools/compiler/ti-cgt-arm_20.2.7.LTS/include" --define=ccs --define=cc3200 -g --diag_warning=225 --diag_wrap=off --display_error_number --abi=eabi --preproc_with_compile --preproc_dependency="main.d_raw"  "../main.c"
 
>> Compilation failure
subdir_rules.mk:9: recipe for target 'main.obj' failed
"../main.c", line 140: warning #262-D: explicit type is missing ("int" assumed)
"../main.c", line 140: error #20: identifier "x00" is undefined
"../main.c", line 295: warning #1238-D: excess initializers are ignored
"../main.c", line 329: warning #169-D: argument of type "const char *" is incompatible with parameter of type "char *"
"../main.c", line 329: warning #169-D: argument of type "const char *" is incompatible with parameter of type "char *"
"../main.c", line 329: warning #169-D: argument of type "const char *" is incompatible with parameter of type "char *"
"../main.c", line 371: warning #225-D: function "alphabet" declared implicitly
"../main.c", line 373: warning #225-D: function "horizontallines" declared implicitly
"../main.c", line 375: warning #225-D: function "verticallines" declared implicitly
"../main.c", line 597: warning #169-D: argument of type "int" is incompatible with parameter of type "const char *"
1 error detected in the compilation of "../main.c".
gmake: *** [main.obj] Error 1
gmake: Target 'all' not remade because of errors.

**** Build Finished ****

**** Build of configuration Debug for project spi_demo ****

"C:\\ti\\ccs1250\\ccs\\utils\\bin\\gmake" -k -j 12 all -O 
 
Building file: "../main.c"
Invoking: Arm Compiler
"C:/ti/ccs1250/ccs/tools/compiler/ti-cgt-arm_20.2.7.LTS/bin/armcl" -mv7M4 --code_state=16 --float_support=none -me -Ooff --include_path="C:/Users/Josh/Desktop/EEC 172/labs/lab3_part1/spi_demo" --include_path="C:/ti/CC3200SDK_1.5.0/cc3200-sdk/" --include_path="C:/ti/CC3200SDK_1.5.0/cc3200-sdk/driverlib/" --include_path="C:/ti/CC3200SDK_1.5.0/cc3200-sdk/inc/" --include_path="C:/ti/CC3200SDK_1.5.0/cc3200-sdk/example/common/" --include_path="C:/ti/ccs1250/ccs/tools/compiler/ti-cgt-arm_20.2.7.LTS/include" --define=ccs --define=cc3200 -g --diag_warning=225 --diag_wrap=off --display_error_number --abi=eabi --preproc_with_compile --preproc_dependency="main.d_raw"  "../main.c"
 
>> Compilation failure
subdir_rules.mk:9: recipe for target 'main.obj' failed
"../main.c", line 140: error #20: identifier "x00" is undefined
"../main.c", line 295: warning #1238-D: excess initializers are ignored
"../main.c", line 329: warning #169-D: argument of type "const char *" is incompatible with parameter of type "char *"
"../main.c", line 329: warning #169-D: argument of type "const char *" is incompatible with parameter of type "char *"
"../main.c", line 329: warning #169-D: argument of type "const char *" is incompatible with parameter of type "char *"
"../main.c", line 371: warning #225-D: function "alphabet" declared implicitly
"../main.c", line 373: warning #225-D: function "horizontallines" declared implicitly
"../main.c", line 375: warning #225-D: function "verticallines" declared implicitly
"../main.c", line 597: warning #169-D: argument of type "int" is incompatible with parameter of type "const char *"
1 error detected in the compilation of "../main.c".
gmake: *** [main.obj] Error 1
gmake: Target 'all' not remade because of errors.

**** Build Finished ****

**** Build of configuration Debug for project spi_demo ****

"C:\\ti\\ccs1250\\ccs\\utils\\bin\\gmake" -k -j 12 all -O 
 
Building file: "../main.c"
Invoking: Arm Compiler
"C:/ti/ccs1250/ccs/tools/compiler/ti-cgt-arm_20.2.7.LTS/bin/armcl" -mv7M4 --code_state=16 --float_support=none -me -Ooff --include_path="C:/Users/Josh/Desktop/EEC 172/labs/lab3_part1/spi_demo" --include_path="C:/ti/CC3200SDK_1.5.0/cc3200-sdk/" --include_path="C:/ti/CC3200SDK_1.5.0/cc3200-sdk/driverlib/" --include_path="C:/ti/CC3200SDK_1.5.0/cc3200-sdk/inc/" --include_path="C:/ti/CC3200SDK_1.5.0/cc3200-sdk/example/common/" --include_path="C:/ti/ccs1250/ccs/tools/compiler/ti-cgt-arm_20.2.7.LTS/include" --define=ccs --define=cc3200 -g --diag_warning=225 --diag_wrap=off --display_error_number --abi=eabi --preproc_with_compile --preproc_dependency="main.d_raw"  "../main.c"
 
>> Compilation failure
subdir_rules.mk:9: recipe for target 'main.obj' failed
"../main.c", line 295: warning #1238-D: excess initializers are ignored
"../main.c", line 329: warning #169-D: argument of type "const char *" is incompatible with parameter of type "char *"
"../main.c", line 329: warning #169-D: argument of type "const char *" is incompatible with parameter of type "char *"
"../main.c", line 329: warning #169-D: argument of type "const char *" is incompatible with parameter of type "char *"
"../main.c", line 371: warning #225-D: function "alphabet" declared implicitly
"../main.c", line 373: warning #225-D: function "horizontallines" declared implicitly
"../main.c", line 375: warning #225-D: function "verticallines" declared implicitly
"../main.c", line 446: error #20: identifier "x00" is undefined
"../main.c", line 597: warning #169-D: argument of type "int" is incompatible with parameter of type "const char *"
1 error detected in the compilation of "../main.c".
gmake: *** [main.obj] Error 1
gmake: Target 'all' not remade because of errors.

**** Build Finished ****

**** Build of configuration Debug for project spi_demo ****

"C:\\ti\\ccs1250\\ccs\\utils\\bin\\gmake" -k -j 12 all -O 
 
Building file: "../main.c"
Invoking: Arm Compiler
"C:/ti/ccs1250/ccs/tools/compiler/ti-cgt-arm_20.2.7.LTS/bin/armcl" -mv7M4 --code_state=16 --float_support=none -me -Ooff --include_path="C:/Users/Josh/Desktop/EEC 172/labs/lab3_part1/spi_demo" --include_path="C:/ti/CC3200SDK_1.5.0/cc3200-sdk/" --include_path="C:/ti/CC3200SDK_1.5.0/cc3200-sdk/driverlib/" --include_path="C:/ti/CC3200SDK_1.5.0/cc3200-sdk/inc/" --include_path="C:/ti/CC3200SDK_1.5.0/cc3200-sdk/example/common/" --include_path="C:/ti/ccs1250/ccs/tools/compiler/ti-cgt-arm_20.2.7.LTS/include" --define=ccs --define=cc3200 -g --diag_warning=225 --diag_wrap=off --display_error_number --abi=eabi --preproc_with_compile --preproc_dependency="main.d_raw"  "../main.c"
"../main.c", line 295: warning #1238-D: excess initializers are ignored
"../main.c", line 329: warning #169-D: argument of type "const char *" is incompatible with parameter of type "char *"
"../main.c", line 329: warning #169-D: argument of type "const char *" is incompatible with parameter of type "char *"
"../main.c", line 329: warning #169-D: argument of type "const char *" is incompatible with parameter of type "char *"
"../main.c", line 371: warning #225-D: function "alphabet" declared implicitly
"../main.c", line 373: warning #225-D: function "horizontallines" declared implicitly
"../main.c", line 375: warning #225-D: function "verticallines" declared implicitly
"../main.c", line 597: warning #169-D: argument of type "int" is incompatible with parameter of type "const char *"
Finished building: "../main.c"
 
Building target: "spi_demo.out"
Invoking: Arm Linker
"C:/ti/ccs1250/ccs/tools/compiler/ti-cgt-arm_20.2.7.LTS/bin/armcl" -mv7M4 --code_state=16 --float_support=none -me -Ooff --define=ccs --define=cc3200 -g --diag_warning=225 --diag_wrap=off --display_error_number --abi=eabi -z -m"spi_demo.map" --heap_size=0x800 --stack_size=0x800 -i"C:/ti/ccs1250/ccs/tools/compiler/ti-cgt-arm_20.2.7.LTS/lib" -i"C:/ti/ccs1250/ccs/tools/compiler/ti-cgt-arm_20.2.7.LTS/include" --reread_libs --diag_wrap=off --display_error_number --warn_sections --xml_link_info="spi_demo_linkInfo.xml" --rom_model -o "spi_demo.out" "./Adafruit_GFX.obj" "./Adafruit_SSD1351.obj" "./main.obj" "./oled_test.obj" "./pin_mux_config.obj" "./startup_ccs.obj" "./uart_if.obj" "../cc3200v1p32.cmd"  -l"C:/ti/CC3200SDK_1.5.0/cc3200-sdk/driverlib/ccs/Release/driverlib.a" -llibc.a 
<Linking>
Finished building target: "spi_demo.out"
 
C:/ti/ccs1250/ccs/utils/tiobj2bin/tiobj2bin spi_demo.out spi_demo.bin C:/ti/ccs1250/ccs/tools/compiler/ti-cgt-arm_20.2.7.LTS/bin/armofd C:/ti/ccs1250/ccs/tools/compiler/ti-cgt-arm_20.2.7.LTS/bin/armhex C:/ti/ccs1250/ccs/utils/tiobj2bin/mkhex4bin
 

**** Build Finished ****

**** Build of configuration Debug for project spi_demo ****

"C:\\ti\\ccs1250\\ccs\\utils\\bin\\gmake" -k -j 12 all -O 
 
gmake[1]: 'spi_demo.out' is up to date.

**** Build Finished ****

**** Build of configuration Debug for project spi_demo ****

"C:\\ti\\ccs1250\\ccs\\utils\\bin\\gmake" -k -j 12 all -O 
 
Building file: "../main.c"
Invoking: Arm Compiler
"C:/ti/ccs1250/ccs/tools/compiler/ti-cgt-arm_20.2.7.LTS/bin/armcl" -mv7M4 --code_state=16 --float_support=none -me -Ooff --include_path="C:/Users/Josh/Desktop/EEC 172/labs/lab3_part1/spi_demo" --include_path="C:/ti/CC3200SDK_1.5.0/cc3200-sdk/" --include_path="C:/ti/CC3200SDK_1.5.0/cc3200-sdk/driverlib/" --include_path="C:/ti/CC3200SDK_1.5.0/cc3200-sdk/inc/" --include_path="C:/ti/CC3200SDK_1.5.0/cc3200-sdk/example/common/" --include_path="C:/ti/ccs1250/ccs/tools/compiler/ti-cgt-arm_20.2.7.LTS/include" --define=ccs --define=cc3200 -g --diag_warning=225 --diag_wrap=off --display_error_number --abi=eabi --preproc_with_compile --preproc_dependency="main.d_raw"  "../main.c"
"../main.c", line 295: warning #1238-D: excess initializers are ignored
"../main.c", line 329: warning #169-D: argument of type "const char *" is incompatible with parameter of type "char *"
"../main.c", line 329: warning #169-D: argument of type "const char *" is incompatible with parameter of type "char *"
"../main.c", line 329: warning #169-D: argument of type "const char *" is incompatible with parameter of type "char *"
"../main.c", line 371: warning #225-D: function "alphabet" declared implicitly
"../main.c", line 373: warning #225-D: function "horizontallines" declared implicitly
"../main.c", line 375: warning #225-D: function "verticallines" declared implicitly
"../main.c", line 597: warning #169-D: argument of type "int" is incompatible with parameter of type "const char *"
Finished building: "../main.c"
 
Building target: "spi_demo.out"
Invoking: Arm Linker
"C:/ti/ccs1250/ccs/tools/compiler/ti-cgt-arm_20.2.7.LTS/bin/armcl" -mv7M4 --code_state=16 --float_support=none -me -Ooff --define=ccs --define=cc3200 -g --diag_warning=225 --diag_wrap=off --display_error_number --abi=eabi -z -m"spi_demo.map" --heap_size=0x800 --stack_size=0x800 -i"C:/ti/ccs1250/ccs/tools/compiler/ti-cgt-arm_20.2.7.LTS/lib" -i"C:/ti/ccs1250/ccs/tools/compiler/ti-cgt-arm_20.2.7.LTS/include" --reread_libs --diag_wrap=off --display_error_number --warn_sections --xml_link_info="spi_demo_linkInfo.xml" --rom_model -o "spi_demo.out" "./Adafruit_GFX.obj" "./Adafruit_SSD1351.obj" "./main.obj" "./oled_test.obj" "./pin_mux_config.obj" "./startup_ccs.obj" "./uart_if.obj" "../cc3200v1p32.cmd"  -l"C:/ti/CC3200SDK_1.5.0/cc3200-sdk/driverlib/ccs/Release/driverlib.a" -llibc.a 
<Linking>
Finished building target: "spi_demo.out"
 
C:/ti/ccs1250/ccs/utils/tiobj2bin/tiobj2bin spi_demo.out spi_demo.bin C:/ti/ccs1250/ccs/tools/compiler/ti-cgt-arm_20.2.7.LTS/bin/armofd C:/ti/ccs1250/ccs/tools/compiler/ti-cgt-arm_20.2.7.LTS/bin/armhex C:/ti/ccs1250/ccs/utils/tiobj2bin/mkhex4bin
 

**** Build Finished ****

**** Build of configuration Debug for project spi_demo ****

"C:\\ti\\ccs1250\\ccs\\utils\\bin\\gmake" -k -j 12 all -O 
 
gmake[1]: 'spi_demo.out' is up to date.

**** Build Finished ****

**** Build of configuration Debug for project spi_demo ****

"C:\\ti\\ccs1250\\ccs\\utils\\bin\\gmake" -k -j 12 all -O 
 
Building file: "../pin_mux_config.c"
Invoking: Arm Compiler
"C:/ti/ccs1250/ccs/tools/compiler/ti-cgt-arm_20.2.7.LTS/bin/armcl" -mv7M4 --code_state=16 --float_support=none -me -Ooff --include_path="C:/Users/Josh/Desktop/EEC 172/labs/lab3_part1/spi_demo" --include_path="C:/ti/CC3200SDK_1.5.0/cc3200-sdk/" --include_path="C:/ti/CC3200SDK_1.5.0/cc3200-sdk/driverlib/" --include_path="C:/ti/CC3200SDK_1.5.0/cc3200-sdk/inc/" --include_path="C:/ti/CC3200SDK_1.5.0/cc3200-sdk/example/common/" --include_path="C:/ti/ccs1250/ccs/tools/compiler/ti-cgt-arm_20.2.7.LTS/include" --define=ccs --define=cc3200 -g --diag_warning=225 --diag_wrap=off --display_error_number --abi=eabi --preproc_with_compile --preproc_dependency="pin_mux_config.d_raw"  "../pin_mux_config.c"
Finished building: "../pin_mux_config.c"
 
Building file: "../main.c"
Invoking: Arm Compiler
"C:/ti/ccs1250/ccs/tools/compiler/ti-cgt-arm_20.2.7.LTS/bin/armcl" -mv7M4 --code_state=16 --float_support=none -me -Ooff --include_path="C:/Users/Josh/Desktop/EEC 172/labs/lab3_part1/spi_demo" --include_path="C:/ti/CC3200SDK_1.5.0/cc3200-sdk/" --include_path="C:/ti/CC3200SDK_1.5.0/cc3200-sdk/driverlib/" --include_path="C:/ti/CC3200SDK_1.5.0/cc3200-sdk/inc/" --include_path="C:/ti/CC3200SDK_1.5.0/cc3200-sdk/example/common/" --include_path="C:/ti/ccs1250/ccs/tools/compiler/ti-cgt-arm_20.2.7.LTS/include" --define=ccs --define=cc3200 -g --diag_warning=225 --diag_wrap=off --display_error_number --abi=eabi --preproc_with_compile --preproc_dependency="main.d_raw"  "../main.c"
"../main.c", line 295: warning #1238-D: excess initializers are ignored
"../main.c", line 329: warning #169-D: argument of type "const char *" is incompatible with parameter of type "char *"
"../main.c", line 329: warning #169-D: argument of type "const char *" is incompatible with parameter of type "char *"
"../main.c", line 329: warning #169-D: argument of type "const char *" is incompatible with parameter of type "char *"
"../main.c", line 371: warning #225-D: function "alphabet" declared implicitly
"../main.c", line 373: warning #225-D: function "horizontallines" declared implicitly
"../main.c", line 375: warning #225-D: function "verticallines" declared implicitly
"../main.c", line 598: warning #169-D: argument of type "int" is incompatible with parameter of type "const char *"
Finished building: "../main.c"
 
Building target: "spi_demo.out"
Invoking: Arm Linker
"C:/ti/ccs1250/ccs/tools/compiler/ti-cgt-arm_20.2.7.LTS/bin/armcl" -mv7M4 --code_state=16 --float_support=none -me -Ooff --define=ccs --define=cc3200 -g --diag_warning=225 --diag_wrap=off --display_error_number --abi=eabi -z -m"spi_demo.map" --heap_size=0x800 --stack_size=0x800 -i"C:/ti/ccs1250/ccs/tools/compiler/ti-cgt-arm_20.2.7.LTS/lib" -i"C:/ti/ccs1250/ccs/tools/compiler/ti-cgt-arm_20.2.7.LTS/include" --reread_libs --diag_wrap=off --display_error_number --warn_sections --xml_link_info="spi_demo_linkInfo.xml" --rom_model -o "spi_demo.out" "./Adafruit_GFX.obj" "./Adafruit_SSD1351.obj" "./main.obj" "./oled_test.obj" "./pin_mux_config.obj" "./startup_ccs.obj" "./uart_if.obj" "../cc3200v1p32.cmd"  -l"C:/ti/CC3200SDK_1.5.0/cc3200-sdk/driverlib/ccs/Release/driverlib.a" -llibc.a 
<Linking>
Finished building target: "spi_demo.out"
 
C:/ti/ccs1250/ccs/utils/tiobj2bin/tiobj2bin spi_demo.out spi_demo.bin C:/ti/ccs1250/ccs/tools/compiler/ti-cgt-arm_20.2.7.LTS/bin/armofd C:/ti/ccs1250/ccs/tools/compiler/ti-cgt-arm_20.2.7.LTS/bin/armhex C:/ti/ccs1250/ccs/utils/tiobj2bin/mkhex4bin
 

**** Build Finished ****

**** Build of configuration Debug for project spi_demo ****

"C:\\ti\\ccs1250\\ccs\\utils\\bin\\gmake" -k -j 12 all -O 
 
Building file: "../main.c"
Invoking: Arm Compiler
"C:/ti/ccs1250/ccs/tools/compiler/ti-cgt-arm_20.2.7.LTS/bin/armcl" -mv7M4 --code_state=16 --float_support=none -me -Ooff --include_path="C:/Users/Josh/Desktop/EEC 172/labs/lab3_part1/spi_demo" --include_path="C:/ti/CC3200SDK_1.5.0/cc3200-sdk/" --include_path="C:/ti/CC3200SDK_1.5.0/cc3200-sdk/driverlib/" --include_path="C:/ti/CC3200SDK_1.5.0/cc3200-sdk/inc/" --include_path="C:/ti/CC3200SDK_1.5.0/cc3200-sdk/example/common/" --include_path="C:/ti/ccs1250/ccs/tools/compiler/ti-cgt-arm_20.2.7.LTS/include" --define=ccs --define=cc3200 -g --diag_warning=225 --diag_wrap=off --display_error_number --abi=eabi --preproc_with_compile --preproc_dependency="main.d_raw"  "../main.c"
"../main.c", line 295: warning #1238-D: excess initializers are ignored
"../main.c", line 329: warning #169-D: argument of type "const char *" is incompatible with parameter of type "char *"
"../main.c", line 329: warning #169-D: argument of type "const char *" is incompatible with parameter of type "char *"
"../main.c", line 329: warning #169-D: argument of type "const char *" is incompatible with parameter of type "char *"
"../main.c", line 371: warning #225-D: function "alphabet" declared implicitly
"../main.c", line 373: warning #225-D: function "horizontallines" declared implicitly
"../main.c", line 375: warning #225-D: function "verticallines" declared implicitly
"../main.c", line 598: warning #169-D: argument of type "int" is incompatible with parameter of type "const char *"
Finished building: "../main.c"
 
Building target: "spi_demo.out"
Invoking: Arm Linker
"C:/ti/ccs1250/ccs/tools/compiler/ti-cgt-arm_20.2.7.LTS/bin/armcl" -mv7M4 --code_state=16 --float_support=none -me -Ooff --define=ccs --define=cc3200 -g --diag_warning=225 --diag_wrap=off --display_error_number --abi=eabi -z -m"spi_demo.map" --heap_size=0x800 --stack_size=0x800 -i"C:/ti/ccs1250/ccs/tools/compiler/ti-cgt-arm_20.2.7.LTS/lib" -i"C:/ti/ccs1250/ccs/tools/compiler/ti-cgt-arm_20.2.7.LTS/include" --reread_libs --diag_wrap=off --display_error_number --warn_sections --xml_link_info="spi_demo_linkInfo.xml" --rom_model -o "spi_demo.out" "./Adafruit_GFX.obj" "./Adafruit_SSD1351.obj" "./main.obj" "./oled_test.obj" "./pin_mux_config.obj" "./startup_ccs.obj" "./uart_if.obj" "../cc3200v1p32.cmd"  -l"C:/ti/CC3200SDK_1.5.0/cc3200-sdk/driverlib/ccs/Release/driverlib.a" -llibc.a 
<Linking>
Finished building target: "spi_demo.out"
 
C:/ti/ccs1250/ccs/utils/tiobj2bin/tiobj2bin spi_demo.out spi_demo.bin C:/ti/ccs1250/ccs/tools/compiler/ti-cgt-arm_20.2.7.LTS/bin/armofd C:/ti/ccs1250/ccs/tools/compiler/ti-cgt-arm_20.2.7.LTS/bin/armhex C:/ti/ccs1250/ccs/utils/tiobj2bin/mkhex4bin
 

**** Build Finished ****

**** Build of configuration Debug for project spi_demo ****

"C:\\ti\\ccs1250\\ccs\\utils\\bin\\gmake" -k -j 12 all -O 
 
Building file: "../main.c"
Invoking: Arm Compiler
"C:/ti/ccs1250/ccs/tools/compiler/ti-cgt-arm_20.2.7.LTS/bin/armcl" -mv7M4 --code_state=16 --float_support=none -me -Ooff --include_path="C:/Users/Josh/Desktop/EEC 172/labs/lab3_part1/spi_demo" --include_path="C:/ti/CC3200SDK_1.5.0/cc3200-sdk/" --include_path="C:/ti/CC3200SDK_1.5.0/cc3200-sdk/driverlib/" --include_path="C:/ti/CC3200SDK_1.5.0/cc3200-sdk/inc/" --include_path="C:/ti/CC3200SDK_1.5.0/cc3200-sdk/example/common/" --include_path="C:/ti/ccs1250/ccs/tools/compiler/ti-cgt-arm_20.2.7.LTS/include" --define=ccs --define=cc3200 -g --diag_warning=225 --diag_wrap=off --display_error_number --abi=eabi --preproc_with_compile --preproc_dependency="main.d_raw"  "../main.c"
 
>> Compilation failure
subdir_rules.mk:9: recipe for target 'main.obj' failed
"../main.c", line 295: warning #1238-D: excess initializers are ignored
"../main.c", line 329: warning #169-D: argument of type "const char *" is incompatible with parameter of type "char *"
"../main.c", line 329: warning #169-D: argument of type "const char *" is incompatible with parameter of type "char *"
"../main.c", line 329: warning #169-D: argument of type "const char *" is incompatible with parameter of type "char *"
"../main.c", line 371: warning #225-D: function "alphabet" declared implicitly
"../main.c", line 373: warning #225-D: function "horizontallines" declared implicitly
"../main.c", line 375: warning #225-D: function "verticallines" declared implicitly
"../main.c", line 598: error #66: expected a ";"
1 error detected in the compilation of "../main.c".
gmake: *** [main.obj] Error 1
gmake: Target 'all' not remade because of errors.

**** Build Finished ****

**** Build of configuration Debug for project spi_demo ****

"C:\\ti\\ccs1250\\ccs\\utils\\bin\\gmake" -k -j 12 all -O 
 
Building file: "../main.c"
Invoking: Arm Compiler
"C:/ti/ccs1250/ccs/tools/compiler/ti-cgt-arm_20.2.7.LTS/bin/armcl" -mv7M4 --code_state=16 --float_support=none -me -Ooff --include_path="C:/Users/Josh/Desktop/EEC 172/labs/lab3_part1/spi_demo" --include_path="C:/ti/CC3200SDK_1.5.0/cc3200-sdk/" --include_path="C:/ti/CC3200SDK_1.5.0/cc3200-sdk/driverlib/" --include_path="C:/ti/CC3200SDK_1.5.0/cc3200-sdk/inc/" --include_path="C:/ti/CC3200SDK_1.5.0/cc3200-sdk/example/common/" --include_path="C:/ti/ccs1250/ccs/tools/compiler/ti-cgt-arm_20.2.7.LTS/include" --define=ccs --define=cc3200 -g --diag_warning=225 --diag_wrap=off --display_error_number --abi=eabi --preproc_with_compile --preproc_dependency="main.d_raw"  "../main.c"
"../main.c", line 295: warning #1238-D: excess initializers are ignored
"../main.c", line 329: warning #169-D: argument of type "const char *" is incompatible with parameter of type "char *"
"../main.c", line 329: warning #169-D: argument of type "const char *" is incompatible with parameter of type "char *"
"../main.c", line 329: warning #169-D: argument of type "const char *" is incompatible with parameter of type "char *"
"../main.c", line 371: warning #225-D: function "alphabet" declared implicitly
"../main.c", line 373: warning #225-D: function "horizontallines" declared implicitly
"../main.c", line 375: warning #225-D: function "verticallines" declared implicitly
"../main.c", line 599: warning #169-D: argument of type "int" is incompatible with parameter of type "const char *"
Finished building: "../main.c"
 
Building target: "spi_demo.out"
Invoking: Arm Linker
"C:/ti/ccs1250/ccs/tools/compiler/ti-cgt-arm_20.2.7.LTS/bin/armcl" -mv7M4 --code_state=16 --float_support=none -me -Ooff --define=ccs --define=cc3200 -g --diag_warning=225 --diag_wrap=off --display_error_number --abi=eabi -z -m"spi_demo.map" --heap_size=0x800 --stack_size=0x800 -i"C:/ti/ccs1250/ccs/tools/compiler/ti-cgt-arm_20.2.7.LTS/lib" -i"C:/ti/ccs1250/ccs/tools/compiler/ti-cgt-arm_20.2.7.LTS/include" --reread_libs --diag_wrap=off --display_error_number --warn_sections --xml_link_info="spi_demo_linkInfo.xml" --rom_model -o "spi_demo.out" "./Adafruit_GFX.obj" "./Adafruit_SSD1351.obj" "./main.obj" "./oled_test.obj" "./pin_mux_config.obj" "./startup_ccs.obj" "./uart_if.obj" "../cc3200v1p32.cmd"  -l"C:/ti/CC3200SDK_1.5.0/cc3200-sdk/driverlib/ccs/Release/driverlib.a" -llibc.a 
<Linking>
Finished building target: "spi_demo.out"
 
C:/ti/ccs1250/ccs/utils/tiobj2bin/tiobj2bin spi_demo.out spi_demo.bin C:/ti/ccs1250/ccs/tools/compiler/ti-cgt-arm_20.2.7.LTS/bin/armofd C:/ti/ccs1250/ccs/tools/compiler/ti-cgt-arm_20.2.7.LTS/bin/armhex C:/ti/ccs1250/ccs/utils/tiobj2bin/mkhex4bin
 

**** Build Finished ****

**** Build of configuration Debug for project spi_demo ****

"C:\\ti\\ccs1250\\ccs\\utils\\bin\\gmake" -k -j 12 all -O 
 
Building file: "../main.c"
Invoking: Arm Compiler
"C:/ti/ccs1250/ccs/tools/compiler/ti-cgt-arm_20.2.7.LTS/bin/armcl" -mv7M4 --code_state=16 --float_support=none -me -Ooff --include_path="C:/Users/Josh/Desktop/EEC 172/labs/lab3_part1/spi_demo" --include_path="C:/ti/CC3200SDK_1.5.0/cc3200-sdk/" --include_path="C:/ti/CC3200SDK_1.5.0/cc3200-sdk/driverlib/" --include_path="C:/ti/CC3200SDK_1.5.0/cc3200-sdk/inc/" --include_path="C:/ti/CC3200SDK_1.5.0/cc3200-sdk/example/common/" --include_path="C:/ti/ccs1250/ccs/tools/compiler/ti-cgt-arm_20.2.7.LTS/include" --define=ccs --define=cc3200 -g --diag_warning=225 --diag_wrap=off --display_error_number --abi=eabi --preproc_with_compile --preproc_dependency="main.d_raw"  "../main.c"
"../main.c", line 295: warning #1238-D: excess initializers are ignored
"../main.c", line 329: warning #169-D: argument of type "const char *" is incompatible with parameter of type "char *"
"../main.c", line 329: warning #169-D: argument of type "const char *" is incompatible with parameter of type "char *"
"../main.c", line 329: warning #169-D: argument of type "const char *" is incompatible with parameter of type "char *"
"../main.c", line 371: warning #225-D: function "alphabet" declared implicitly
"../main.c", line 373: warning #225-D: function "horizontallines" declared implicitly
"../main.c", line 375: warning #225-D: function "verticallines" declared implicitly
"../main.c", line 602: warning #169-D: argument of type "int" is incompatible with parameter of type "const char *"
"../main.c", line 193: warning #179-D: function "SysTickReset" was declared but never referenced
Finished building: "../main.c"
 
Building target: "spi_demo.out"
Invoking: Arm Linker
"C:/ti/ccs1250/ccs/tools/compiler/ti-cgt-arm_20.2.7.LTS/bin/armcl" -mv7M4 --code_state=16 --float_support=none -me -Ooff --define=ccs --define=cc3200 -g --diag_warning=225 --diag_wrap=off --display_error_number --abi=eabi -z -m"spi_demo.map" --heap_size=0x800 --stack_size=0x800 -i"C:/ti/ccs1250/ccs/tools/compiler/ti-cgt-arm_20.2.7.LTS/lib" -i"C:/ti/ccs1250/ccs/tools/compiler/ti-cgt-arm_20.2.7.LTS/include" --reread_libs --diag_wrap=off --display_error_number --warn_sections --xml_link_info="spi_demo_linkInfo.xml" --rom_model -o "spi_demo.out" "./Adafruit_GFX.obj" "./Adafruit_SSD1351.obj" "./main.obj" "./oled_test.obj" "./pin_mux_config.obj" "./startup_ccs.obj" "./uart_if.obj" "../cc3200v1p32.cmd"  -l"C:/ti/CC3200SDK_1.5.0/cc3200-sdk/driverlib/ccs/Release/driverlib.a" -llibc.a 
<Linking>
Finished building target: "spi_demo.out"
 
C:/ti/ccs1250/ccs/utils/tiobj2bin/tiobj2bin spi_demo.out spi_demo.bin C:/ti/ccs1250/ccs/tools/compiler/ti-cgt-arm_20.2.7.LTS/bin/armofd C:/ti/ccs1250/ccs/tools/compiler/ti-cgt-arm_20.2.7.LTS/bin/armhex C:/ti/ccs1250/ccs/utils/tiobj2bin/mkhex4bin
 

**** Build Finished ****

**** Build of configuration Debug for project spi_demo ****

"C:\\ti\\ccs1250\\ccs\\utils\\bin\\gmake" -k -j 12 all -O 
 
Building file: "../main.c"
Invoking: Arm Compiler
"C:/ti/ccs1250/ccs/tools/compiler/ti-cgt-arm_20.2.7.LTS/bin/armcl" -mv7M4 --code_state=16 --float_support=none -me -Ooff --include_path="C:/Users/Josh/Desktop/EEC 172/labs/lab3_part1/spi_demo" --include_path="C:/ti/CC3200SDK_1.5.0/cc3200-sdk/" --include_path="C:/ti/CC3200SDK_1.5.0/cc3200-sdk/driverlib/" --include_path="C:/ti/CC3200SDK_1.5.0/cc3200-sdk/inc/" --include_path="C:/ti/CC3200SDK_1.5.0/cc3200-sdk/example/common/" --include_path="C:/ti/ccs1250/ccs/tools/compiler/ti-cgt-arm_20.2.7.LTS/include" --define=ccs --define=cc3200 -g --diag_warning=225 --diag_wrap=off --display_error_number --abi=eabi --preproc_with_compile --preproc_dependency="main.d_raw"  "../main.c"
"../main.c", line 295: warning #1238-D: excess initializers are ignored
"../main.c", line 329: warning #169-D: argument of type "const char *" is incompatible with parameter of type "char *"
"../main.c", line 329: warning #169-D: argument of type "const char *" is incompatible with parameter of type "char *"
"../main.c", line 329: warning #169-D: argument of type "const char *" is incompatible with parameter of type "char *"
"../main.c", line 371: warning #225-D: function "alphabet" declared implicitly
"../main.c", line 373: warning #225-D: function "horizontallines" declared implicitly
"../main.c", line 375: warning #225-D: function "verticallines" declared implicitly
"../main.c", line 603: warning #169-D: argument of type "int" is incompatible with parameter of type "const char *"
"../main.c", line 193: warning #179-D: function "SysTickReset" was declared but never referenced
Finished building: "../main.c"
 
Building target: "spi_demo.out"
Invoking: Arm Linker
"C:/ti/ccs1250/ccs/tools/compiler/ti-cgt-arm_20.2.7.LTS/bin/armcl" -mv7M4 --code_state=16 --float_support=none -me -Ooff --define=ccs --define=cc3200 -g --diag_warning=225 --diag_wrap=off --display_error_number --abi=eabi -z -m"spi_demo.map" --heap_size=0x800 --stack_size=0x800 -i"C:/ti/ccs1250/ccs/tools/compiler/ti-cgt-arm_20.2.7.LTS/lib" -i"C:/ti/ccs1250/ccs/tools/compiler/ti-cgt-arm_20.2.7.LTS/include" --reread_libs --diag_wrap=off --display_error_number --warn_sections --xml_link_info="spi_demo_linkInfo.xml" --rom_model -o "spi_demo.out" "./Adafruit_GFX.obj" "./Adafruit_SSD1351.obj" "./main.obj" "./oled_test.obj" "./pin_mux_config.obj" "./startup_ccs.obj" "./uart_if.obj" "../cc3200v1p32.cmd"  -l"C:/ti/CC3200SDK_1.5.0/cc3200-sdk/driverlib/ccs/Release/driverlib.a" -llibc.a 
<Linking>
Finished building target: "spi_demo.out"
 
C:/ti/ccs1250/ccs/utils/tiobj2bin/tiobj2bin spi_demo.out spi_demo.bin C:/ti/ccs1250/ccs/tools/compiler/ti-cgt-arm_20.2.7.LTS/bin/armofd C:/ti/ccs1250/ccs/tools/compiler/ti-cgt-arm_20.2.7.LTS/bin/armhex C:/ti/ccs1250/ccs/utils/tiobj2bin/mkhex4bin
 

**** Build Finished ****

**** Build of configuration Debug for project spi_demo ****

"C:\\ti\\ccs1250\\ccs\\utils\\bin\\gmake" -k -j 12 all -O 
 
Building file: "../main.c"
Invoking: Arm Compiler
"C:/ti/ccs1250/ccs/tools/compiler/ti-cgt-arm_20.2.7.LTS/bin/armcl" -mv7M4 --code_state=16 --float_support=none -me -Ooff --include_path="C:/Users/Josh/Desktop/EEC 172/labs/lab3_part1/spi_demo" --include_path="C:/ti/CC3200SDK_1.5.0/cc3200-sdk/" --include_path="C:/ti/CC3200SDK_1.5.0/cc3200-sdk/driverlib/" --include_path="C:/ti/CC3200SDK_1.5.0/cc3200-sdk/inc/" --include_path="C:/ti/CC3200SDK_1.5.0/cc3200-sdk/example/common/" --include_path="C:/ti/ccs1250/ccs/tools/compiler/ti-cgt-arm_20.2.7.LTS/include" --define=ccs --define=cc3200 -g --diag_warning=225 --diag_wrap=off --display_error_number --abi=eabi --preproc_with_compile --preproc_dependency="main.d_raw"  "../main.c"
"../main.c", line 295: warning #1238-D: excess initializers are ignored
"../main.c", line 329: warning #169-D: argument of type "const char *" is incompatible with parameter of type "char *"
"../main.c", line 329: warning #169-D: argument of type "const char *" is incompatible with parameter of type "char *"
"../main.c", line 329: warning #169-D: argument of type "const char *" is incompatible with parameter of type "char *"
"../main.c", line 371: warning #225-D: function "alphabet" declared implicitly
"../main.c", line 373: warning #225-D: function "horizontallines" declared implicitly
"../main.c", line 375: warning #225-D: function "verticallines" declared implicitly
"../main.c", line 603: warning #169-D: argument of type "int" is incompatible with parameter of type "const char *"
"../main.c", line 193: warning #179-D: function "SysTickReset" was declared but never referenced
Finished building: "../main.c"
 
Building target: "spi_demo.out"
Invoking: Arm Linker
"C:/ti/ccs1250/ccs/tools/compiler/ti-cgt-arm_20.2.7.LTS/bin/armcl" -mv7M4 --code_state=16 --float_support=none -me -Ooff --define=ccs --define=cc3200 -g --diag_warning=225 --diag_wrap=off --display_error_number --abi=eabi -z -m"spi_demo.map" --heap_size=0x800 --stack_size=0x800 -i"C:/ti/ccs1250/ccs/tools/compiler/ti-cgt-arm_20.2.7.LTS/lib" -i"C:/ti/ccs1250/ccs/tools/compiler/ti-cgt-arm_20.2.7.LTS/include" --reread_libs --diag_wrap=off --display_error_number --warn_sections --xml_link_info="spi_demo_linkInfo.xml" --rom_model -o "spi_demo.out" "./Adafruit_GFX.obj" "./Adafruit_SSD1351.obj" "./main.obj" "./oled_test.obj" "./pin_mux_config.obj" "./startup_ccs.obj" "./uart_if.obj" "../cc3200v1p32.cmd"  -l"C:/ti/CC3200SDK_1.5.0/cc3200-sdk/driverlib/ccs/Release/driverlib.a" -llibc.a 
<Linking>
Finished building target: "spi_demo.out"
 
C:/ti/ccs1250/ccs/utils/tiobj2bin/tiobj2bin spi_demo.out spi_demo.bin C:/ti/ccs1250/ccs/tools/compiler/ti-cgt-arm_20.2.7.LTS/bin/armofd C:/ti/ccs1250/ccs/tools/compiler/ti-cgt-arm_20.2.7.LTS/bin/armhex C:/ti/ccs1250/ccs/utils/tiobj2bin/mkhex4bin
 

**** Build Finished ****

**** Build of configuration Debug for project spi_demo ****

"C:\\ti\\ccs1250\\ccs\\utils\\bin\\gmake" -k -j 12 all -O 
 
Building file: "../main.c"
Invoking: Arm Compiler
"C:/ti/ccs1250/ccs/tools/compiler/ti-cgt-arm_20.2.7.LTS/bin/armcl" -mv7M4 --code_state=16 --float_support=none -me -Ooff --include_path="C:/Users/Josh/Desktop/EEC 172/labs/lab3_part1/spi_demo" --include_path="C:/ti/CC3200SDK_1.5.0/cc3200-sdk/" --include_path="C:/ti/CC3200SDK_1.5.0/cc3200-sdk/driverlib/" --include_path="C:/ti/CC3200SDK_1.5.0/cc3200-sdk/inc/" --include_path="C:/ti/CC3200SDK_1.5.0/cc3200-sdk/example/common/" --include_path="C:/ti/ccs1250/ccs/tools/compiler/ti-cgt-arm_20.2.7.LTS/include" --define=ccs --define=cc3200 -g --diag_warning=225 --diag_wrap=off --display_error_number --abi=eabi --preproc_with_compile --preproc_dependency="main.d_raw"  "../main.c"
"../main.c", line 295: warning #1238-D: excess initializers are ignored
"../main.c", line 329: warning #169-D: argument of type "const char *" is incompatible with parameter of type "char *"
"../main.c", line 329: warning #169-D: argument of type "const char *" is incompatible with parameter of type "char *"
"../main.c", line 329: warning #169-D: argument of type "const char *" is incompatible with parameter of type "char *"
"../main.c", line 371: warning #225-D: function "alphabet" declared implicitly
"../main.c", line 373: warning #225-D: function "horizontallines" declared implicitly
"../main.c", line 375: warning #225-D: function "verticallines" declared implicitly
"../main.c", line 193: warning #179-D: function "SysTickReset" was declared but never referenced
Finished building: "../main.c"
 
Building target: "spi_demo.out"
Invoking: Arm Linker
"C:/ti/ccs1250/ccs/tools/compiler/ti-cgt-arm_20.2.7.LTS/bin/armcl" -mv7M4 --code_state=16 --float_support=none -me -Ooff --define=ccs --define=cc3200 -g --diag_warning=225 --diag_wrap=off --display_error_number --abi=eabi -z -m"spi_demo.map" --heap_size=0x800 --stack_size=0x800 -i"C:/ti/ccs1250/ccs/tools/compiler/ti-cgt-arm_20.2.7.LTS/lib" -i"C:/ti/ccs1250/ccs/tools/compiler/ti-cgt-arm_20.2.7.LTS/include" --reread_libs --diag_wrap=off --display_error_number --warn_sections --xml_link_info="spi_demo_linkInfo.xml" --rom_model -o "spi_demo.out" "./Adafruit_GFX.obj" "./Adafruit_SSD1351.obj" "./main.obj" "./oled_test.obj" "./pin_mux_config.obj" "./startup_ccs.obj" "./uart_if.obj" "../cc3200v1p32.cmd"  -l"C:/ti/CC3200SDK_1.5.0/cc3200-sdk/driverlib/ccs/Release/driverlib.a" -llibc.a 
<Linking>
Finished building target: "spi_demo.out"
 
C:/ti/ccs1250/ccs/utils/tiobj2bin/tiobj2bin spi_demo.out spi_demo.bin C:/ti/ccs1250/ccs/tools/compiler/ti-cgt-arm_20.2.7.LTS/bin/armofd C:/ti/ccs1250/ccs/tools/compiler/ti-cgt-arm_20.2.7.LTS/bin/armhex C:/ti/ccs1250/ccs/utils/tiobj2bin/mkhex4bin
 

**** Build Finished ****

**** Build of configuration Debug for project spi_demo ****

"C:\\ti\\ccs1250\\ccs\\utils\\bin\\gmake" -k -j 12 all -O 
 
Building file: "../main.c"
Invoking: Arm Compiler
"C:/ti/ccs1250/ccs/tools/compiler/ti-cgt-arm_20.2.7.LTS/bin/armcl" -mv7M4 --code_state=16 --float_support=none -me -Ooff --include_path="C:/Users/Josh/Desktop/EEC 172/labs/lab3_part1/spi_demo" --include_path="C:/ti/CC3200SDK_1.5.0/cc3200-sdk/" --include_path="C:/ti/CC3200SDK_1.5.0/cc3200-sdk/driverlib/" --include_path="C:/ti/CC3200SDK_1.5.0/cc3200-sdk/inc/" --include_path="C:/ti/CC3200SDK_1.5.0/cc3200-sdk/example/common/" --include_path="C:/ti/ccs1250/ccs/tools/compiler/ti-cgt-arm_20.2.7.LTS/include" --define=ccs --define=cc3200 -g --diag_warning=225 --diag_wrap=off --display_error_number --abi=eabi --preproc_with_compile --preproc_dependency="main.d_raw"  "../main.c"
"../main.c", line 295: warning #1238-D: excess initializers are ignored
"../main.c", line 329: warning #169-D: argument of type "const char *" is incompatible with parameter of type "char *"
"../main.c", line 329: warning #169-D: argument of type "const char *" is incompatible with parameter of type "char *"
"../main.c", line 329: warning #169-D: argument of type "const char *" is incompatible with parameter of type "char *"
"../main.c", line 371: warning #225-D: function "alphabet" declared implicitly
"../main.c", line 373: warning #225-D: function "horizontallines" declared implicitly
"../main.c", line 375: warning #225-D: function "verticallines" declared implicitly
"../main.c", line 193: warning #179-D: function "SysTickReset" was declared but never referenced
Finished building: "../main.c"
 
Building target: "spi_demo.out"
Invoking: Arm Linker
"C:/ti/ccs1250/ccs/tools/compiler/ti-cgt-arm_20.2.7.LTS/bin/armcl" -mv7M4 --code_state=16 --float_support=none -me -Ooff --define=ccs --define=cc3200 -g --diag_warning=225 --diag_wrap=off --display_error_number --abi=eabi -z -m"spi_demo.map" --heap_size=0x800 --stack_size=0x800 -i"C:/ti/ccs1250/ccs/tools/compiler/ti-cgt-arm_20.2.7.LTS/lib" -i"C:/ti/ccs1250/ccs/tools/compiler/ti-cgt-arm_20.2.7.LTS/include" --reread_libs --diag_wrap=off --display_error_number --warn_sections --xml_link_info="spi_demo_linkInfo.xml" --rom_model -o "spi_demo.out" "./Adafruit_GFX.obj" "./Adafruit_SSD1351.obj" "./main.obj" "./oled_test.obj" "./pin_mux_config.obj" "./startup_ccs.obj" "./uart_if.obj" "../cc3200v1p32.cmd"  -l"C:/ti/CC3200SDK_1.5.0/cc3200-sdk/driverlib/ccs/Release/driverlib.a" -llibc.a 
<Linking>
Finished building target: "spi_demo.out"
 
C:/ti/ccs1250/ccs/utils/tiobj2bin/tiobj2bin spi_demo.out spi_demo.bin C:/ti/ccs1250/ccs/tools/compiler/ti-cgt-arm_20.2.7.LTS/bin/armofd C:/ti/ccs1250/ccs/tools/compiler/ti-cgt-arm_20.2.7.LTS/bin/armhex C:/ti/ccs1250/ccs/utils/tiobj2bin/mkhex4bin
 

**** Build Finished ****

**** Build of configuration Debug for project spi_demo ****

"C:\\ti\\ccs1250\\ccs\\utils\\bin\\gmake" -k -j 12 all -O 
 
Building file: "../main.c"
Invoking: Arm Compiler
"C:/ti/ccs1250/ccs/tools/compiler/ti-cgt-arm_20.2.7.LTS/bin/armcl" -mv7M4 --code_state=16 --float_support=none -me -Ooff --include_path="C:/Users/Josh/Desktop/EEC 172/labs/lab3_part1/spi_demo" --include_path="C:/ti/CC3200SDK_1.5.0/cc3200-sdk/" --include_path="C:/ti/CC3200SDK_1.5.0/cc3200-sdk/driverlib/" --include_path="C:/ti/CC3200SDK_1.5.0/cc3200-sdk/inc/" --include_path="C:/ti/CC3200SDK_1.5.0/cc3200-sdk/example/common/" --include_path="C:/ti/ccs1250/ccs/tools/compiler/ti-cgt-arm_20.2.7.LTS/include" --define=ccs --define=cc3200 -g --diag_warning=225 --diag_wrap=off --display_error_number --abi=eabi --preproc_with_compile --preproc_dependency="main.d_raw"  "../main.c"
"../main.c", line 296: warning #1238-D: excess initializers are ignored
"../main.c", line 330: warning #169-D: argument of type "const char *" is incompatible with parameter of type "char *"
"../main.c", line 330: warning #169-D: argument of type "const char *" is incompatible with parameter of type "char *"
"../main.c", line 330: warning #169-D: argument of type "const char *" is incompatible with parameter of type "char *"
"../main.c", line 372: warning #225-D: function "alphabet" declared implicitly
"../main.c", line 374: warning #225-D: function "horizontallines" declared implicitly
"../main.c", line 376: warning #225-D: function "verticallines" declared implicitly
"../main.c", line 193: warning #179-D: function "SysTickReset" was declared but never referenced
Finished building: "../main.c"
 
Building target: "spi_demo.out"
Invoking: Arm Linker
"C:/ti/ccs1250/ccs/tools/compiler/ti-cgt-arm_20.2.7.LTS/bin/armcl" -mv7M4 --code_state=16 --float_support=none -me -Ooff --define=ccs --define=cc3200 -g --diag_warning=225 --diag_wrap=off --display_error_number --abi=eabi -z -m"spi_demo.map" --heap_size=0x800 --stack_size=0x800 -i"C:/ti/ccs1250/ccs/tools/compiler/ti-cgt-arm_20.2.7.LTS/lib" -i"C:/ti/ccs1250/ccs/tools/compiler/ti-cgt-arm_20.2.7.LTS/include" --reread_libs --diag_wrap=off --display_error_number --warn_sections --xml_link_info="spi_demo_linkInfo.xml" --rom_model -o "spi_demo.out" "./Adafruit_GFX.obj" "./Adafruit_SSD1351.obj" "./main.obj" "./oled_test.obj" "./pin_mux_config.obj" "./startup_ccs.obj" "./uart_if.obj" "../cc3200v1p32.cmd"  -l"C:/ti/CC3200SDK_1.5.0/cc3200-sdk/driverlib/ccs/Release/driverlib.a" -llibc.a 
<Linking>
Finished building target: "spi_demo.out"
 
C:/ti/ccs1250/ccs/utils/tiobj2bin/tiobj2bin spi_demo.out spi_demo.bin C:/ti/ccs1250/ccs/tools/compiler/ti-cgt-arm_20.2.7.LTS/bin/armofd C:/ti/ccs1250/ccs/tools/compiler/ti-cgt-arm_20.2.7.LTS/bin/armhex C:/ti/ccs1250/ccs/utils/tiobj2bin/mkhex4bin
 

**** Build Finished ****

**** Build of configuration Debug for project spi_demo ****

"C:\\ti\\ccs1250\\ccs\\utils\\bin\\gmake" -k -j 12 all -O 
 
gmake[1]: 'spi_demo.out' is up to date.

**** Build Finished ****

**** Build of configuration Debug for project spi_demo ****

"C:\\ti\\ccs1250\\ccs\\utils\\bin\\gmake" -k -j 12 all -O 
 
Building file: "../main.c"
Invoking: Arm Compiler
"C:/ti/ccs1250/ccs/tools/compiler/ti-cgt-arm_20.2.7.LTS/bin/armcl" -mv7M4 --code_state=16 --float_support=none -me -Ooff --include_path="C:/Users/Josh/Desktop/EEC 172/labs/lab3_part1/spi_demo" --include_path="C:/ti/CC3200SDK_1.5.0/cc3200-sdk/" --include_path="C:/ti/CC3200SDK_1.5.0/cc3200-sdk/driverlib/" --include_path="C:/ti/CC3200SDK_1.5.0/cc3200-sdk/inc/" --include_path="C:/ti/CC3200SDK_1.5.0/cc3200-sdk/example/common/" --include_path="C:/ti/ccs1250/ccs/tools/compiler/ti-cgt-arm_20.2.7.LTS/include" --define=ccs --define=cc3200 -g --diag_warning=225 --diag_wrap=off --display_error_number --abi=eabi --preproc_with_compile --preproc_dependency="main.d_raw"  "../main.c"
"../main.c", line 296: warning #1238-D: excess initializers are ignored
"../main.c", line 330: warning #169-D: argument of type "const char *" is incompatible with parameter of type "char *"
"../main.c", line 330: warning #169-D: argument of type "const char *" is incompatible with parameter of type "char *"
"../main.c", line 330: warning #169-D: argument of type "const char *" is incompatible with parameter of type "char *"
"../main.c", line 372: warning #225-D: function "alphabet" declared implicitly
"../main.c", line 374: warning #225-D: function "horizontallines" declared implicitly
"../main.c", line 376: warning #225-D: function "verticallines" declared implicitly
"../main.c", line 193: warning #179-D: function "SysTickReset" was declared but never referenced
Finished building: "../main.c"
 
Building target: "spi_demo.out"
Invoking: Arm Linker
"C:/ti/ccs1250/ccs/tools/compiler/ti-cgt-arm_20.2.7.LTS/bin/armcl" -mv7M4 --code_state=16 --float_support=none -me -Ooff --define=ccs --define=cc3200 -g --diag_warning=225 --diag_wrap=off --display_error_number --abi=eabi -z -m"spi_demo.map" --heap_size=0x800 --stack_size=0x800 -i"C:/ti/ccs1250/ccs/tools/compiler/ti-cgt-arm_20.2.7.LTS/lib" -i"C:/ti/ccs1250/ccs/tools/compiler/ti-cgt-arm_20.2.7.LTS/include" --reread_libs --diag_wrap=off --display_error_number --warn_sections --xml_link_info="spi_demo_linkInfo.xml" --rom_model -o "spi_demo.out" "./Adafruit_GFX.obj" "./Adafruit_SSD1351.obj" "./main.obj" "./oled_test.obj" "./pin_mux_config.obj" "./startup_ccs.obj" "./uart_if.obj" "../cc3200v1p32.cmd"  -l"C:/ti/CC3200SDK_1.5.0/cc3200-sdk/driverlib/ccs/Release/driverlib.a" -llibc.a 
<Linking>
Finished building target: "spi_demo.out"
 
C:/ti/ccs1250/ccs/utils/tiobj2bin/tiobj2bin spi_demo.out spi_demo.bin C:/ti/ccs1250/ccs/tools/compiler/ti-cgt-arm_20.2.7.LTS/bin/armofd C:/ti/ccs1250/ccs/tools/compiler/ti-cgt-arm_20.2.7.LTS/bin/armhex C:/ti/ccs1250/ccs/utils/tiobj2bin/mkhex4bin
 

**** Build Finished ****

**** Build of configuration Debug for project spi_demo ****

"C:\\ti\\ccs1250\\ccs\\utils\\bin\\gmake" -k -j 12 all -O 
 
gmake[1]: 'spi_demo.out' is up to date.

**** Build Finished ****

**** Build of configuration Debug for project spi_demo ****

"C:\\ti\\ccs1250\\ccs\\utils\\bin\\gmake" -k -j 12 all -O 
 
Building file: "../main.c"
Invoking: Arm Compiler
"C:/ti/ccs1250/ccs/tools/compiler/ti-cgt-arm_20.2.7.LTS/bin/armcl" -mv7M4 --code_state=16 --float_support=none -me -Ooff --include_path="C:/Users/Josh/Desktop/EEC 172/labs/lab3_part1/spi_demo" --include_path="C:/ti/CC3200SDK_1.5.0/cc3200-sdk/" --include_path="C:/ti/CC3200SDK_1.5.0/cc3200-sdk/driverlib/" --include_path="C:/ti/CC3200SDK_1.5.0/cc3200-sdk/inc/" --include_path="C:/ti/CC3200SDK_1.5.0/cc3200-sdk/example/common/" --include_path="C:/ti/ccs1250/ccs/tools/compiler/ti-cgt-arm_20.2.7.LTS/include" --define=ccs --define=cc3200 -g --diag_warning=225 --diag_wrap=off --display_error_number --abi=eabi --preproc_with_compile --preproc_dependency="main.d_raw"  "../main.c"
"../main.c", line 296: warning #1238-D: excess initializers are ignored
"../main.c", line 330: warning #169-D: argument of type "const char *" is incompatible with parameter of type "char *"
"../main.c", line 330: warning #169-D: argument of type "const char *" is incompatible with parameter of type "char *"
"../main.c", line 330: warning #169-D: argument of type "const char *" is incompatible with parameter of type "char *"
"../main.c", line 372: warning #225-D: function "alphabet" declared implicitly
"../main.c", line 374: warning #225-D: function "horizontallines" declared implicitly
"../main.c", line 376: warning #225-D: function "verticallines" declared implicitly
"../main.c", line 193: warning #179-D: function "SysTickReset" was declared but never referenced
Finished building: "../main.c"
 
Building target: "spi_demo.out"
Invoking: Arm Linker
"C:/ti/ccs1250/ccs/tools/compiler/ti-cgt-arm_20.2.7.LTS/bin/armcl" -mv7M4 --code_state=16 --float_support=none -me -Ooff --define=ccs --define=cc3200 -g --diag_warning=225 --diag_wrap=off --display_error_number --abi=eabi -z -m"spi_demo.map" --heap_size=0x800 --stack_size=0x800 -i"C:/ti/ccs1250/ccs/tools/compiler/ti-cgt-arm_20.2.7.LTS/lib" -i"C:/ti/ccs1250/ccs/tools/compiler/ti-cgt-arm_20.2.7.LTS/include" --reread_libs --diag_wrap=off --display_error_number --warn_sections --xml_link_info="spi_demo_linkInfo.xml" --rom_model -o "spi_demo.out" "./Adafruit_GFX.obj" "./Adafruit_SSD1351.obj" "./main.obj" "./oled_test.obj" "./pin_mux_config.obj" "./startup_ccs.obj" "./uart_if.obj" "../cc3200v1p32.cmd"  -l"C:/ti/CC3200SDK_1.5.0/cc3200-sdk/driverlib/ccs/Release/driverlib.a" -llibc.a 
<Linking>
Finished building target: "spi_demo.out"
 
C:/ti/ccs1250/ccs/utils/tiobj2bin/tiobj2bin spi_demo.out spi_demo.bin C:/ti/ccs1250/ccs/tools/compiler/ti-cgt-arm_20.2.7.LTS/bin/armofd C:/ti/ccs1250/ccs/tools/compiler/ti-cgt-arm_20.2.7.LTS/bin/armhex C:/ti/ccs1250/ccs/utils/tiobj2bin/mkhex4bin
 

**** Build Finished ****

**** Build of configuration Debug for project spi_demo ****

"C:\\ti\\ccs1250\\ccs\\utils\\bin\\gmake" -k -j 12 all -O 
 
Building file: "../pin_mux_config.c"
Invoking: Arm Compiler
"C:/ti/ccs1250/ccs/tools/compiler/ti-cgt-arm_20.2.7.LTS/bin/armcl" -mv7M4 --code_state=16 --float_support=none -me -Ooff --include_path="C:/Users/Josh/Desktop/EEC 172/labs/lab3_part1/spi_demo" --include_path="C:/ti/CC3200SDK_1.5.0/cc3200-sdk/" --include_path="C:/ti/CC3200SDK_1.5.0/cc3200-sdk/driverlib/" --include_path="C:/ti/CC3200SDK_1.5.0/cc3200-sdk/inc/" --include_path="C:/ti/CC3200SDK_1.5.0/cc3200-sdk/example/common/" --include_path="C:/ti/ccs1250/ccs/tools/compiler/ti-cgt-arm_20.2.7.LTS/include" --define=ccs --define=cc3200 -g --diag_warning=225 --diag_wrap=off --display_error_number --abi=eabi --preproc_with_compile --preproc_dependency="pin_mux_config.d_raw"  "../pin_mux_config.c"
Finished building: "../pin_mux_config.c"
 
Building file: "../main.c"
Invoking: Arm Compiler
"C:/ti/ccs1250/ccs/tools/compiler/ti-cgt-arm_20.2.7.LTS/bin/armcl" -mv7M4 --code_state=16 --float_support=none -me -Ooff --include_path="C:/Users/Josh/Desktop/EEC 172/labs/lab3_part1/spi_demo" --include_path="C:/ti/CC3200SDK_1.5.0/cc3200-sdk/" --include_path="C:/ti/CC3200SDK_1.5.0/cc3200-sdk/driverlib/" --include_path="C:/ti/CC3200SDK_1.5.0/cc3200-sdk/inc/" --include_path="C:/ti/CC3200SDK_1.5.0/cc3200-sdk/example/common/" --include_path="C:/ti/ccs1250/ccs/tools/compiler/ti-cgt-arm_20.2.7.LTS/include" --define=ccs --define=cc3200 -g --diag_warning=225 --diag_wrap=off --display_error_number --abi=eabi --preproc_with_compile --preproc_dependency="main.d_raw"  "../main.c"
"../main.c", line 296: warning #1238-D: excess initializers are ignored
"../main.c", line 330: warning #169-D: argument of type "const char *" is incompatible with parameter of type "char *"
"../main.c", line 330: warning #169-D: argument of type "const char *" is incompatible with parameter of type "char *"
"../main.c", line 330: warning #169-D: argument of type "const char *" is incompatible with parameter of type "char *"
"../main.c", line 372: warning #225-D: function "alphabet" declared implicitly
"../main.c", line 374: warning #225-D: function "horizontallines" declared implicitly
"../main.c", line 376: warning #225-D: function "verticallines" declared implicitly
"../main.c", line 193: warning #179-D: function "SysTickReset" was declared but never referenced
Finished building: "../main.c"
 
Building target: "spi_demo.out"
Invoking: Arm Linker
"C:/ti/ccs1250/ccs/tools/compiler/ti-cgt-arm_20.2.7.LTS/bin/armcl" -mv7M4 --code_state=16 --float_support=none -me -Ooff --define=ccs --define=cc3200 -g --diag_warning=225 --diag_wrap=off --display_error_number --abi=eabi -z -m"spi_demo.map" --heap_size=0x800 --stack_size=0x800 -i"C:/ti/ccs1250/ccs/tools/compiler/ti-cgt-arm_20.2.7.LTS/lib" -i"C:/ti/ccs1250/ccs/tools/compiler/ti-cgt-arm_20.2.7.LTS/include" --reread_libs --diag_wrap=off --display_error_number --warn_sections --xml_link_info="spi_demo_linkInfo.xml" --rom_model -o "spi_demo.out" "./Adafruit_GFX.obj" "./Adafruit_SSD1351.obj" "./main.obj" "./oled_test.obj" "./pin_mux_config.obj" "./startup_ccs.obj" "./uart_if.obj" "../cc3200v1p32.cmd"  -l"C:/ti/CC3200SDK_1.5.0/cc3200-sdk/driverlib/ccs/Release/driverlib.a" -llibc.a 
<Linking>
Finished building target: "spi_demo.out"
 
C:/ti/ccs1250/ccs/utils/tiobj2bin/tiobj2bin spi_demo.out spi_demo.bin C:/ti/ccs1250/ccs/tools/compiler/ti-cgt-arm_20.2.7.LTS/bin/armofd C:/ti/ccs1250/ccs/tools/compiler/ti-cgt-arm_20.2.7.LTS/bin/armhex C:/ti/ccs1250/ccs/utils/tiobj2bin/mkhex4bin
 

**** Build Finished ****

**** Build of configuration Debug for project spi_demo ****

"C:\\ti\\ccs1250\\ccs\\utils\\bin\\gmake" -k -j 12 all -O 
 
Building file: "../main.c"
Invoking: Arm Compiler
"C:/ti/ccs1250/ccs/tools/compiler/ti-cgt-arm_20.2.7.LTS/bin/armcl" -mv7M4 --code_state=16 --float_support=none -me -Ooff --include_path="C:/Users/Josh/Desktop/EEC 172/labs/lab3_part1/spi_demo" --include_path="C:/ti/CC3200SDK_1.5.0/cc3200-sdk/" --include_path="C:/ti/CC3200SDK_1.5.0/cc3200-sdk/driverlib/" --include_path="C:/ti/CC3200SDK_1.5.0/cc3200-sdk/inc/" --include_path="C:/ti/CC3200SDK_1.5.0/cc3200-sdk/example/common/" --include_path="C:/ti/ccs1250/ccs/tools/compiler/ti-cgt-arm_20.2.7.LTS/include" --define=ccs --define=cc3200 -g --diag_warning=225 --diag_wrap=off --display_error_number --abi=eabi --preproc_with_compile --preproc_dependency="main.d_raw"  "../main.c"
"../main.c", line 296: warning #1238-D: excess initializers are ignored
"../main.c", line 330: warning #169-D: argument of type "const char *" is incompatible with parameter of type "char *"
"../main.c", line 330: warning #169-D: argument of type "const char *" is incompatible with parameter of type "char *"
"../main.c", line 330: warning #169-D: argument of type "const char *" is incompatible with parameter of type "char *"
"../main.c", line 372: warning #225-D: function "alphabet" declared implicitly
"../main.c", line 374: warning #225-D: function "horizontallines" declared implicitly
"../main.c", line 376: warning #225-D: function "verticallines" declared implicitly
Finished building: "../main.c"
 
Building target: "spi_demo.out"
Invoking: Arm Linker
"C:/ti/ccs1250/ccs/tools/compiler/ti-cgt-arm_20.2.7.LTS/bin/armcl" -mv7M4 --code_state=16 --float_support=none -me -Ooff --define=ccs --define=cc3200 -g --diag_warning=225 --diag_wrap=off --display_error_number --abi=eabi -z -m"spi_demo.map" --heap_size=0x800 --stack_size=0x800 -i"C:/ti/ccs1250/ccs/tools/compiler/ti-cgt-arm_20.2.7.LTS/lib" -i"C:/ti/ccs1250/ccs/tools/compiler/ti-cgt-arm_20.2.7.LTS/include" --reread_libs --diag_wrap=off --display_error_number --warn_sections --xml_link_info="spi_demo_linkInfo.xml" --rom_model -o "spi_demo.out" "./Adafruit_GFX.obj" "./Adafruit_SSD1351.obj" "./main.obj" "./oled_test.obj" "./pin_mux_config.obj" "./startup_ccs.obj" "./uart_if.obj" "../cc3200v1p32.cmd"  -l"C:/ti/CC3200SDK_1.5.0/cc3200-sdk/driverlib/ccs/Release/driverlib.a" -llibc.a 
<Linking>
Finished building target: "spi_demo.out"
 
C:/ti/ccs1250/ccs/utils/tiobj2bin/tiobj2bin spi_demo.out spi_demo.bin C:/ti/ccs1250/ccs/tools/compiler/ti-cgt-arm_20.2.7.LTS/bin/armofd C:/ti/ccs1250/ccs/tools/compiler/ti-cgt-arm_20.2.7.LTS/bin/armhex C:/ti/ccs1250/ccs/utils/tiobj2bin/mkhex4bin
 

**** Build Finished ****

**** Build of configuration Debug for project spi_demo ****

"C:\\ti\\ccs1250\\ccs\\utils\\bin\\gmake" -k -j 12 all -O 
 
gmake[1]: 'spi_demo.out' is up to date.

**** Build Finished ****

**** Build of configuration Debug for project spi_demo ****

"C:\\ti\\ccs1250\\ccs\\utils\\bin\\gmake" -k -j 12 all -O 
 
Building file: "../main.c"
Invoking: Arm Compiler
"C:/ti/ccs1250/ccs/tools/compiler/ti-cgt-arm_20.2.7.LTS/bin/armcl" -mv7M4 --code_state=16 --float_support=none -me -Ooff --include_path="C:/Users/Josh/Desktop/EEC 172/labs/lab3_part1/spi_demo" --include_path="C:/ti/CC3200SDK_1.5.0/cc3200-sdk/" --include_path="C:/ti/CC3200SDK_1.5.0/cc3200-sdk/driverlib/" --include_path="C:/ti/CC3200SDK_1.5.0/cc3200-sdk/inc/" --include_path="C:/ti/CC3200SDK_1.5.0/cc3200-sdk/example/common/" --include_path="C:/ti/ccs1250/ccs/tools/compiler/ti-cgt-arm_20.2.7.LTS/include" --define=ccs --define=cc3200 -g --diag_warning=225 --diag_wrap=off --display_error_number --abi=eabi --preproc_with_compile --preproc_dependency="main.d_raw"  "../main.c"
"../main.c", line 296: warning #1238-D: excess initializers are ignored
"../main.c", line 330: warning #169-D: argument of type "const char *" is incompatible with parameter of type "char *"
"../main.c", line 330: warning #169-D: argument of type "const char *" is incompatible with parameter of type "char *"
"../main.c", line 330: warning #169-D: argument of type "const char *" is incompatible with parameter of type "char *"
"../main.c", line 372: warning #225-D: function "alphabet" declared implicitly
"../main.c", line 374: warning #225-D: function "horizontallines" declared implicitly
"../main.c", line 376: warning #225-D: function "verticallines" declared implicitly
Finished building: "../main.c"
 
Building target: "spi_demo.out"
Invoking: Arm Linker
"C:/ti/ccs1250/ccs/tools/compiler/ti-cgt-arm_20.2.7.LTS/bin/armcl" -mv7M4 --code_state=16 --float_support=none -me -Ooff --define=ccs --define=cc3200 -g --diag_warning=225 --diag_wrap=off --display_error_number --abi=eabi -z -m"spi_demo.map" --heap_size=0x800 --stack_size=0x800 -i"C:/ti/ccs1250/ccs/tools/compiler/ti-cgt-arm_20.2.7.LTS/lib" -i"C:/ti/ccs1250/ccs/tools/compiler/ti-cgt-arm_20.2.7.LTS/include" --reread_libs --diag_wrap=off --display_error_number --warn_sections --xml_link_info="spi_demo_linkInfo.xml" --rom_model -o "spi_demo.out" "./Adafruit_GFX.obj" "./Adafruit_SSD1351.obj" "./main.obj" "./oled_test.obj" "./pin_mux_config.obj" "./startup_ccs.obj" "./uart_if.obj" "../cc3200v1p32.cmd"  -l"C:/ti/CC3200SDK_1.5.0/cc3200-sdk/driverlib/ccs/Release/driverlib.a" -llibc.a 
<Linking>
Finished building target: "spi_demo.out"
 
C:/ti/ccs1250/ccs/utils/tiobj2bin/tiobj2bin spi_demo.out spi_demo.bin C:/ti/ccs1250/ccs/tools/compiler/ti-cgt-arm_20.2.7.LTS/bin/armofd C:/ti/ccs1250/ccs/tools/compiler/ti-cgt-arm_20.2.7.LTS/bin/armhex C:/ti/ccs1250/ccs/utils/tiobj2bin/mkhex4bin
 

**** Build Finished ****

**** Build of configuration Debug for project spi_demo ****

"C:\\ti\\ccs1250\\ccs\\utils\\bin\\gmake" -k -j 12 all -O 
 
Building file: "../main.c"
Invoking: Arm Compiler
"C:/ti/ccs1250/ccs/tools/compiler/ti-cgt-arm_20.2.7.LTS/bin/armcl" -mv7M4 --code_state=16 --float_support=none -me -Ooff --include_path="C:/Users/Josh/Desktop/EEC 172/labs/lab3_part1/spi_demo" --include_path="C:/ti/CC3200SDK_1.5.0/cc3200-sdk/" --include_path="C:/ti/CC3200SDK_1.5.0/cc3200-sdk/driverlib/" --include_path="C:/ti/CC3200SDK_1.5.0/cc3200-sdk/inc/" --include_path="C:/ti/CC3200SDK_1.5.0/cc3200-sdk/example/common/" --include_path="C:/ti/ccs1250/ccs/tools/compiler/ti-cgt-arm_20.2.7.LTS/include" --define=ccs --define=cc3200 -g --diag_warning=225 --diag_wrap=off --display_error_number --abi=eabi --preproc_with_compile --preproc_dependency="main.d_raw"  "../main.c"
"../main.c", line 296: warning #1238-D: excess initializers are ignored
"../main.c", line 330: warning #169-D: argument of type "const char *" is incompatible with parameter of type "char *"
"../main.c", line 330: warning #169-D: argument of type "const char *" is incompatible with parameter of type "char *"
"../main.c", line 330: warning #169-D: argument of type "const char *" is incompatible with parameter of type "char *"
"../main.c", line 372: warning #225-D: function "alphabet" declared implicitly
"../main.c", line 374: warning #225-D: function "horizontallines" declared implicitly
"../main.c", line 376: warning #225-D: function "verticallines" declared implicitly
Finished building: "../main.c"
 
Building target: "spi_demo.out"
Invoking: Arm Linker
"C:/ti/ccs1250/ccs/tools/compiler/ti-cgt-arm_20.2.7.LTS/bin/armcl" -mv7M4 --code_state=16 --float_support=none -me -Ooff --define=ccs --define=cc3200 -g --diag_warning=225 --diag_wrap=off --display_error_number --abi=eabi -z -m"spi_demo.map" --heap_size=0x800 --stack_size=0x800 -i"C:/ti/ccs1250/ccs/tools/compiler/ti-cgt-arm_20.2.7.LTS/lib" -i"C:/ti/ccs1250/ccs/tools/compiler/ti-cgt-arm_20.2.7.LTS/include" --reread_libs --diag_wrap=off --display_error_number --warn_sections --xml_link_info="spi_demo_linkInfo.xml" --rom_model -o "spi_demo.out" "./Adafruit_GFX.obj" "./Adafruit_SSD1351.obj" "./main.obj" "./oled_test.obj" "./pin_mux_config.obj" "./startup_ccs.obj" "./uart_if.obj" "../cc3200v1p32.cmd"  -l"C:/ti/CC3200SDK_1.5.0/cc3200-sdk/driverlib/ccs/Release/driverlib.a" -llibc.a 
<Linking>
Finished building target: "spi_demo.out"
 
C:/ti/ccs1250/ccs/utils/tiobj2bin/tiobj2bin spi_demo.out spi_demo.bin C:/ti/ccs1250/ccs/tools/compiler/ti-cgt-arm_20.2.7.LTS/bin/armofd C:/ti/ccs1250/ccs/tools/compiler/ti-cgt-arm_20.2.7.LTS/bin/armhex C:/ti/ccs1250/ccs/utils/tiobj2bin/mkhex4bin
 

**** Build Finished ****

**** Build of configuration Debug for project spi_demo ****

"C:\\ti\\ccs1250\\ccs\\utils\\bin\\gmake" -k -j 12 all -O 
 
Building file: "../main.c"
Invoking: Arm Compiler
"C:/ti/ccs1250/ccs/tools/compiler/ti-cgt-arm_20.2.7.LTS/bin/armcl" -mv7M4 --code_state=16 --float_support=none -me -Ooff --include_path="C:/Users/Josh/Desktop/EEC 172/labs/lab3_part1/spi_demo" --include_path="C:/ti/CC3200SDK_1.5.0/cc3200-sdk/" --include_path="C:/ti/CC3200SDK_1.5.0/cc3200-sdk/driverlib/" --include_path="C:/ti/CC3200SDK_1.5.0/cc3200-sdk/inc/" --include_path="C:/ti/CC3200SDK_1.5.0/cc3200-sdk/example/common/" --include_path="C:/ti/ccs1250/ccs/tools/compiler/ti-cgt-arm_20.2.7.LTS/include" --define=ccs --define=cc3200 -g --diag_warning=225 --diag_wrap=off --display_error_number --abi=eabi --preproc_with_compile --preproc_dependency="main.d_raw"  "../main.c"
"../main.c", line 296: warning #1238-D: excess initializers are ignored
"../main.c", line 330: warning #169-D: argument of type "const char *" is incompatible with parameter of type "char *"
"../main.c", line 330: warning #169-D: argument of type "const char *" is incompatible with parameter of type "char *"
"../main.c", line 330: warning #169-D: argument of type "const char *" is incompatible with parameter of type "char *"
"../main.c", line 372: warning #225-D: function "alphabet" declared implicitly
"../main.c", line 374: warning #225-D: function "horizontallines" declared implicitly
"../main.c", line 376: warning #225-D: function "verticallines" declared implicitly
Finished building: "../main.c"
 
Building target: "spi_demo.out"
Invoking: Arm Linker
"C:/ti/ccs1250/ccs/tools/compiler/ti-cgt-arm_20.2.7.LTS/bin/armcl" -mv7M4 --code_state=16 --float_support=none -me -Ooff --define=ccs --define=cc3200 -g --diag_warning=225 --diag_wrap=off --display_error_number --abi=eabi -z -m"spi_demo.map" --heap_size=0x800 --stack_size=0x800 -i"C:/ti/ccs1250/ccs/tools/compiler/ti-cgt-arm_20.2.7.LTS/lib" -i"C:/ti/ccs1250/ccs/tools/compiler/ti-cgt-arm_20.2.7.LTS/include" --reread_libs --diag_wrap=off --display_error_number --warn_sections --xml_link_info="spi_demo_linkInfo.xml" --rom_model -o "spi_demo.out" "./Adafruit_GFX.obj" "./Adafruit_SSD1351.obj" "./main.obj" "./oled_test.obj" "./pin_mux_config.obj" "./startup_ccs.obj" "./uart_if.obj" "../cc3200v1p32.cmd"  -l"C:/ti/CC3200SDK_1.5.0/cc3200-sdk/driverlib/ccs/Release/driverlib.a" -llibc.a 
<Linking>
Finished building target: "spi_demo.out"
 
C:/ti/ccs1250/ccs/utils/tiobj2bin/tiobj2bin spi_demo.out spi_demo.bin C:/ti/ccs1250/ccs/tools/compiler/ti-cgt-arm_20.2.7.LTS/bin/armofd C:/ti/ccs1250/ccs/tools/compiler/ti-cgt-arm_20.2.7.LTS/bin/armhex C:/ti/ccs1250/ccs/utils/tiobj2bin/mkhex4bin
 

**** Build Finished ****

**** Build of configuration Debug for project spi_demo ****

"C:\\ti\\ccs1250\\ccs\\utils\\bin\\gmake" -k -j 12 all -O 
 
Building file: "../main.c"
Invoking: Arm Compiler
"C:/ti/ccs1250/ccs/tools/compiler/ti-cgt-arm_20.2.7.LTS/bin/armcl" -mv7M4 --code_state=16 --float_support=none -me -Ooff --include_path="C:/Users/Josh/Desktop/EEC 172/labs/lab3_part1/spi_demo" --include_path="C:/ti/CC3200SDK_1.5.0/cc3200-sdk/" --include_path="C:/ti/CC3200SDK_1.5.0/cc3200-sdk/driverlib/" --include_path="C:/ti/CC3200SDK_1.5.0/cc3200-sdk/inc/" --include_path="C:/ti/CC3200SDK_1.5.0/cc3200-sdk/example/common/" --include_path="C:/ti/ccs1250/ccs/tools/compiler/ti-cgt-arm_20.2.7.LTS/include" --define=ccs --define=cc3200 -g --diag_warning=225 --diag_wrap=off --display_error_number --abi=eabi --preproc_with_compile --preproc_dependency="main.d_raw"  "../main.c"
 
>> Compilation failure
subdir_rules.mk:9: recipe for target 'main.obj' failed
"../main.c", line 302: warning #1238-D: excess initializers are ignored
"../main.c", line 336: warning #169-D: argument of type "const char *" is incompatible with parameter of type "char *"
"../main.c", line 336: warning #169-D: argument of type "const char *" is incompatible with parameter of type "char *"
"../main.c", line 336: warning #169-D: argument of type "const char *" is incompatible with parameter of type "char *"
"../main.c", line 378: warning #225-D: function "alphabet" declared implicitly
"../main.c", line 380: warning #225-D: function "horizontallines" declared implicitly
"../main.c", line 382: warning #225-D: function "verticallines" declared implicitly
At end of source: error #68: expected a "}"
1 error detected in the compilation of "../main.c".
gmake: *** [main.obj] Error 1
gmake: Target 'all' not remade because of errors.

**** Build Finished ****

**** Build of configuration Debug for project spi_demo ****

"C:\\ti\\ccs1250\\ccs\\utils\\bin\\gmake" -k -j 12 all -O 
 
Building file: "../main.c"
Invoking: Arm Compiler
"C:/ti/ccs1250/ccs/tools/compiler/ti-cgt-arm_20.2.7.LTS/bin/armcl" -mv7M4 --code_state=16 --float_support=none -me -Ooff --include_path="C:/Users/Josh/Desktop/EEC 172/labs/lab3_part1/spi_demo" --include_path="C:/ti/CC3200SDK_1.5.0/cc3200-sdk/" --include_path="C:/ti/CC3200SDK_1.5.0/cc3200-sdk/driverlib/" --include_path="C:/ti/CC3200SDK_1.5.0/cc3200-sdk/inc/" --include_path="C:/ti/CC3200SDK_1.5.0/cc3200-sdk/example/common/" --include_path="C:/ti/ccs1250/ccs/tools/compiler/ti-cgt-arm_20.2.7.LTS/include" --define=ccs --define=cc3200 -g --diag_warning=225 --diag_wrap=off --display_error_number --abi=eabi --preproc_with_compile --preproc_dependency="main.d_raw"  "../main.c"
"../main.c", line 302: warning #1238-D: excess initializers are ignored
"../main.c", line 336: warning #169-D: argument of type "const char *" is incompatible with parameter of type "char *"
"../main.c", line 336: warning #169-D: argument of type "const char *" is incompatible with parameter of type "char *"
"../main.c", line 336: warning #169-D: argument of type "const char *" is incompatible with parameter of type "char *"
"../main.c", line 378: warning #225-D: function "alphabet" declared implicitly
"../main.c", line 380: warning #225-D: function "horizontallines" declared implicitly
"../main.c", line 382: warning #225-D: function "verticallines" declared implicitly
Finished building: "../main.c"
 
Building target: "spi_demo.out"
Invoking: Arm Linker
"C:/ti/ccs1250/ccs/tools/compiler/ti-cgt-arm_20.2.7.LTS/bin/armcl" -mv7M4 --code_state=16 --float_support=none -me -Ooff --define=ccs --define=cc3200 -g --diag_warning=225 --diag_wrap=off --display_error_number --abi=eabi -z -m"spi_demo.map" --heap_size=0x800 --stack_size=0x800 -i"C:/ti/ccs1250/ccs/tools/compiler/ti-cgt-arm_20.2.7.LTS/lib" -i"C:/ti/ccs1250/ccs/tools/compiler/ti-cgt-arm_20.2.7.LTS/include" --reread_libs --diag_wrap=off --display_error_number --warn_sections --xml_link_info="spi_demo_linkInfo.xml" --rom_model -o "spi_demo.out" "./Adafruit_GFX.obj" "./Adafruit_SSD1351.obj" "./main.obj" "./oled_test.obj" "./pin_mux_config.obj" "./startup_ccs.obj" "./uart_if.obj" "../cc3200v1p32.cmd"  -l"C:/ti/CC3200SDK_1.5.0/cc3200-sdk/driverlib/ccs/Release/driverlib.a" -llibc.a 
<Linking>
Finished building target: "spi_demo.out"
 
C:/ti/ccs1250/ccs/utils/tiobj2bin/tiobj2bin spi_demo.out spi_demo.bin C:/ti/ccs1250/ccs/tools/compiler/ti-cgt-arm_20.2.7.LTS/bin/armofd C:/ti/ccs1250/ccs/tools/compiler/ti-cgt-arm_20.2.7.LTS/bin/armhex C:/ti/ccs1250/ccs/utils/tiobj2bin/mkhex4bin
 

**** Build Finished ****

**** Build of configuration Debug for project spi_demo ****

"C:\\ti\\ccs1250\\ccs\\utils\\bin\\gmake" -k -j 12 all -O 
 
gmake[1]: 'spi_demo.out' is up to date.

**** Build Finished ****

**** Build of configuration Debug for project spi_demo ****

"C:\\ti\\ccs1250\\ccs\\utils\\bin\\gmake" -k -j 12 all -O 
 
Building file: "../main.c"
Invoking: Arm Compiler
"C:/ti/ccs1250/ccs/tools/compiler/ti-cgt-arm_20.2.7.LTS/bin/armcl" -mv7M4 --code_state=16 --float_support=none -me -Ooff --include_path="C:/Users/Josh/Desktop/EEC 172/labs/lab3_part1/spi_demo" --include_path="C:/ti/CC3200SDK_1.5.0/cc3200-sdk/" --include_path="C:/ti/CC3200SDK_1.5.0/cc3200-sdk/driverlib/" --include_path="C:/ti/CC3200SDK_1.5.0/cc3200-sdk/inc/" --include_path="C:/ti/CC3200SDK_1.5.0/cc3200-sdk/example/common/" --include_path="C:/ti/ccs1250/ccs/tools/compiler/ti-cgt-arm_20.2.7.LTS/include" --define=ccs --define=cc3200 -g --diag_warning=225 --diag_wrap=off --display_error_number --abi=eabi --preproc_with_compile --preproc_dependency="main.d_raw"  "../main.c"
 
>> Compilation failure
subdir_rules.mk:9: recipe for target 'main.obj' failed
"../main.c", line 302: warning #1238-D: excess initializers are ignored
"../main.c", line 336: warning #169-D: argument of type "const char *" is incompatible with parameter of type "char *"
"../main.c", line 336: warning #169-D: argument of type "const char *" is incompatible with parameter of type "char *"
"../main.c", line 336: warning #169-D: argument of type "const char *" is incompatible with parameter of type "char *"
"../main.c", line 378: warning #225-D: function "alphabet" declared implicitly
"../main.c", line 380: warning #225-D: function "horizontallines" declared implicitly
"../main.c", line 382: warning #225-D: function "verticallines" declared implicitly
"../main.c", line 451: error #20: identifier "bit" is undefined
"../main.c", line 454: error #20: identifier "bit" is undefined
"../main.c", line 463: warning #551-D: variable "changeBit" is used before its value is set
2 errors detected in the compilation of "../main.c".
gmake: *** [main.obj] Error 1
gmake: Target 'all' not remade because of errors.

**** Build Finished ****

**** Build of configuration Debug for project spi_demo ****

"C:\\ti\\ccs1250\\ccs\\utils\\bin\\gmake" -k -j 12 all -O 
 
Building file: "../main.c"
Invoking: Arm Compiler
"C:/ti/ccs1250/ccs/tools/compiler/ti-cgt-arm_20.2.7.LTS/bin/armcl" -mv7M4 --code_state=16 --float_support=none -me -Ooff --include_path="C:/Users/Josh/Desktop/EEC 172/labs/lab3_part1/spi_demo" --include_path="C:/ti/CC3200SDK_1.5.0/cc3200-sdk/" --include_path="C:/ti/CC3200SDK_1.5.0/cc3200-sdk/driverlib/" --include_path="C:/ti/CC3200SDK_1.5.0/cc3200-sdk/inc/" --include_path="C:/ti/CC3200SDK_1.5.0/cc3200-sdk/example/common/" --include_path="C:/ti/ccs1250/ccs/tools/compiler/ti-cgt-arm_20.2.7.LTS/include" --define=ccs --define=cc3200 -g --diag_warning=225 --diag_wrap=off --display_error_number --abi=eabi --preproc_with_compile --preproc_dependency="main.d_raw"  "../main.c"
"../main.c", line 302: warning #1238-D: excess initializers are ignored
"../main.c", line 336: warning #169-D: argument of type "const char *" is incompatible with parameter of type "char *"
"../main.c", line 336: warning #169-D: argument of type "const char *" is incompatible with parameter of type "char *"
"../main.c", line 336: warning #169-D: argument of type "const char *" is incompatible with parameter of type "char *"
"../main.c", line 378: warning #225-D: function "alphabet" declared implicitly
"../main.c", line 380: warning #225-D: function "horizontallines" declared implicitly
"../main.c", line 382: warning #225-D: function "verticallines" declared implicitly
Finished building: "../main.c"
 
Building target: "spi_demo.out"
Invoking: Arm Linker
"C:/ti/ccs1250/ccs/tools/compiler/ti-cgt-arm_20.2.7.LTS/bin/armcl" -mv7M4 --code_state=16 --float_support=none -me -Ooff --define=ccs --define=cc3200 -g --diag_warning=225 --diag_wrap=off --display_error_number --abi=eabi -z -m"spi_demo.map" --heap_size=0x800 --stack_size=0x800 -i"C:/ti/ccs1250/ccs/tools/compiler/ti-cgt-arm_20.2.7.LTS/lib" -i"C:/ti/ccs1250/ccs/tools/compiler/ti-cgt-arm_20.2.7.LTS/include" --reread_libs --diag_wrap=off --display_error_number --warn_sections --xml_link_info="spi_demo_linkInfo.xml" --rom_model -o "spi_demo.out" "./Adafruit_GFX.obj" "./Adafruit_SSD1351.obj" "./main.obj" "./oled_test.obj" "./pin_mux_config.obj" "./startup_ccs.obj" "./uart_if.obj" "../cc3200v1p32.cmd"  -l"C:/ti/CC3200SDK_1.5.0/cc3200-sdk/driverlib/ccs/Release/driverlib.a" -llibc.a 
<Linking>
Finished building target: "spi_demo.out"
 
C:/ti/ccs1250/ccs/utils/tiobj2bin/tiobj2bin spi_demo.out spi_demo.bin C:/ti/ccs1250/ccs/tools/compiler/ti-cgt-arm_20.2.7.LTS/bin/armofd C:/ti/ccs1250/ccs/tools/compiler/ti-cgt-arm_20.2.7.LTS/bin/armhex C:/ti/ccs1250/ccs/utils/tiobj2bin/mkhex4bin
 

**** Build Finished ****

**** Build of configuration Debug for project spi_demo ****

"C:\\ti\\ccs1250\\ccs\\utils\\bin\\gmake" -k -j 12 all -O 
 
Building file: "../main.c"
Invoking: Arm Compiler
"C:/ti/ccs1250/ccs/tools/compiler/ti-cgt-arm_20.2.7.LTS/bin/armcl" -mv7M4 --code_state=16 --float_support=none -me -Ooff --include_path="C:/Users/Josh/Desktop/EEC 172/labs/lab3_part1/spi_demo" --include_path="C:/ti/CC3200SDK_1.5.0/cc3200-sdk/" --include_path="C:/ti/CC3200SDK_1.5.0/cc3200-sdk/driverlib/" --include_path="C:/ti/CC3200SDK_1.5.0/cc3200-sdk/inc/" --include_path="C:/ti/CC3200SDK_1.5.0/cc3200-sdk/example/common/" --include_path="C:/ti/ccs1250/ccs/tools/compiler/ti-cgt-arm_20.2.7.LTS/include" --define=ccs --define=cc3200 -g --diag_warning=225 --diag_wrap=off --display_error_number --abi=eabi --preproc_with_compile --preproc_dependency="main.d_raw"  "../main.c"
"../main.c", line 302: warning #1238-D: excess initializers are ignored
"../main.c", line 336: warning #169-D: argument of type "const char *" is incompatible with parameter of type "char *"
"../main.c", line 336: warning #169-D: argument of type "const char *" is incompatible with parameter of type "char *"
"../main.c", line 336: warning #169-D: argument of type "const char *" is incompatible with parameter of type "char *"
"../main.c", line 378: warning #225-D: function "alphabet" declared implicitly
"../main.c", line 380: warning #225-D: function "horizontallines" declared implicitly
"../main.c", line 382: warning #225-D: function "verticallines" declared implicitly
Finished building: "../main.c"
 
Building target: "spi_demo.out"
Invoking: Arm Linker
"C:/ti/ccs1250/ccs/tools/compiler/ti-cgt-arm_20.2.7.LTS/bin/armcl" -mv7M4 --code_state=16 --float_support=none -me -Ooff --define=ccs --define=cc3200 -g --diag_warning=225 --diag_wrap=off --display_error_number --abi=eabi -z -m"spi_demo.map" --heap_size=0x800 --stack_size=0x800 -i"C:/ti/ccs1250/ccs/tools/compiler/ti-cgt-arm_20.2.7.LTS/lib" -i"C:/ti/ccs1250/ccs/tools/compiler/ti-cgt-arm_20.2.7.LTS/include" --reread_libs --diag_wrap=off --display_error_number --warn_sections --xml_link_info="spi_demo_linkInfo.xml" --rom_model -o "spi_demo.out" "./Adafruit_GFX.obj" "./Adafruit_SSD1351.obj" "./main.obj" "./oled_test.obj" "./pin_mux_config.obj" "./startup_ccs.obj" "./uart_if.obj" "../cc3200v1p32.cmd"  -l"C:/ti/CC3200SDK_1.5.0/cc3200-sdk/driverlib/ccs/Release/driverlib.a" -llibc.a 
<Linking>
Finished building target: "spi_demo.out"
 
C:/ti/ccs1250/ccs/utils/tiobj2bin/tiobj2bin spi_demo.out spi_demo.bin C:/ti/ccs1250/ccs/tools/compiler/ti-cgt-arm_20.2.7.LTS/bin/armofd C:/ti/ccs1250/ccs/tools/compiler/ti-cgt-arm_20.2.7.LTS/bin/armhex C:/ti/ccs1250/ccs/utils/tiobj2bin/mkhex4bin
 

**** Build Finished ****

**** Build of configuration Debug for project spi_demo ****

"C:\\ti\\ccs1250\\ccs\\utils\\bin\\gmake" -k -j 12 all -O 
 
Building file: "../main.c"
Invoking: Arm Compiler
"C:/ti/ccs1250/ccs/tools/compiler/ti-cgt-arm_20.2.7.LTS/bin/armcl" -mv7M4 --code_state=16 --float_support=none -me -Ooff --include_path="C:/Users/Josh/Desktop/EEC 172/labs/lab3_part1/spi_demo" --include_path="C:/ti/CC3200SDK_1.5.0/cc3200-sdk/" --include_path="C:/ti/CC3200SDK_1.5.0/cc3200-sdk/driverlib/" --include_path="C:/ti/CC3200SDK_1.5.0/cc3200-sdk/inc/" --include_path="C:/ti/CC3200SDK_1.5.0/cc3200-sdk/example/common/" --include_path="C:/ti/ccs1250/ccs/tools/compiler/ti-cgt-arm_20.2.7.LTS/include" --define=ccs --define=cc3200 -g --diag_warning=225 --diag_wrap=off --display_error_number --abi=eabi --preproc_with_compile --preproc_dependency="main.d_raw"  "../main.c"
"../main.c", line 302: warning #1238-D: excess initializers are ignored
"../main.c", line 336: warning #169-D: argument of type "const char *" is incompatible with parameter of type "char *"
"../main.c", line 336: warning #169-D: argument of type "const char *" is incompatible with parameter of type "char *"
"../main.c", line 336: warning #169-D: argument of type "const char *" is incompatible with parameter of type "char *"
"../main.c", line 378: warning #225-D: function "alphabet" declared implicitly
"../main.c", line 380: warning #225-D: function "horizontallines" declared implicitly
"../main.c", line 382: warning #225-D: function "verticallines" declared implicitly
Finished building: "../main.c"
 
Building target: "spi_demo.out"
Invoking: Arm Linker
"C:/ti/ccs1250/ccs/tools/compiler/ti-cgt-arm_20.2.7.LTS/bin/armcl" -mv7M4 --code_state=16 --float_support=none -me -Ooff --define=ccs --define=cc3200 -g --diag_warning=225 --diag_wrap=off --display_error_number --abi=eabi -z -m"spi_demo.map" --heap_size=0x800 --stack_size=0x800 -i"C:/ti/ccs1250/ccs/tools/compiler/ti-cgt-arm_20.2.7.LTS/lib" -i"C:/ti/ccs1250/ccs/tools/compiler/ti-cgt-arm_20.2.7.LTS/include" --reread_libs --diag_wrap=off --display_error_number --warn_sections --xml_link_info="spi_demo_linkInfo.xml" --rom_model -o "spi_demo.out" "./Adafruit_GFX.obj" "./Adafruit_SSD1351.obj" "./main.obj" "./oled_test.obj" "./pin_mux_config.obj" "./startup_ccs.obj" "./uart_if.obj" "../cc3200v1p32.cmd"  -l"C:/ti/CC3200SDK_1.5.0/cc3200-sdk/driverlib/ccs/Release/driverlib.a" -llibc.a 
<Linking>
Finished building target: "spi_demo.out"
 
C:/ti/ccs1250/ccs/utils/tiobj2bin/tiobj2bin spi_demo.out spi_demo.bin C:/ti/ccs1250/ccs/tools/compiler/ti-cgt-arm_20.2.7.LTS/bin/armofd C:/ti/ccs1250/ccs/tools/compiler/ti-cgt-arm_20.2.7.LTS/bin/armhex C:/ti/ccs1250/ccs/utils/tiobj2bin/mkhex4bin
 

**** Build Finished ****

**** Build of configuration Debug for project spi_demo ****

"C:\\ti\\ccs1250\\ccs\\utils\\bin\\gmake" -k -j 12 all -O 
 
gmake[1]: 'spi_demo.out' is up to date.

**** Build Finished ****

**** Build of configuration Debug for project spi_demo ****

"C:\\ti\\ccs1250\\ccs\\utils\\bin\\gmake" -k -j 12 all -O 
 
Building file: "../main.c"
Invoking: Arm Compiler
"C:/ti/ccs1250/ccs/tools/compiler/ti-cgt-arm_20.2.7.LTS/bin/armcl" -mv7M4 --code_state=16 --float_support=none -me -Ooff --include_path="C:/Users/Josh/Desktop/EEC 172/labs/lab3_part1/spi_demo" --include_path="C:/ti/CC3200SDK_1.5.0/cc3200-sdk/" --include_path="C:/ti/CC3200SDK_1.5.0/cc3200-sdk/driverlib/" --include_path="C:/ti/CC3200SDK_1.5.0/cc3200-sdk/inc/" --include_path="C:/ti/CC3200SDK_1.5.0/cc3200-sdk/example/common/" --include_path="C:/ti/ccs1250/ccs/tools/compiler/ti-cgt-arm_20.2.7.LTS/include" --define=ccs --define=cc3200 -g --diag_warning=225 --diag_wrap=off --display_error_number --abi=eabi --preproc_with_compile --preproc_dependency="main.d_raw"  "../main.c"
 
>> Compilation failure
subdir_rules.mk:9: recipe for target 'main.obj' failed
"../main.c", line 186: error #20: identifier "ir_key_table" is undefined
"../main.c", line 317: warning #1238-D: excess initializers are ignored
"../main.c", line 351: warning #169-D: argument of type "const char *" is incompatible with parameter of type "char *"
"../main.c", line 351: warning #169-D: argument of type "const char *" is incompatible with parameter of type "char *"
"../main.c", line 351: warning #169-D: argument of type "const char *" is incompatible with parameter of type "char *"
"../main.c", line 393: warning #225-D: function "alphabet" declared implicitly
"../main.c", line 395: warning #225-D: function "horizontallines" declared implicitly
"../main.c", line 397: warning #225-D: function "verticallines" declared implicitly
1 error detected in the compilation of "../main.c".
gmake: *** [main.obj] Error 1
gmake: Target 'all' not remade because of errors.

**** Build Finished ****

**** Build of configuration Debug for project spi_demo ****

"C:\\ti\\ccs1250\\ccs\\utils\\bin\\gmake" -k -j 12 all -O 
 
Building file: "../main.c"
Invoking: Arm Compiler
"C:/ti/ccs1250/ccs/tools/compiler/ti-cgt-arm_20.2.7.LTS/bin/armcl" -mv7M4 --code_state=16 --float_support=none -me -Ooff --include_path="C:/Users/Josh/Desktop/EEC 172/labs/lab3_part1/spi_demo" --include_path="C:/ti/CC3200SDK_1.5.0/cc3200-sdk/" --include_path="C:/ti/CC3200SDK_1.5.0/cc3200-sdk/driverlib/" --include_path="C:/ti/CC3200SDK_1.5.0/cc3200-sdk/inc/" --include_path="C:/ti/CC3200SDK_1.5.0/cc3200-sdk/example/common/" --include_path="C:/ti/ccs1250/ccs/tools/compiler/ti-cgt-arm_20.2.7.LTS/include" --define=ccs --define=cc3200 -g --diag_warning=225 --diag_wrap=off --display_error_number --abi=eabi --preproc_with_compile --preproc_dependency="main.d_raw"  "../main.c"
"../main.c", line 331: warning #1238-D: excess initializers are ignored
"../main.c", line 365: warning #169-D: argument of type "const char *" is incompatible with parameter of type "char *"
"../main.c", line 365: warning #169-D: argument of type "const char *" is incompatible with parameter of type "char *"
"../main.c", line 365: warning #169-D: argument of type "const char *" is incompatible with parameter of type "char *"
"../main.c", line 407: warning #225-D: function "alphabet" declared implicitly
"../main.c", line 409: warning #225-D: function "horizontallines" declared implicitly
"../main.c", line 411: warning #225-D: function "verticallines" declared implicitly
Finished building: "../main.c"
 
Building target: "spi_demo.out"
Invoking: Arm Linker
"C:/ti/ccs1250/ccs/tools/compiler/ti-cgt-arm_20.2.7.LTS/bin/armcl" -mv7M4 --code_state=16 --float_support=none -me -Ooff --define=ccs --define=cc3200 -g --diag_warning=225 --diag_wrap=off --display_error_number --abi=eabi -z -m"spi_demo.map" --heap_size=0x800 --stack_size=0x800 -i"C:/ti/ccs1250/ccs/tools/compiler/ti-cgt-arm_20.2.7.LTS/lib" -i"C:/ti/ccs1250/ccs/tools/compiler/ti-cgt-arm_20.2.7.LTS/include" --reread_libs --diag_wrap=off --display_error_number --warn_sections --xml_link_info="spi_demo_linkInfo.xml" --rom_model -o "spi_demo.out" "./Adafruit_GFX.obj" "./Adafruit_SSD1351.obj" "./main.obj" "./oled_test.obj" "./pin_mux_config.obj" "./startup_ccs.obj" "./uart_if.obj" "../cc3200v1p32.cmd"  -l"C:/ti/CC3200SDK_1.5.0/cc3200-sdk/driverlib/ccs/Release/driverlib.a" -llibc.a 
<Linking>
Finished building target: "spi_demo.out"
 
C:/ti/ccs1250/ccs/utils/tiobj2bin/tiobj2bin spi_demo.out spi_demo.bin C:/ti/ccs1250/ccs/tools/compiler/ti-cgt-arm_20.2.7.LTS/bin/armofd C:/ti/ccs1250/ccs/tools/compiler/ti-cgt-arm_20.2.7.LTS/bin/armhex C:/ti/ccs1250/ccs/utils/tiobj2bin/mkhex4bin
 

**** Build Finished ****

**** Build of configuration Debug for project spi_demo ****

"C:\\ti\\ccs1250\\ccs\\utils\\bin\\gmake" -k -j 12 all -O 
 
Building file: "../main.c"
Invoking: Arm Compiler
"C:/ti/ccs1250/ccs/tools/compiler/ti-cgt-arm_20.2.7.LTS/bin/armcl" -mv7M4 --code_state=16 --float_support=none -me -Ooff --include_path="C:/Users/Josh/Desktop/EEC 172/labs/lab3_part1/spi_demo" --include_path="C:/ti/CC3200SDK_1.5.0/cc3200-sdk/" --include_path="C:/ti/CC3200SDK_1.5.0/cc3200-sdk/driverlib/" --include_path="C:/ti/CC3200SDK_1.5.0/cc3200-sdk/inc/" --include_path="C:/ti/CC3200SDK_1.5.0/cc3200-sdk/example/common/" --include_path="C:/ti/ccs1250/ccs/tools/compiler/ti-cgt-arm_20.2.7.LTS/include" --define=ccs --define=cc3200 -g --diag_warning=225 --diag_wrap=off --display_error_number --abi=eabi --preproc_with_compile --preproc_dependency="main.d_raw"  "../main.c"
"../main.c", line 331: warning #1238-D: excess initializers are ignored
"../main.c", line 365: warning #169-D: argument of type "const char *" is incompatible with parameter of type "char *"
"../main.c", line 365: warning #169-D: argument of type "const char *" is incompatible with parameter of type "char *"
"../main.c", line 365: warning #169-D: argument of type "const char *" is incompatible with parameter of type "char *"
"../main.c", line 407: warning #225-D: function "alphabet" declared implicitly
"../main.c", line 409: warning #225-D: function "horizontallines" declared implicitly
"../main.c", line 411: warning #225-D: function "verticallines" declared implicitly
Finished building: "../main.c"
 
Building target: "spi_demo.out"
Invoking: Arm Linker
"C:/ti/ccs1250/ccs/tools/compiler/ti-cgt-arm_20.2.7.LTS/bin/armcl" -mv7M4 --code_state=16 --float_support=none -me -Ooff --define=ccs --define=cc3200 -g --diag_warning=225 --diag_wrap=off --display_error_number --abi=eabi -z -m"spi_demo.map" --heap_size=0x800 --stack_size=0x800 -i"C:/ti/ccs1250/ccs/tools/compiler/ti-cgt-arm_20.2.7.LTS/lib" -i"C:/ti/ccs1250/ccs/tools/compiler/ti-cgt-arm_20.2.7.LTS/include" --reread_libs --diag_wrap=off --display_error_number --warn_sections --xml_link_info="spi_demo_linkInfo.xml" --rom_model -o "spi_demo.out" "./Adafruit_GFX.obj" "./Adafruit_SSD1351.obj" "./main.obj" "./oled_test.obj" "./pin_mux_config.obj" "./startup_ccs.obj" "./uart_if.obj" "../cc3200v1p32.cmd"  -l"C:/ti/CC3200SDK_1.5.0/cc3200-sdk/driverlib/ccs/Release/driverlib.a" -llibc.a 
<Linking>
Finished building target: "spi_demo.out"
 
C:/ti/ccs1250/ccs/utils/tiobj2bin/tiobj2bin spi_demo.out spi_demo.bin C:/ti/ccs1250/ccs/tools/compiler/ti-cgt-arm_20.2.7.LTS/bin/armofd C:/ti/ccs1250/ccs/tools/compiler/ti-cgt-arm_20.2.7.LTS/bin/armhex C:/ti/ccs1250/ccs/utils/tiobj2bin/mkhex4bin
 

**** Build Finished ****

**** Build of configuration Debug for project spi_demo ****

"C:\\ti\\ccs1250\\ccs\\utils\\bin\\gmake" -k -j 12 all -O 
 
gmake[1]: 'spi_demo.out' is up to date.

**** Build Finished ****

**** Build of configuration Debug for project spi_demo ****

"C:\\ti\\ccs1250\\ccs\\utils\\bin\\gmake" -k -j 12 all -O 
 
Building file: "../main.c"
Invoking: Arm Compiler
"C:/ti/ccs1250/ccs/tools/compiler/ti-cgt-arm_20.2.7.LTS/bin/armcl" -mv7M4 --code_state=16 --float_support=none -me -Ooff --include_path="C:/Users/Josh/Desktop/EEC 172/labs/lab3_part1/spi_demo" --include_path="C:/ti/CC3200SDK_1.5.0/cc3200-sdk/" --include_path="C:/ti/CC3200SDK_1.5.0/cc3200-sdk/driverlib/" --include_path="C:/ti/CC3200SDK_1.5.0/cc3200-sdk/inc/" --include_path="C:/ti/CC3200SDK_1.5.0/cc3200-sdk/example/common/" --include_path="C:/ti/ccs1250/ccs/tools/compiler/ti-cgt-arm_20.2.7.LTS/include" --define=ccs --define=cc3200 -g --diag_warning=225 --diag_wrap=off --display_error_number --abi=eabi --preproc_with_compile --preproc_dependency="main.d_raw"  "../main.c"
 
>> Compilation failure
subdir_rules.mk:9: recipe for target 'main.obj' failed
"../main.c", line 345: warning #1238-D: excess initializers are ignored
"../main.c", line 379: warning #169-D: argument of type "const char *" is incompatible with parameter of type "char *"
"../main.c", line 379: warning #169-D: argument of type "const char *" is incompatible with parameter of type "char *"
"../main.c", line 379: warning #169-D: argument of type "const char *" is incompatible with parameter of type "char *"
"../main.c", line 426: warning #225-D: function "alphabet" declared implicitly
"../main.c", line 428: warning #225-D: function "horizontallines" declared implicitly
"../main.c", line 430: warning #225-D: function "verticallines" declared implicitly
At end of source: error #68: expected a "}"
1 error detected in the compilation of "../main.c".
gmake: *** [main.obj] Error 1
gmake: Target 'all' not remade because of errors.

**** Build Finished ****

**** Build of configuration Debug for project spi_demo ****

"C:\\ti\\ccs1250\\ccs\\utils\\bin\\gmake" -k -j 12 all -O 
 
Building file: "../main.c"
Invoking: Arm Compiler
"C:/ti/ccs1250/ccs/tools/compiler/ti-cgt-arm_20.2.7.LTS/bin/armcl" -mv7M4 --code_state=16 --float_support=none -me -Ooff --include_path="C:/Users/Josh/Desktop/EEC 172/labs/lab3_part1/spi_demo" --include_path="C:/ti/CC3200SDK_1.5.0/cc3200-sdk/" --include_path="C:/ti/CC3200SDK_1.5.0/cc3200-sdk/driverlib/" --include_path="C:/ti/CC3200SDK_1.5.0/cc3200-sdk/inc/" --include_path="C:/ti/CC3200SDK_1.5.0/cc3200-sdk/example/common/" --include_path="C:/ti/ccs1250/ccs/tools/compiler/ti-cgt-arm_20.2.7.LTS/include" --define=ccs --define=cc3200 -g --diag_warning=225 --diag_wrap=off --display_error_number --abi=eabi --preproc_with_compile --preproc_dependency="main.d_raw"  "../main.c"
"../main.c", line 345: warning #1238-D: excess initializers are ignored
"../main.c", line 379: warning #169-D: argument of type "const char *" is incompatible with parameter of type "char *"
"../main.c", line 379: warning #169-D: argument of type "const char *" is incompatible with parameter of type "char *"
"../main.c", line 379: warning #169-D: argument of type "const char *" is incompatible with parameter of type "char *"
"../main.c", line 426: warning #225-D: function "alphabet" declared implicitly
"../main.c", line 428: warning #225-D: function "horizontallines" declared implicitly
"../main.c", line 430: warning #225-D: function "verticallines" declared implicitly
Finished building: "../main.c"
 
Building target: "spi_demo.out"
Invoking: Arm Linker
"C:/ti/ccs1250/ccs/tools/compiler/ti-cgt-arm_20.2.7.LTS/bin/armcl" -mv7M4 --code_state=16 --float_support=none -me -Ooff --define=ccs --define=cc3200 -g --diag_warning=225 --diag_wrap=off --display_error_number --abi=eabi -z -m"spi_demo.map" --heap_size=0x800 --stack_size=0x800 -i"C:/ti/ccs1250/ccs/tools/compiler/ti-cgt-arm_20.2.7.LTS/lib" -i"C:/ti/ccs1250/ccs/tools/compiler/ti-cgt-arm_20.2.7.LTS/include" --reread_libs --diag_wrap=off --display_error_number --warn_sections --xml_link_info="spi_demo_linkInfo.xml" --rom_model -o "spi_demo.out" "./Adafruit_GFX.obj" "./Adafruit_SSD1351.obj" "./main.obj" "./oled_test.obj" "./pin_mux_config.obj" "./startup_ccs.obj" "./uart_if.obj" "../cc3200v1p32.cmd"  -l"C:/ti/CC3200SDK_1.5.0/cc3200-sdk/driverlib/ccs/Release/driverlib.a" -llibc.a 
<Linking>
Finished building target: "spi_demo.out"
 
C:/ti/ccs1250/ccs/utils/tiobj2bin/tiobj2bin spi_demo.out spi_demo.bin C:/ti/ccs1250/ccs/tools/compiler/ti-cgt-arm_20.2.7.LTS/bin/armofd C:/ti/ccs1250/ccs/tools/compiler/ti-cgt-arm_20.2.7.LTS/bin/armhex C:/ti/ccs1250/ccs/utils/tiobj2bin/mkhex4bin
 

**** Build Finished ****

**** Build of configuration Debug for project spi_demo ****

"C:\\ti\\ccs1250\\ccs\\utils\\bin\\gmake" -k -j 12 all -O 
 
Building file: "../main.c"
Invoking: Arm Compiler
"C:/ti/ccs1250/ccs/tools/compiler/ti-cgt-arm_20.2.7.LTS/bin/armcl" -mv7M4 --code_state=16 --float_support=none -me -Ooff --include_path="C:/Users/Josh/Desktop/EEC 172/labs/lab3_part1/spi_demo" --include_path="C:/ti/CC3200SDK_1.5.0/cc3200-sdk/" --include_path="C:/ti/CC3200SDK_1.5.0/cc3200-sdk/driverlib/" --include_path="C:/ti/CC3200SDK_1.5.0/cc3200-sdk/inc/" --include_path="C:/ti/CC3200SDK_1.5.0/cc3200-sdk/example/common/" --include_path="C:/ti/ccs1250/ccs/tools/compiler/ti-cgt-arm_20.2.7.LTS/include" --define=ccs --define=cc3200 -g --diag_warning=225 --diag_wrap=off --display_error_number --abi=eabi --preproc_with_compile --preproc_dependency="main.d_raw"  "../main.c"
"../main.c", line 345: warning #1238-D: excess initializers are ignored
"../main.c", line 379: warning #169-D: argument of type "const char *" is incompatible with parameter of type "char *"
"../main.c", line 379: warning #169-D: argument of type "const char *" is incompatible with parameter of type "char *"
"../main.c", line 379: warning #169-D: argument of type "const char *" is incompatible with parameter of type "char *"
"../main.c", line 426: warning #225-D: function "alphabet" declared implicitly
"../main.c", line 428: warning #225-D: function "horizontallines" declared implicitly
"../main.c", line 430: warning #225-D: function "verticallines" declared implicitly
Finished building: "../main.c"
 
Building target: "spi_demo.out"
Invoking: Arm Linker
"C:/ti/ccs1250/ccs/tools/compiler/ti-cgt-arm_20.2.7.LTS/bin/armcl" -mv7M4 --code_state=16 --float_support=none -me -Ooff --define=ccs --define=cc3200 -g --diag_warning=225 --diag_wrap=off --display_error_number --abi=eabi -z -m"spi_demo.map" --heap_size=0x800 --stack_size=0x800 -i"C:/ti/ccs1250/ccs/tools/compiler/ti-cgt-arm_20.2.7.LTS/lib" -i"C:/ti/ccs1250/ccs/tools/compiler/ti-cgt-arm_20.2.7.LTS/include" --reread_libs --diag_wrap=off --display_error_number --warn_sections --xml_link_info="spi_demo_linkInfo.xml" --rom_model -o "spi_demo.out" "./Adafruit_GFX.obj" "./Adafruit_SSD1351.obj" "./main.obj" "./oled_test.obj" "./pin_mux_config.obj" "./startup_ccs.obj" "./uart_if.obj" "../cc3200v1p32.cmd"  -l"C:/ti/CC3200SDK_1.5.0/cc3200-sdk/driverlib/ccs/Release/driverlib.a" -llibc.a 
<Linking>
Finished building target: "spi_demo.out"
 
C:/ti/ccs1250/ccs/utils/tiobj2bin/tiobj2bin spi_demo.out spi_demo.bin C:/ti/ccs1250/ccs/tools/compiler/ti-cgt-arm_20.2.7.LTS/bin/armofd C:/ti/ccs1250/ccs/tools/compiler/ti-cgt-arm_20.2.7.LTS/bin/armhex C:/ti/ccs1250/ccs/utils/tiobj2bin/mkhex4bin
 

**** Build Finished ****

**** Build of configuration Debug for project spi_demo ****

"C:\\ti\\ccs1250\\ccs\\utils\\bin\\gmake" -k -j 12 all -O 
 
Building file: "../main.c"
Invoking: Arm Compiler
"C:/ti/ccs1250/ccs/tools/compiler/ti-cgt-arm_20.2.7.LTS/bin/armcl" -mv7M4 --code_state=16 --float_support=none -me -Ooff --include_path="C:/Users/Josh/Desktop/EEC 172/labs/lab3_part1/spi_demo" --include_path="C:/ti/CC3200SDK_1.5.0/cc3200-sdk/" --include_path="C:/ti/CC3200SDK_1.5.0/cc3200-sdk/driverlib/" --include_path="C:/ti/CC3200SDK_1.5.0/cc3200-sdk/inc/" --include_path="C:/ti/CC3200SDK_1.5.0/cc3200-sdk/example/common/" --include_path="C:/ti/ccs1250/ccs/tools/compiler/ti-cgt-arm_20.2.7.LTS/include" --define=ccs --define=cc3200 -g --diag_warning=225 --diag_wrap=off --display_error_number --abi=eabi --preproc_with_compile --preproc_dependency="main.d_raw"  "../main.c"
"../main.c", line 345: warning #1238-D: excess initializers are ignored
"../main.c", line 379: warning #169-D: argument of type "const char *" is incompatible with parameter of type "char *"
"../main.c", line 379: warning #169-D: argument of type "const char *" is incompatible with parameter of type "char *"
"../main.c", line 379: warning #169-D: argument of type "const char *" is incompatible with parameter of type "char *"
"../main.c", line 428: warning #225-D: function "alphabet" declared implicitly
"../main.c", line 430: warning #225-D: function "horizontallines" declared implicitly
"../main.c", line 432: warning #225-D: function "verticallines" declared implicitly
Finished building: "../main.c"
 
Building target: "spi_demo.out"
Invoking: Arm Linker
"C:/ti/ccs1250/ccs/tools/compiler/ti-cgt-arm_20.2.7.LTS/bin/armcl" -mv7M4 --code_state=16 --float_support=none -me -Ooff --define=ccs --define=cc3200 -g --diag_warning=225 --diag_wrap=off --display_error_number --abi=eabi -z -m"spi_demo.map" --heap_size=0x800 --stack_size=0x800 -i"C:/ti/ccs1250/ccs/tools/compiler/ti-cgt-arm_20.2.7.LTS/lib" -i"C:/ti/ccs1250/ccs/tools/compiler/ti-cgt-arm_20.2.7.LTS/include" --reread_libs --diag_wrap=off --display_error_number --warn_sections --xml_link_info="spi_demo_linkInfo.xml" --rom_model -o "spi_demo.out" "./Adafruit_GFX.obj" "./Adafruit_SSD1351.obj" "./main.obj" "./oled_test.obj" "./pin_mux_config.obj" "./startup_ccs.obj" "./uart_if.obj" "../cc3200v1p32.cmd"  -l"C:/ti/CC3200SDK_1.5.0/cc3200-sdk/driverlib/ccs/Release/driverlib.a" -llibc.a 
<Linking>
Finished building target: "spi_demo.out"
 
C:/ti/ccs1250/ccs/utils/tiobj2bin/tiobj2bin spi_demo.out spi_demo.bin C:/ti/ccs1250/ccs/tools/compiler/ti-cgt-arm_20.2.7.LTS/bin/armofd C:/ti/ccs1250/ccs/tools/compiler/ti-cgt-arm_20.2.7.LTS/bin/armhex C:/ti/ccs1250/ccs/utils/tiobj2bin/mkhex4bin
 

**** Build Finished ****

**** Build of configuration Debug for project spi_demo ****

"C:\\ti\\ccs1250\\ccs\\utils\\bin\\gmake" -k -j 12 all -O 
 
gmake[1]: 'spi_demo.out' is up to date.

**** Build Finished ****

**** Build of configuration Debug for project spi_demo ****

"C:\\ti\\ccs1250\\ccs\\utils\\bin\\gmake" -k -j 12 all -O 
 
Building file: "../main.c"
Invoking: Arm Compiler
"C:/ti/ccs1250/ccs/tools/compiler/ti-cgt-arm_20.2.7.LTS/bin/armcl" -mv7M4 --code_state=16 --float_support=none -me -Ooff --include_path="C:/Users/Josh/Desktop/EEC 172/labs/lab3_part1/spi_demo" --include_path="C:/ti/CC3200SDK_1.5.0/cc3200-sdk/" --include_path="C:/ti/CC3200SDK_1.5.0/cc3200-sdk/driverlib/" --include_path="C:/ti/CC3200SDK_1.5.0/cc3200-sdk/inc/" --include_path="C:/ti/CC3200SDK_1.5.0/cc3200-sdk/example/common/" --include_path="C:/ti/ccs1250/ccs/tools/compiler/ti-cgt-arm_20.2.7.LTS/include" --define=ccs --define=cc3200 -g --diag_warning=225 --diag_wrap=off --display_error_number --abi=eabi --preproc_with_compile --preproc_dependency="main.d_raw"  "../main.c"
"../main.c", line 345: warning #1238-D: excess initializers are ignored
"../main.c", line 379: warning #169-D: argument of type "const char *" is incompatible with parameter of type "char *"
"../main.c", line 379: warning #169-D: argument of type "const char *" is incompatible with parameter of type "char *"
"../main.c", line 379: warning #169-D: argument of type "const char *" is incompatible with parameter of type "char *"
"../main.c", line 428: warning #225-D: function "alphabet" declared implicitly
"../main.c", line 430: warning #225-D: function "horizontallines" declared implicitly
"../main.c", line 432: warning #225-D: function "verticallines" declared implicitly
Finished building: "../main.c"
 
Building target: "spi_demo.out"
Invoking: Arm Linker
"C:/ti/ccs1250/ccs/tools/compiler/ti-cgt-arm_20.2.7.LTS/bin/armcl" -mv7M4 --code_state=16 --float_support=none -me -Ooff --define=ccs --define=cc3200 -g --diag_warning=225 --diag_wrap=off --display_error_number --abi=eabi -z -m"spi_demo.map" --heap_size=0x800 --stack_size=0x800 -i"C:/ti/ccs1250/ccs/tools/compiler/ti-cgt-arm_20.2.7.LTS/lib" -i"C:/ti/ccs1250/ccs/tools/compiler/ti-cgt-arm_20.2.7.LTS/include" --reread_libs --diag_wrap=off --display_error_number --warn_sections --xml_link_info="spi_demo_linkInfo.xml" --rom_model -o "spi_demo.out" "./Adafruit_GFX.obj" "./Adafruit_SSD1351.obj" "./main.obj" "./oled_test.obj" "./pin_mux_config.obj" "./startup_ccs.obj" "./uart_if.obj" "../cc3200v1p32.cmd"  -l"C:/ti/CC3200SDK_1.5.0/cc3200-sdk/driverlib/ccs/Release/driverlib.a" -llibc.a 
<Linking>
Finished building target: "spi_demo.out"
 
C:/ti/ccs1250/ccs/utils/tiobj2bin/tiobj2bin spi_demo.out spi_demo.bin C:/ti/ccs1250/ccs/tools/compiler/ti-cgt-arm_20.2.7.LTS/bin/armofd C:/ti/ccs1250/ccs/tools/compiler/ti-cgt-arm_20.2.7.LTS/bin/armhex C:/ti/ccs1250/ccs/utils/tiobj2bin/mkhex4bin
 

**** Build Finished ****

**** Build of configuration Debug for project spi_demo ****

"C:\\ti\\ccs1250\\ccs\\utils\\bin\\gmake" -k -j 12 all -O 
 
Building file: "../main.c"
Invoking: Arm Compiler
"C:/ti/ccs1250/ccs/tools/compiler/ti-cgt-arm_20.2.7.LTS/bin/armcl" -mv7M4 --code_state=16 --float_support=none -me -Ooff --include_path="C:/Users/Josh/Desktop/EEC 172/labs/lab3_part1/spi_demo" --include_path="C:/ti/CC3200SDK_1.5.0/cc3200-sdk/" --include_path="C:/ti/CC3200SDK_1.5.0/cc3200-sdk/driverlib/" --include_path="C:/ti/CC3200SDK_1.5.0/cc3200-sdk/inc/" --include_path="C:/ti/CC3200SDK_1.5.0/cc3200-sdk/example/common/" --include_path="C:/ti/ccs1250/ccs/tools/compiler/ti-cgt-arm_20.2.7.LTS/include" --define=ccs --define=cc3200 -g --diag_warning=225 --diag_wrap=off --display_error_number --abi=eabi --preproc_with_compile --preproc_dependency="main.d_raw"  "../main.c"
"../main.c", line 345: warning #1238-D: excess initializers are ignored
"../main.c", line 379: warning #169-D: argument of type "const char *" is incompatible with parameter of type "char *"
"../main.c", line 379: warning #169-D: argument of type "const char *" is incompatible with parameter of type "char *"
"../main.c", line 379: warning #169-D: argument of type "const char *" is incompatible with parameter of type "char *"
"../main.c", line 428: warning #225-D: function "alphabet" declared implicitly
"../main.c", line 430: warning #225-D: function "horizontallines" declared implicitly
"../main.c", line 432: warning #225-D: function "verticallines" declared implicitly
Finished building: "../main.c"
 
Building target: "spi_demo.out"
Invoking: Arm Linker
"C:/ti/ccs1250/ccs/tools/compiler/ti-cgt-arm_20.2.7.LTS/bin/armcl" -mv7M4 --code_state=16 --float_support=none -me -Ooff --define=ccs --define=cc3200 -g --diag_warning=225 --diag_wrap=off --display_error_number --abi=eabi -z -m"spi_demo.map" --heap_size=0x800 --stack_size=0x800 -i"C:/ti/ccs1250/ccs/tools/compiler/ti-cgt-arm_20.2.7.LTS/lib" -i"C:/ti/ccs1250/ccs/tools/compiler/ti-cgt-arm_20.2.7.LTS/include" --reread_libs --diag_wrap=off --display_error_number --warn_sections --xml_link_info="spi_demo_linkInfo.xml" --rom_model -o "spi_demo.out" "./Adafruit_GFX.obj" "./Adafruit_SSD1351.obj" "./main.obj" "./oled_test.obj" "./pin_mux_config.obj" "./startup_ccs.obj" "./uart_if.obj" "../cc3200v1p32.cmd"  -l"C:/ti/CC3200SDK_1.5.0/cc3200-sdk/driverlib/ccs/Release/driverlib.a" -llibc.a 
<Linking>
Finished building target: "spi_demo.out"
 
C:/ti/ccs1250/ccs/utils/tiobj2bin/tiobj2bin spi_demo.out spi_demo.bin C:/ti/ccs1250/ccs/tools/compiler/ti-cgt-arm_20.2.7.LTS/bin/armofd C:/ti/ccs1250/ccs/tools/compiler/ti-cgt-arm_20.2.7.LTS/bin/armhex C:/ti/ccs1250/ccs/utils/tiobj2bin/mkhex4bin
 

**** Build Finished ****

**** Build of configuration Debug for project spi_demo ****

"C:\\ti\\ccs1250\\ccs\\utils\\bin\\gmake" -k -j 12 all -O 
 
gmake[1]: 'spi_demo.out' is up to date.

**** Build Finished ****

**** Build of configuration Debug for project spi_demo ****

"C:\\ti\\ccs1250\\ccs\\utils\\bin\\gmake" -k -j 12 all -O 
 
Building file: "../main.c"
Invoking: Arm Compiler
"C:/ti/ccs1250/ccs/tools/compiler/ti-cgt-arm_20.2.7.LTS/bin/armcl" -mv7M4 --code_state=16 --float_support=none -me -Ooff --include_path="C:/Users/Josh/Desktop/EEC 172/labs/lab3_part1/spi_demo" --include_path="C:/ti/CC3200SDK_1.5.0/cc3200-sdk/" --include_path="C:/ti/CC3200SDK_1.5.0/cc3200-sdk/driverlib/" --include_path="C:/ti/CC3200SDK_1.5.0/cc3200-sdk/inc/" --include_path="C:/ti/CC3200SDK_1.5.0/cc3200-sdk/example/common/" --include_path="C:/ti/ccs1250/ccs/tools/compiler/ti-cgt-arm_20.2.7.LTS/include" --define=ccs --define=cc3200 -g --diag_warning=225 --diag_wrap=off --display_error_number --abi=eabi --preproc_with_compile --preproc_dependency="main.d_raw"  "../main.c"
"../main.c", line 345: warning #1238-D: excess initializers are ignored
"../main.c", line 379: warning #169-D: argument of type "const char *" is incompatible with parameter of type "char *"
"../main.c", line 379: warning #169-D: argument of type "const char *" is incompatible with parameter of type "char *"
"../main.c", line 379: warning #169-D: argument of type "const char *" is incompatible with parameter of type "char *"
"../main.c", line 428: warning #225-D: function "alphabet" declared implicitly
"../main.c", line 430: warning #225-D: function "horizontallines" declared implicitly
"../main.c", line 432: warning #225-D: function "verticallines" declared implicitly
Finished building: "../main.c"
 
Building target: "spi_demo.out"
Invoking: Arm Linker
"C:/ti/ccs1250/ccs/tools/compiler/ti-cgt-arm_20.2.7.LTS/bin/armcl" -mv7M4 --code_state=16 --float_support=none -me -Ooff --define=ccs --define=cc3200 -g --diag_warning=225 --diag_wrap=off --display_error_number --abi=eabi -z -m"spi_demo.map" --heap_size=0x800 --stack_size=0x800 -i"C:/ti/ccs1250/ccs/tools/compiler/ti-cgt-arm_20.2.7.LTS/lib" -i"C:/ti/ccs1250/ccs/tools/compiler/ti-cgt-arm_20.2.7.LTS/include" --reread_libs --diag_wrap=off --display_error_number --warn_sections --xml_link_info="spi_demo_linkInfo.xml" --rom_model -o "spi_demo.out" "./Adafruit_GFX.obj" "./Adafruit_SSD1351.obj" "./main.obj" "./oled_test.obj" "./pin_mux_config.obj" "./startup_ccs.obj" "./uart_if.obj" "../cc3200v1p32.cmd"  -l"C:/ti/CC3200SDK_1.5.0/cc3200-sdk/driverlib/ccs/Release/driverlib.a" -llibc.a 
<Linking>
Finished building target: "spi_demo.out"
 
C:/ti/ccs1250/ccs/utils/tiobj2bin/tiobj2bin spi_demo.out spi_demo.bin C:/ti/ccs1250/ccs/tools/compiler/ti-cgt-arm_20.2.7.LTS/bin/armofd C:/ti/ccs1250/ccs/tools/compiler/ti-cgt-arm_20.2.7.LTS/bin/armhex C:/ti/ccs1250/ccs/utils/tiobj2bin/mkhex4bin
 

**** Build Finished ****

**** Build of configuration Debug for project spi_demo ****

"C:\\ti\\ccs1250\\ccs\\utils\\bin\\gmake" -k -j 12 all -O 
 
gmake[1]: 'spi_demo.out' is up to date.

**** Build Finished ****

**** Build of configuration Debug for project spi_demo ****

"C:\\ti\\ccs1250\\ccs\\utils\\bin\\gmake" -k -j 12 all -O 
 
Building file: "../main.c"
Invoking: Arm Compiler
"C:/ti/ccs1250/ccs/tools/compiler/ti-cgt-arm_20.2.7.LTS/bin/armcl" -mv7M4 --code_state=16 --float_support=none -me -Ooff --include_path="C:/Users/Josh/Desktop/EEC 172/labs/lab3_part1/spi_demo" --include_path="C:/ti/CC3200SDK_1.5.0/cc3200-sdk/" --include_path="C:/ti/CC3200SDK_1.5.0/cc3200-sdk/driverlib/" --include_path="C:/ti/CC3200SDK_1.5.0/cc3200-sdk/inc/" --include_path="C:/ti/CC3200SDK_1.5.0/cc3200-sdk/example/common/" --include_path="C:/ti/ccs1250/ccs/tools/compiler/ti-cgt-arm_20.2.7.LTS/include" --define=ccs --define=cc3200 -g --diag_warning=225 --diag_wrap=off --display_error_number --abi=eabi --preproc_with_compile --preproc_dependency="main.d_raw"  "../main.c"
"../main.c", line 347: warning #1238-D: excess initializers are ignored
"../main.c", line 381: warning #169-D: argument of type "const char *" is incompatible with parameter of type "char *"
"../main.c", line 381: warning #169-D: argument of type "const char *" is incompatible with parameter of type "char *"
"../main.c", line 381: warning #169-D: argument of type "const char *" is incompatible with parameter of type "char *"
"../main.c", line 430: warning #225-D: function "alphabet" declared implicitly
"../main.c", line 432: warning #225-D: function "horizontallines" declared implicitly
"../main.c", line 434: warning #225-D: function "verticallines" declared implicitly
Finished building: "../main.c"
 
Building target: "spi_demo.out"
Invoking: Arm Linker
"C:/ti/ccs1250/ccs/tools/compiler/ti-cgt-arm_20.2.7.LTS/bin/armcl" -mv7M4 --code_state=16 --float_support=none -me -Ooff --define=ccs --define=cc3200 -g --diag_warning=225 --diag_wrap=off --display_error_number --abi=eabi -z -m"spi_demo.map" --heap_size=0x800 --stack_size=0x800 -i"C:/ti/ccs1250/ccs/tools/compiler/ti-cgt-arm_20.2.7.LTS/lib" -i"C:/ti/ccs1250/ccs/tools/compiler/ti-cgt-arm_20.2.7.LTS/include" --reread_libs --diag_wrap=off --display_error_number --warn_sections --xml_link_info="spi_demo_linkInfo.xml" --rom_model -o "spi_demo.out" "./Adafruit_GFX.obj" "./Adafruit_SSD1351.obj" "./main.obj" "./oled_test.obj" "./pin_mux_config.obj" "./startup_ccs.obj" "./uart_if.obj" "../cc3200v1p32.cmd"  -l"C:/ti/CC3200SDK_1.5.0/cc3200-sdk/driverlib/ccs/Release/driverlib.a" -llibc.a 
<Linking>
Finished building target: "spi_demo.out"
 
C:/ti/ccs1250/ccs/utils/tiobj2bin/tiobj2bin spi_demo.out spi_demo.bin C:/ti/ccs1250/ccs/tools/compiler/ti-cgt-arm_20.2.7.LTS/bin/armofd C:/ti/ccs1250/ccs/tools/compiler/ti-cgt-arm_20.2.7.LTS/bin/armhex C:/ti/ccs1250/ccs/utils/tiobj2bin/mkhex4bin
 

**** Build Finished ****

**** Build of configuration Debug for project spi_demo ****

"C:\\ti\\ccs1250\\ccs\\utils\\bin\\gmake" -k -j 12 all -O 
 
Building file: "../main.c"
Invoking: Arm Compiler
"C:/ti/ccs1250/ccs/tools/compiler/ti-cgt-arm_20.2.7.LTS/bin/armcl" -mv7M4 --code_state=16 --float_support=none -me -Ooff --include_path="C:/Users/Josh/Desktop/EEC 172/labs/lab3_part1/spi_demo" --include_path="C:/ti/CC3200SDK_1.5.0/cc3200-sdk/" --include_path="C:/ti/CC3200SDK_1.5.0/cc3200-sdk/driverlib/" --include_path="C:/ti/CC3200SDK_1.5.0/cc3200-sdk/inc/" --include_path="C:/ti/CC3200SDK_1.5.0/cc3200-sdk/example/common/" --include_path="C:/ti/ccs1250/ccs/tools/compiler/ti-cgt-arm_20.2.7.LTS/include" --define=ccs --define=cc3200 -g --diag_warning=225 --diag_wrap=off --display_error_number --abi=eabi --preproc_with_compile --preproc_dependency="main.d_raw"  "../main.c"
"../main.c", line 347: warning #1238-D: excess initializers are ignored
"../main.c", line 381: warning #169-D: argument of type "const char *" is incompatible with parameter of type "char *"
"../main.c", line 381: warning #169-D: argument of type "const char *" is incompatible with parameter of type "char *"
"../main.c", line 381: warning #169-D: argument of type "const char *" is incompatible with parameter of type "char *"
"../main.c", line 430: warning #225-D: function "alphabet" declared implicitly
"../main.c", line 432: warning #225-D: function "horizontallines" declared implicitly
"../main.c", line 434: warning #225-D: function "verticallines" declared implicitly
Finished building: "../main.c"
 
Building target: "spi_demo.out"
Invoking: Arm Linker
"C:/ti/ccs1250/ccs/tools/compiler/ti-cgt-arm_20.2.7.LTS/bin/armcl" -mv7M4 --code_state=16 --float_support=none -me -Ooff --define=ccs --define=cc3200 -g --diag_warning=225 --diag_wrap=off --display_error_number --abi=eabi -z -m"spi_demo.map" --heap_size=0x800 --stack_size=0x800 -i"C:/ti/ccs1250/ccs/tools/compiler/ti-cgt-arm_20.2.7.LTS/lib" -i"C:/ti/ccs1250/ccs/tools/compiler/ti-cgt-arm_20.2.7.LTS/include" --reread_libs --diag_wrap=off --display_error_number --warn_sections --xml_link_info="spi_demo_linkInfo.xml" --rom_model -o "spi_demo.out" "./Adafruit_GFX.obj" "./Adafruit_SSD1351.obj" "./main.obj" "./oled_test.obj" "./pin_mux_config.obj" "./startup_ccs.obj" "./uart_if.obj" "../cc3200v1p32.cmd"  -l"C:/ti/CC3200SDK_1.5.0/cc3200-sdk/driverlib/ccs/Release/driverlib.a" -llibc.a 
<Linking>
Finished building target: "spi_demo.out"
 
C:/ti/ccs1250/ccs/utils/tiobj2bin/tiobj2bin spi_demo.out spi_demo.bin C:/ti/ccs1250/ccs/tools/compiler/ti-cgt-arm_20.2.7.LTS/bin/armofd C:/ti/ccs1250/ccs/tools/compiler/ti-cgt-arm_20.2.7.LTS/bin/armhex C:/ti/ccs1250/ccs/utils/tiobj2bin/mkhex4bin
 

**** Build Finished ****

**** Build of configuration Debug for project spi_demo ****

"C:\\ti\\ccs1250\\ccs\\utils\\bin\\gmake" -k -j 12 all -O 
 
Building file: "../main.c"
Invoking: Arm Compiler
"C:/ti/ccs1250/ccs/tools/compiler/ti-cgt-arm_20.2.7.LTS/bin/armcl" -mv7M4 --code_state=16 --float_support=none -me -Ooff --include_path="C:/Users/Josh/Desktop/EEC 172/labs/lab3_part1/spi_demo" --include_path="C:/ti/CC3200SDK_1.5.0/cc3200-sdk/" --include_path="C:/ti/CC3200SDK_1.5.0/cc3200-sdk/driverlib/" --include_path="C:/ti/CC3200SDK_1.5.0/cc3200-sdk/inc/" --include_path="C:/ti/CC3200SDK_1.5.0/cc3200-sdk/example/common/" --include_path="C:/ti/ccs1250/ccs/tools/compiler/ti-cgt-arm_20.2.7.LTS/include" --define=ccs --define=cc3200 -g --diag_warning=225 --diag_wrap=off --display_error_number --abi=eabi --preproc_with_compile --preproc_dependency="main.d_raw"  "../main.c"
"../main.c", line 347: warning #1238-D: excess initializers are ignored
"../main.c", line 381: warning #169-D: argument of type "const char *" is incompatible with parameter of type "char *"
"../main.c", line 381: warning #169-D: argument of type "const char *" is incompatible with parameter of type "char *"
"../main.c", line 381: warning #169-D: argument of type "const char *" is incompatible with parameter of type "char *"
"../main.c", line 430: warning #225-D: function "alphabet" declared implicitly
"../main.c", line 432: warning #225-D: function "horizontallines" declared implicitly
"../main.c", line 434: warning #225-D: function "verticallines" declared implicitly
Finished building: "../main.c"
 
Building target: "spi_demo.out"
Invoking: Arm Linker
"C:/ti/ccs1250/ccs/tools/compiler/ti-cgt-arm_20.2.7.LTS/bin/armcl" -mv7M4 --code_state=16 --float_support=none -me -Ooff --define=ccs --define=cc3200 -g --diag_warning=225 --diag_wrap=off --display_error_number --abi=eabi -z -m"spi_demo.map" --heap_size=0x800 --stack_size=0x800 -i"C:/ti/ccs1250/ccs/tools/compiler/ti-cgt-arm_20.2.7.LTS/lib" -i"C:/ti/ccs1250/ccs/tools/compiler/ti-cgt-arm_20.2.7.LTS/include" --reread_libs --diag_wrap=off --display_error_number --warn_sections --xml_link_info="spi_demo_linkInfo.xml" --rom_model -o "spi_demo.out" "./Adafruit_GFX.obj" "./Adafruit_SSD1351.obj" "./main.obj" "./oled_test.obj" "./pin_mux_config.obj" "./startup_ccs.obj" "./uart_if.obj" "../cc3200v1p32.cmd"  -l"C:/ti/CC3200SDK_1.5.0/cc3200-sdk/driverlib/ccs/Release/driverlib.a" -llibc.a 
<Linking>
Finished building target: "spi_demo.out"
 
C:/ti/ccs1250/ccs/utils/tiobj2bin/tiobj2bin spi_demo.out spi_demo.bin C:/ti/ccs1250/ccs/tools/compiler/ti-cgt-arm_20.2.7.LTS/bin/armofd C:/ti/ccs1250/ccs/tools/compiler/ti-cgt-arm_20.2.7.LTS/bin/armhex C:/ti/ccs1250/ccs/utils/tiobj2bin/mkhex4bin
 

**** Build Finished ****

**** Build of configuration Debug for project spi_demo ****

"C:\\ti\\ccs1250\\ccs\\utils\\bin\\gmake" -k -j 12 all -O 
 
Building file: "../main.c"
Invoking: Arm Compiler
"C:/ti/ccs1250/ccs/tools/compiler/ti-cgt-arm_20.2.7.LTS/bin/armcl" -mv7M4 --code_state=16 --float_support=none -me -Ooff --include_path="C:/Users/Josh/Desktop/EEC 172/labs/lab3_part1/spi_demo" --include_path="C:/ti/CC3200SDK_1.5.0/cc3200-sdk/" --include_path="C:/ti/CC3200SDK_1.5.0/cc3200-sdk/driverlib/" --include_path="C:/ti/CC3200SDK_1.5.0/cc3200-sdk/inc/" --include_path="C:/ti/CC3200SDK_1.5.0/cc3200-sdk/example/common/" --include_path="C:/ti/ccs1250/ccs/tools/compiler/ti-cgt-arm_20.2.7.LTS/include" --define=ccs --define=cc3200 -g --diag_warning=225 --diag_wrap=off --display_error_number --abi=eabi --preproc_with_compile --preproc_dependency="main.d_raw"  "../main.c"
"../main.c", line 347: warning #1238-D: excess initializers are ignored
"../main.c", line 381: warning #169-D: argument of type "const char *" is incompatible with parameter of type "char *"
"../main.c", line 381: warning #169-D: argument of type "const char *" is incompatible with parameter of type "char *"
"../main.c", line 381: warning #169-D: argument of type "const char *" is incompatible with parameter of type "char *"
"../main.c", line 430: warning #225-D: function "alphabet" declared implicitly
"../main.c", line 432: warning #225-D: function "horizontallines" declared implicitly
"../main.c", line 434: warning #225-D: function "verticallines" declared implicitly
Finished building: "../main.c"
 
Building target: "spi_demo.out"
Invoking: Arm Linker
"C:/ti/ccs1250/ccs/tools/compiler/ti-cgt-arm_20.2.7.LTS/bin/armcl" -mv7M4 --code_state=16 --float_support=none -me -Ooff --define=ccs --define=cc3200 -g --diag_warning=225 --diag_wrap=off --display_error_number --abi=eabi -z -m"spi_demo.map" --heap_size=0x800 --stack_size=0x800 -i"C:/ti/ccs1250/ccs/tools/compiler/ti-cgt-arm_20.2.7.LTS/lib" -i"C:/ti/ccs1250/ccs/tools/compiler/ti-cgt-arm_20.2.7.LTS/include" --reread_libs --diag_wrap=off --display_error_number --warn_sections --xml_link_info="spi_demo_linkInfo.xml" --rom_model -o "spi_demo.out" "./Adafruit_GFX.obj" "./Adafruit_SSD1351.obj" "./main.obj" "./oled_test.obj" "./pin_mux_config.obj" "./startup_ccs.obj" "./uart_if.obj" "../cc3200v1p32.cmd"  -l"C:/ti/CC3200SDK_1.5.0/cc3200-sdk/driverlib/ccs/Release/driverlib.a" -llibc.a 
<Linking>
Finished building target: "spi_demo.out"
 
C:/ti/ccs1250/ccs/utils/tiobj2bin/tiobj2bin spi_demo.out spi_demo.bin C:/ti/ccs1250/ccs/tools/compiler/ti-cgt-arm_20.2.7.LTS/bin/armofd C:/ti/ccs1250/ccs/tools/compiler/ti-cgt-arm_20.2.7.LTS/bin/armhex C:/ti/ccs1250/ccs/utils/tiobj2bin/mkhex4bin
 

**** Build Finished ****

**** Build of configuration Debug for project spi_demo ****

"C:\\ti\\ccs1250\\ccs\\utils\\bin\\gmake" -k -j 12 all -O 
 
Building file: "../main.c"
Invoking: Arm Compiler
"C:/ti/ccs1250/ccs/tools/compiler/ti-cgt-arm_20.2.7.LTS/bin/armcl" -mv7M4 --code_state=16 --float_support=none -me -Ooff --include_path="C:/Users/Josh/Desktop/EEC 172/labs/lab3_part1/spi_demo" --include_path="C:/ti/CC3200SDK_1.5.0/cc3200-sdk/" --include_path="C:/ti/CC3200SDK_1.5.0/cc3200-sdk/driverlib/" --include_path="C:/ti/CC3200SDK_1.5.0/cc3200-sdk/inc/" --include_path="C:/ti/CC3200SDK_1.5.0/cc3200-sdk/example/common/" --include_path="C:/ti/ccs1250/ccs/tools/compiler/ti-cgt-arm_20.2.7.LTS/include" --define=ccs --define=cc3200 -g --diag_warning=225 --diag_wrap=off --display_error_number --abi=eabi --preproc_with_compile --preproc_dependency="main.d_raw"  "../main.c"
"../main.c", line 347: warning #1238-D: excess initializers are ignored
"../main.c", line 381: warning #169-D: argument of type "const char *" is incompatible with parameter of type "char *"
"../main.c", line 381: warning #169-D: argument of type "const char *" is incompatible with parameter of type "char *"
"../main.c", line 381: warning #169-D: argument of type "const char *" is incompatible with parameter of type "char *"
"../main.c", line 430: warning #225-D: function "alphabet" declared implicitly
"../main.c", line 432: warning #225-D: function "horizontallines" declared implicitly
"../main.c", line 434: warning #225-D: function "verticallines" declared implicitly
Finished building: "../main.c"
 
Building target: "spi_demo.out"
Invoking: Arm Linker
"C:/ti/ccs1250/ccs/tools/compiler/ti-cgt-arm_20.2.7.LTS/bin/armcl" -mv7M4 --code_state=16 --float_support=none -me -Ooff --define=ccs --define=cc3200 -g --diag_warning=225 --diag_wrap=off --display_error_number --abi=eabi -z -m"spi_demo.map" --heap_size=0x800 --stack_size=0x800 -i"C:/ti/ccs1250/ccs/tools/compiler/ti-cgt-arm_20.2.7.LTS/lib" -i"C:/ti/ccs1250/ccs/tools/compiler/ti-cgt-arm_20.2.7.LTS/include" --reread_libs --diag_wrap=off --display_error_number --warn_sections --xml_link_info="spi_demo_linkInfo.xml" --rom_model -o "spi_demo.out" "./Adafruit_GFX.obj" "./Adafruit_SSD1351.obj" "./main.obj" "./oled_test.obj" "./pin_mux_config.obj" "./startup_ccs.obj" "./uart_if.obj" "../cc3200v1p32.cmd"  -l"C:/ti/CC3200SDK_1.5.0/cc3200-sdk/driverlib/ccs/Release/driverlib.a" -llibc.a 
<Linking>
Finished building target: "spi_demo.out"
 
C:/ti/ccs1250/ccs/utils/tiobj2bin/tiobj2bin spi_demo.out spi_demo.bin C:/ti/ccs1250/ccs/tools/compiler/ti-cgt-arm_20.2.7.LTS/bin/armofd C:/ti/ccs1250/ccs/tools/compiler/ti-cgt-arm_20.2.7.LTS/bin/armhex C:/ti/ccs1250/ccs/utils/tiobj2bin/mkhex4bin
 

**** Build Finished ****

**** Build of configuration Debug for project spi_demo ****

"C:\\ti\\ccs1250\\ccs\\utils\\bin\\gmake" -k -j 12 all -O 
 
Building file: "../main.c"
Invoking: Arm Compiler
"C:/ti/ccs1250/ccs/tools/compiler/ti-cgt-arm_20.2.7.LTS/bin/armcl" -mv7M4 --code_state=16 --float_support=none -me -Ooff --include_path="C:/Users/Josh/Desktop/EEC 172/labs/lab3_part1/spi_demo" --include_path="C:/ti/CC3200SDK_1.5.0/cc3200-sdk/" --include_path="C:/ti/CC3200SDK_1.5.0/cc3200-sdk/driverlib/" --include_path="C:/ti/CC3200SDK_1.5.0/cc3200-sdk/inc/" --include_path="C:/ti/CC3200SDK_1.5.0/cc3200-sdk/example/common/" --include_path="C:/ti/ccs1250/ccs/tools/compiler/ti-cgt-arm_20.2.7.LTS/include" --define=ccs --define=cc3200 -g --diag_warning=225 --diag_wrap=off --display_error_number --abi=eabi --preproc_with_compile --preproc_dependency="main.d_raw"  "../main.c"
"../main.c", line 347: warning #1238-D: excess initializers are ignored
"../main.c", line 381: warning #169-D: argument of type "const char *" is incompatible with parameter of type "char *"
"../main.c", line 381: warning #169-D: argument of type "const char *" is incompatible with parameter of type "char *"
"../main.c", line 381: warning #169-D: argument of type "const char *" is incompatible with parameter of type "char *"
"../main.c", line 430: warning #225-D: function "alphabet" declared implicitly
"../main.c", line 432: warning #225-D: function "horizontallines" declared implicitly
"../main.c", line 434: warning #225-D: function "verticallines" declared implicitly
Finished building: "../main.c"
 
Building target: "spi_demo.out"
Invoking: Arm Linker
"C:/ti/ccs1250/ccs/tools/compiler/ti-cgt-arm_20.2.7.LTS/bin/armcl" -mv7M4 --code_state=16 --float_support=none -me -Ooff --define=ccs --define=cc3200 -g --diag_warning=225 --diag_wrap=off --display_error_number --abi=eabi -z -m"spi_demo.map" --heap_size=0x800 --stack_size=0x800 -i"C:/ti/ccs1250/ccs/tools/compiler/ti-cgt-arm_20.2.7.LTS/lib" -i"C:/ti/ccs1250/ccs/tools/compiler/ti-cgt-arm_20.2.7.LTS/include" --reread_libs --diag_wrap=off --display_error_number --warn_sections --xml_link_info="spi_demo_linkInfo.xml" --rom_model -o "spi_demo.out" "./Adafruit_GFX.obj" "./Adafruit_SSD1351.obj" "./main.obj" "./oled_test.obj" "./pin_mux_config.obj" "./startup_ccs.obj" "./uart_if.obj" "../cc3200v1p32.cmd"  -l"C:/ti/CC3200SDK_1.5.0/cc3200-sdk/driverlib/ccs/Release/driverlib.a" -llibc.a 
<Linking>
Finished building target: "spi_demo.out"
 
C:/ti/ccs1250/ccs/utils/tiobj2bin/tiobj2bin spi_demo.out spi_demo.bin C:/ti/ccs1250/ccs/tools/compiler/ti-cgt-arm_20.2.7.LTS/bin/armofd C:/ti/ccs1250/ccs/tools/compiler/ti-cgt-arm_20.2.7.LTS/bin/armhex C:/ti/ccs1250/ccs/utils/tiobj2bin/mkhex4bin
 

**** Build Finished ****

**** Build of configuration Debug for project spi_demo ****

"C:\\ti\\ccs1250\\ccs\\utils\\bin\\gmake" -k -j 12 all -O 
 
Building file: "../main.c"
Invoking: Arm Compiler
"C:/ti/ccs1250/ccs/tools/compiler/ti-cgt-arm_20.2.7.LTS/bin/armcl" -mv7M4 --code_state=16 --float_support=none -me -Ooff --include_path="C:/Users/Josh/Desktop/EEC 172/labs/lab3_part1/spi_demo" --include_path="C:/ti/CC3200SDK_1.5.0/cc3200-sdk/" --include_path="C:/ti/CC3200SDK_1.5.0/cc3200-sdk/driverlib/" --include_path="C:/ti/CC3200SDK_1.5.0/cc3200-sdk/inc/" --include_path="C:/ti/CC3200SDK_1.5.0/cc3200-sdk/example/common/" --include_path="C:/ti/ccs1250/ccs/tools/compiler/ti-cgt-arm_20.2.7.LTS/include" --define=ccs --define=cc3200 -g --diag_warning=225 --diag_wrap=off --display_error_number --abi=eabi --preproc_with_compile --preproc_dependency="main.d_raw"  "../main.c"
"../main.c", line 347: warning #1238-D: excess initializers are ignored
"../main.c", line 381: warning #169-D: argument of type "const char *" is incompatible with parameter of type "char *"
"../main.c", line 381: warning #169-D: argument of type "const char *" is incompatible with parameter of type "char *"
"../main.c", line 381: warning #169-D: argument of type "const char *" is incompatible with parameter of type "char *"
"../main.c", line 430: warning #225-D: function "alphabet" declared implicitly
"../main.c", line 432: warning #225-D: function "horizontallines" declared implicitly
"../main.c", line 434: warning #225-D: function "verticallines" declared implicitly
Finished building: "../main.c"
 
Building target: "spi_demo.out"
Invoking: Arm Linker
"C:/ti/ccs1250/ccs/tools/compiler/ti-cgt-arm_20.2.7.LTS/bin/armcl" -mv7M4 --code_state=16 --float_support=none -me -Ooff --define=ccs --define=cc3200 -g --diag_warning=225 --diag_wrap=off --display_error_number --abi=eabi -z -m"spi_demo.map" --heap_size=0x800 --stack_size=0x800 -i"C:/ti/ccs1250/ccs/tools/compiler/ti-cgt-arm_20.2.7.LTS/lib" -i"C:/ti/ccs1250/ccs/tools/compiler/ti-cgt-arm_20.2.7.LTS/include" --reread_libs --diag_wrap=off --display_error_number --warn_sections --xml_link_info="spi_demo_linkInfo.xml" --rom_model -o "spi_demo.out" "./Adafruit_GFX.obj" "./Adafruit_SSD1351.obj" "./main.obj" "./oled_test.obj" "./pin_mux_config.obj" "./startup_ccs.obj" "./uart_if.obj" "../cc3200v1p32.cmd"  -l"C:/ti/CC3200SDK_1.5.0/cc3200-sdk/driverlib/ccs/Release/driverlib.a" -llibc.a 
<Linking>
Finished building target: "spi_demo.out"
 
C:/ti/ccs1250/ccs/utils/tiobj2bin/tiobj2bin spi_demo.out spi_demo.bin C:/ti/ccs1250/ccs/tools/compiler/ti-cgt-arm_20.2.7.LTS/bin/armofd C:/ti/ccs1250/ccs/tools/compiler/ti-cgt-arm_20.2.7.LTS/bin/armhex C:/ti/ccs1250/ccs/utils/tiobj2bin/mkhex4bin
 

**** Build Finished ****

**** Build of configuration Debug for project spi_demo ****

"C:\\ti\\ccs1250\\ccs\\utils\\bin\\gmake" -k -j 12 all -O 
 
gmake[1]: 'spi_demo.out' is up to date.

**** Build Finished ****

**** Build of configuration Debug for project spi_demo ****

"C:\\ti\\ccs1250\\ccs\\utils\\bin\\gmake" -k -j 12 all -O 
 
gmake[1]: 'spi_demo.out' is up to date.

**** Build Finished ****

**** Build of configuration Debug for project spi_demo ****

"C:\\ti\\ccs1250\\ccs\\utils\\bin\\gmake" -k -j 12 all -O 
 
Building file: "../main.c"
Invoking: Arm Compiler
"C:/ti/ccs1250/ccs/tools/compiler/ti-cgt-arm_20.2.7.LTS/bin/armcl" -mv7M4 --code_state=16 --float_support=none -me -Ooff --include_path="C:/Users/Josh/Desktop/EEC 172/labs/lab3_part1/spi_demo" --include_path="C:/ti/CC3200SDK_1.5.0/cc3200-sdk/" --include_path="C:/ti/CC3200SDK_1.5.0/cc3200-sdk/driverlib/" --include_path="C:/ti/CC3200SDK_1.5.0/cc3200-sdk/inc/" --include_path="C:/ti/CC3200SDK_1.5.0/cc3200-sdk/example/common/" --include_path="C:/ti/ccs1250/ccs/tools/compiler/ti-cgt-arm_20.2.7.LTS/include" --define=ccs --define=cc3200 -g --diag_warning=225 --diag_wrap=off --display_error_number --abi=eabi --preproc_with_compile --preproc_dependency="main.d_raw"  "../main.c"
"../main.c", line 347: warning #1238-D: excess initializers are ignored
"../main.c", line 381: warning #169-D: argument of type "const char *" is incompatible with parameter of type "char *"
"../main.c", line 381: warning #169-D: argument of type "const char *" is incompatible with parameter of type "char *"
"../main.c", line 381: warning #169-D: argument of type "const char *" is incompatible with parameter of type "char *"
"../main.c", line 430: warning #225-D: function "alphabet" declared implicitly
"../main.c", line 432: warning #225-D: function "horizontallines" declared implicitly
"../main.c", line 434: warning #225-D: function "verticallines" declared implicitly
Finished building: "../main.c"
 
Building target: "spi_demo.out"
Invoking: Arm Linker
"C:/ti/ccs1250/ccs/tools/compiler/ti-cgt-arm_20.2.7.LTS/bin/armcl" -mv7M4 --code_state=16 --float_support=none -me -Ooff --define=ccs --define=cc3200 -g --diag_warning=225 --diag_wrap=off --display_error_number --abi=eabi -z -m"spi_demo.map" --heap_size=0x800 --stack_size=0x800 -i"C:/ti/ccs1250/ccs/tools/compiler/ti-cgt-arm_20.2.7.LTS/lib" -i"C:/ti/ccs1250/ccs/tools/compiler/ti-cgt-arm_20.2.7.LTS/include" --reread_libs --diag_wrap=off --display_error_number --warn_sections --xml_link_info="spi_demo_linkInfo.xml" --rom_model -o "spi_demo.out" "./Adafruit_GFX.obj" "./Adafruit_SSD1351.obj" "./main.obj" "./oled_test.obj" "./pin_mux_config.obj" "./startup_ccs.obj" "./uart_if.obj" "../cc3200v1p32.cmd"  -l"C:/ti/CC3200SDK_1.5.0/cc3200-sdk/driverlib/ccs/Release/driverlib.a" -llibc.a 
<Linking>
Finished building target: "spi_demo.out"
 
C:/ti/ccs1250/ccs/utils/tiobj2bin/tiobj2bin spi_demo.out spi_demo.bin C:/ti/ccs1250/ccs/tools/compiler/ti-cgt-arm_20.2.7.LTS/bin/armofd C:/ti/ccs1250/ccs/tools/compiler/ti-cgt-arm_20.2.7.LTS/bin/armhex C:/ti/ccs1250/ccs/utils/tiobj2bin/mkhex4bin
 

**** Build Finished ****

**** Build of configuration Debug for project spi_demo ****

"C:\\ti\\ccs1250\\ccs\\utils\\bin\\gmake" -k -j 12 all -O 
 
gmake[1]: 'spi_demo.out' is up to date.

**** Build Finished ****

**** Build of configuration Debug for project spi_demo ****

"C:\\ti\\ccs1250\\ccs\\utils\\bin\\gmake" -k -j 12 all -O 
 
Building file: "../main.c"
Invoking: Arm Compiler
"C:/ti/ccs1250/ccs/tools/compiler/ti-cgt-arm_20.2.7.LTS/bin/armcl" -mv7M4 --code_state=16 --float_support=none -me -Ooff --include_path="C:/Users/Josh/Desktop/EEC 172/labs/lab3_part1/spi_demo" --include_path="C:/ti/CC3200SDK_1.5.0/cc3200-sdk/" --include_path="C:/ti/CC3200SDK_1.5.0/cc3200-sdk/driverlib/" --include_path="C:/ti/CC3200SDK_1.5.0/cc3200-sdk/inc/" --include_path="C:/ti/CC3200SDK_1.5.0/cc3200-sdk/example/common/" --include_path="C:/ti/ccs1250/ccs/tools/compiler/ti-cgt-arm_20.2.7.LTS/include" --define=ccs --define=cc3200 -g --diag_warning=225 --diag_wrap=off --display_error_number --abi=eabi --preproc_with_compile --preproc_dependency="main.d_raw"  "../main.c"
 
>> Compilation failure
subdir_rules.mk:9: recipe for target 'main.obj' failed
"../main.c", line 363: warning #225-D: function "setTextSize" declared implicitly
"../main.c", line 364: warning #225-D: function "setTextColor" declared implicitly
"../main.c", line 365: warning #225-D: function "setCursor" declared implicitly
"../main.c", line 388: error #20: identifier "messageIndex" is undefined
"../main.c", line 393: error #20: identifier "messageIndex" is undefined
"../main.c", line 400: error #20: identifier "cBuff" is undefined
"../main.c", line 401: warning #225-D: function "drawChar" declared implicitly
"../main.c", line 370: warning #179-D: variable "newChar" was declared but never referenced
"../main.c", line 505: error #18: expected a ")"
"../main.c", line 537: error #18: expected a ")"
"../main.c", line 540: error #66: expected a ";"
"../main.c", line 550: warning #225-D: function "drawChar" declared implicitly
"../main.c", line 183: warning #179-D: variable "switch2" was declared but never referenced
"../main.c", line 184: warning #179-D: variable "switch3" was declared but never referenced
6 errors detected in the compilation of "../main.c".
gmake: *** [main.obj] Error 1
Building file: "../pin_mux_config.c"
Invoking: Arm Compiler
"C:/ti/ccs1250/ccs/tools/compiler/ti-cgt-arm_20.2.7.LTS/bin/armcl" -mv7M4 --code_state=16 --float_support=none -me -Ooff --include_path="C:/Users/Josh/Desktop/EEC 172/labs/lab3_part1/spi_demo" --include_path="C:/ti/CC3200SDK_1.5.0/cc3200-sdk/" --include_path="C:/ti/CC3200SDK_1.5.0/cc3200-sdk/driverlib/" --include_path="C:/ti/CC3200SDK_1.5.0/cc3200-sdk/inc/" --include_path="C:/ti/CC3200SDK_1.5.0/cc3200-sdk/example/common/" --include_path="C:/ti/ccs1250/ccs/tools/compiler/ti-cgt-arm_20.2.7.LTS/include" --define=ccs --define=cc3200 -g --diag_warning=225 --diag_wrap=off --display_error_number --abi=eabi --preproc_with_compile --preproc_dependency="pin_mux_config.d_raw"  "../pin_mux_config.c"
Finished building: "../pin_mux_config.c"
 
Building file: "../typing.c"
Invoking: Arm Compiler
"C:/ti/ccs1250/ccs/tools/compiler/ti-cgt-arm_20.2.7.LTS/bin/armcl" -mv7M4 --code_state=16 --float_support=none -me -Ooff --include_path="C:/Users/Josh/Desktop/EEC 172/labs/lab3_part1/spi_demo" --include_path="C:/ti/CC3200SDK_1.5.0/cc3200-sdk/" --include_path="C:/ti/CC3200SDK_1.5.0/cc3200-sdk/driverlib/" --include_path="C:/ti/CC3200SDK_1.5.0/cc3200-sdk/inc/" --include_path="C:/ti/CC3200SDK_1.5.0/cc3200-sdk/example/common/" --include_path="C:/ti/ccs1250/ccs/tools/compiler/ti-cgt-arm_20.2.7.LTS/include" --define=ccs --define=cc3200 -g --diag_warning=225 --diag_wrap=off --display_error_number --abi=eabi --preproc_with_compile --preproc_dependency="typing.d_raw"  "../typing.c"
"../typing.c", line 92: warning #1696-D: multicharacter character literal (potential portability problem)
"../typing.c", line 92: warning #70-D: integer conversion resulted in truncation
Finished building: "../typing.c"
 
Building file: "../uart_if.c"
Invoking: Arm Compiler
"C:/ti/ccs1250/ccs/tools/compiler/ti-cgt-arm_20.2.7.LTS/bin/armcl" -mv7M4 --code_state=16 --float_support=none -me -Ooff --include_path="C:/Users/Josh/Desktop/EEC 172/labs/lab3_part1/spi_demo" --include_path="C:/ti/CC3200SDK_1.5.0/cc3200-sdk/" --include_path="C:/ti/CC3200SDK_1.5.0/cc3200-sdk/driverlib/" --include_path="C:/ti/CC3200SDK_1.5.0/cc3200-sdk/inc/" --include_path="C:/ti/CC3200SDK_1.5.0/cc3200-sdk/example/common/" --include_path="C:/ti/ccs1250/ccs/tools/compiler/ti-cgt-arm_20.2.7.LTS/include" --define=ccs --define=cc3200 -g --diag_warning=225 --diag_wrap=off --display_error_number --abi=eabi --preproc_with_compile --preproc_dependency="uart_if.d_raw"  "../uart_if.c"
Finished building: "../uart_if.c"
 
gmake: Target 'all' not remade because of errors.

**** Build Finished ****

**** Build of configuration Debug for project spi_demo ****

"C:\\ti\\ccs1250\\ccs\\utils\\bin\\gmake" -k -j 12 all -O 
 
Building file: "../main.c"
Invoking: Arm Compiler
"C:/ti/ccs1250/ccs/tools/compiler/ti-cgt-arm_20.2.7.LTS/bin/armcl" -mv7M4 --code_state=16 --float_support=none -me -Ooff --include_path="C:/Users/Josh/Desktop/EEC 172/labs/lab3_part1/spi_demo" --include_path="C:/ti/CC3200SDK_1.5.0/cc3200-sdk/" --include_path="C:/ti/CC3200SDK_1.5.0/cc3200-sdk/driverlib/" --include_path="C:/ti/CC3200SDK_1.5.0/cc3200-sdk/inc/" --include_path="C:/ti/CC3200SDK_1.5.0/cc3200-sdk/example/common/" --include_path="C:/ti/ccs1250/ccs/tools/compiler/ti-cgt-arm_20.2.7.LTS/include" --define=ccs --define=cc3200 -g --diag_warning=225 --diag_wrap=off --display_error_number --abi=eabi --preproc_with_compile --preproc_dependency="main.d_raw"  "../main.c"
 
>> Compilation failure
subdir_rules.mk:9: recipe for target 'main.obj' failed
"../main.c", line 363: warning #225-D: function "setTextSize" declared implicitly
"../main.c", line 364: warning #225-D: function "setTextColor" declared implicitly
"../main.c", line 365: warning #225-D: function "setCursor" declared implicitly
"../main.c", line 388: error #20: identifier "messageIndex" is undefined
"../main.c", line 393: error #20: identifier "messageIndex" is undefined
"../main.c", line 400: error #20: identifier "cBuff" is undefined
"../main.c", line 401: warning #225-D: function "drawChar" declared implicitly
"../main.c", line 370: warning #179-D: variable "newChar" was declared but never referenced
"../main.c", line 505: error #18: expected a ")"
"../main.c", line 537: error #18: expected a ")"
"../main.c", line 540: error #66: expected a ";"
"../main.c", line 550: warning #225-D: function "drawChar" declared implicitly
"../main.c", line 183: warning #179-D: variable "switch2" was declared but never referenced
"../main.c", line 184: warning #179-D: variable "switch3" was declared but never referenced
6 errors detected in the compilation of "../main.c".
gmake: *** [main.obj] Error 1
gmake: Target 'all' not remade because of errors.

**** Build Finished ****

**** Build of configuration Debug for project spi_demo ****

"C:\\ti\\ccs1250\\ccs\\utils\\bin\\gmake" -k -j 12 all -O 
 
Building file: "../main.c"
Invoking: Arm Compiler
"C:/ti/ccs1250/ccs/tools/compiler/ti-cgt-arm_20.2.7.LTS/bin/armcl" -mv7M4 --code_state=16 --float_support=none -me -Ooff --include_path="C:/Users/Josh/Desktop/EEC 172/labs/lab3_part1/spi_demo" --include_path="C:/ti/CC3200SDK_1.5.0/cc3200-sdk/" --include_path="C:/ti/CC3200SDK_1.5.0/cc3200-sdk/driverlib/" --include_path="C:/ti/CC3200SDK_1.5.0/cc3200-sdk/inc/" --include_path="C:/ti/CC3200SDK_1.5.0/cc3200-sdk/example/common/" --include_path="C:/ti/ccs1250/ccs/tools/compiler/ti-cgt-arm_20.2.7.LTS/include" --define=ccs --define=cc3200 -g --diag_warning=225 --diag_wrap=off --display_error_number --abi=eabi --preproc_with_compile --preproc_dependency="main.d_raw"  "../main.c"
 
>> Compilation failure
subdir_rules.mk:9: recipe for target 'main.obj' failed
"../main.c", line 363: warning #225-D: function "setTextSize" declared implicitly
"../main.c", line 364: warning #225-D: function "setTextColor" declared implicitly
"../main.c", line 365: warning #225-D: function "setCursor" declared implicitly
"../main.c", line 388: error #20: identifier "messageIndex" is undefined
"../main.c", line 393: error #20: identifier "messageIndex" is undefined
"../main.c", line 400: error #20: identifier "cBuff" is undefined
"../main.c", line 401: warning #225-D: function "drawChar" declared implicitly
"../main.c", line 370: warning #179-D: variable "newChar" was declared but never referenced
"../main.c", line 505: error #18: expected a ")"
"../main.c", line 537: error #18: expected a ")"
"../main.c", line 540: error #66: expected a ";"
"../main.c", line 550: warning #225-D: function "drawChar" declared implicitly
"../main.c", line 183: warning #179-D: variable "switch2" was declared but never referenced
"../main.c", line 184: warning #179-D: variable "switch3" was declared but never referenced
6 errors detected in the compilation of "../main.c".
gmake: *** [main.obj] Error 1
gmake: Target 'all' not remade because of errors.

**** Build Finished ****

**** Build of configuration Debug for project spi_demo ****

"C:\\ti\\ccs1250\\ccs\\utils\\bin\\gmake" -k -j 12 all -O 
 
Building file: "../main.c"
Invoking: Arm Compiler
"C:/ti/ccs1250/ccs/tools/compiler/ti-cgt-arm_20.2.7.LTS/bin/armcl" -mv7M4 --code_state=16 --float_support=none -me -Ooff --include_path="C:/Users/Josh/Desktop/EEC 172/labs/lab3_part1/spi_demo" --include_path="C:/ti/CC3200SDK_1.5.0/cc3200-sdk/" --include_path="C:/ti/CC3200SDK_1.5.0/cc3200-sdk/driverlib/" --include_path="C:/ti/CC3200SDK_1.5.0/cc3200-sdk/inc/" --include_path="C:/ti/CC3200SDK_1.5.0/cc3200-sdk/example/common/" --include_path="C:/ti/ccs1250/ccs/tools/compiler/ti-cgt-arm_20.2.7.LTS/include" --define=ccs --define=cc3200 -g --diag_warning=225 --diag_wrap=off --display_error_number --abi=eabi --preproc_with_compile --preproc_dependency="main.d_raw"  "../main.c"
 
>> Compilation failure
subdir_rules.mk:9: recipe for target 'main.obj' failed
"../main.c", line 369: warning #225-D: function "setTextSize" declared implicitly
"../main.c", line 370: warning #225-D: function "setTextColor" declared implicitly
"../main.c", line 371: warning #225-D: function "setCursor" declared implicitly
"../main.c", line 407: warning #225-D: function "drawChar" declared implicitly
"../main.c", line 376: warning #179-D: variable "newChar" was declared but never referenced
"../main.c", line 507: error #18: expected a ")"
"../main.c", line 539: error #18: expected a ")"
"../main.c", line 542: error #66: expected a ";"
"../main.c", line 552: warning #225-D: function "drawChar" declared implicitly
"../main.c", line 189: warning #179-D: variable "switch2" was declared but never referenced
"../main.c", line 190: warning #179-D: variable "switch3" was declared but never referenced
3 errors detected in the compilation of "../main.c".
gmake: *** [main.obj] Error 1
gmake: Target 'all' not remade because of errors.

**** Build Finished ****

**** Build of configuration Debug for project spi_demo ****

"C:\\ti\\ccs1250\\ccs\\utils\\bin\\gmake" -k -j 12 all -O 
 
Building file: "../main.c"
Invoking: Arm Compiler
"C:/ti/ccs1250/ccs/tools/compiler/ti-cgt-arm_20.2.7.LTS/bin/armcl" -mv7M4 --code_state=16 --float_support=none -me -Ooff --include_path="C:/Users/Josh/Desktop/EEC 172/labs/lab3_part1/spi_demo" --include_path="C:/ti/CC3200SDK_1.5.0/cc3200-sdk/" --include_path="C:/ti/CC3200SDK_1.5.0/cc3200-sdk/driverlib/" --include_path="C:/ti/CC3200SDK_1.5.0/cc3200-sdk/inc/" --include_path="C:/ti/CC3200SDK_1.5.0/cc3200-sdk/example/common/" --include_path="C:/ti/ccs1250/ccs/tools/compiler/ti-cgt-arm_20.2.7.LTS/include" --define=ccs --define=cc3200 -g --diag_warning=225 --diag_wrap=off --display_error_number --abi=eabi --preproc_with_compile --preproc_dependency="main.d_raw"  "../main.c"
 
>> Compilation failure
subdir_rules.mk:9: recipe for target 'main.obj' failed
"../main.c", line 369: warning #225-D: function "setTextSize" declared implicitly
"../main.c", line 370: warning #225-D: function "setTextColor" declared implicitly
"../main.c", line 371: warning #225-D: function "setCursor" declared implicitly
"../main.c", line 407: warning #225-D: function "drawChar" declared implicitly
"../main.c", line 376: warning #179-D: variable "newChar" was declared but never referenced
"../main.c", line 507: error #18: expected a ")"
"../main.c", line 539: error #18: expected a ")"
"../main.c", line 552: warning #225-D: function "drawChar" declared implicitly
"../main.c", line 189: warning #179-D: variable "switch2" was declared but never referenced
"../main.c", line 190: warning #179-D: variable "switch3" was declared but never referenced
2 errors detected in the compilation of "../main.c".
gmake: *** [main.obj] Error 1
gmake: Target 'all' not remade because of errors.

**** Build Finished ****

**** Build of configuration Debug for project spi_demo ****

"C:\\ti\\ccs1250\\ccs\\utils\\bin\\gmake" -k -j 12 all -O 
 
Building file: "../main.c"
Invoking: Arm Compiler
"C:/ti/ccs1250/ccs/tools/compiler/ti-cgt-arm_20.2.7.LTS/bin/armcl" -mv7M4 --code_state=16 --float_support=none -me -Ooff --include_path="C:/Users/Josh/Desktop/EEC 172/labs/lab3_part1/spi_demo" --include_path="C:/ti/CC3200SDK_1.5.0/cc3200-sdk/" --include_path="C:/ti/CC3200SDK_1.5.0/cc3200-sdk/driverlib/" --include_path="C:/ti/CC3200SDK_1.5.0/cc3200-sdk/inc/" --include_path="C:/ti/CC3200SDK_1.5.0/cc3200-sdk/example/common/" --include_path="C:/ti/ccs1250/ccs/tools/compiler/ti-cgt-arm_20.2.7.LTS/include" --define=ccs --define=cc3200 -g --diag_warning=225 --diag_wrap=off --display_error_number --abi=eabi --preproc_with_compile --preproc_dependency="main.d_raw"  "../main.c"
"../main.c", line 369: warning #225-D: function "setTextSize" declared implicitly
"../main.c", line 370: warning #225-D: function "setTextColor" declared implicitly
"../main.c", line 371: warning #225-D: function "setCursor" declared implicitly
"../main.c", line 407: warning #225-D: function "drawChar" declared implicitly
"../main.c", line 376: warning #179-D: variable "newChar" was declared but never referenced
"../main.c", line 468: warning #179-D: variable "ulStatus" was declared but never referenced
"../main.c", line 189: warning #179-D: variable "switch2" was declared but never referenced
"../main.c", line 190: warning #179-D: variable "switch3" was declared but never referenced
"../main.c", line 292: warning #179-D: function "GPIOInfaredHandler" was declared but never referenced
Finished building: "../main.c"
 
Building target: "spi_demo.out"
Invoking: Arm Linker
"C:/ti/ccs1250/ccs/tools/compiler/ti-cgt-arm_20.2.7.LTS/bin/armcl" -mv7M4 --code_state=16 --float_support=none -me -Ooff --define=ccs --define=cc3200 -g --diag_warning=225 --diag_wrap=off --display_error_number --abi=eabi -z -m"spi_demo.map" --heap_size=0x800 --stack_size=0x800 -i"C:/ti/ccs1250/ccs/tools/compiler/ti-cgt-arm_20.2.7.LTS/lib" -i"C:/ti/ccs1250/ccs/tools/compiler/ti-cgt-arm_20.2.7.LTS/include" --reread_libs --diag_wrap=off --display_error_number --warn_sections --xml_link_info="spi_demo_linkInfo.xml" --rom_model -o "spi_demo.out" "./Adafruit_GFX.obj" "./Adafruit_SSD1351.obj" "./main.obj" "./oled_test.obj" "./pin_mux_config.obj" "./startup_ccs.obj" "./typing.obj" "./uart_if.obj" "../cc3200v1p32.cmd"  -l"C:/ti/CC3200SDK_1.5.0/cc3200-sdk/driverlib/ccs/Release/driverlib.a" -llibc.a 
<Linking>
Finished building target: "spi_demo.out"
 
C:/ti/ccs1250/ccs/utils/tiobj2bin/tiobj2bin spi_demo.out spi_demo.bin C:/ti/ccs1250/ccs/tools/compiler/ti-cgt-arm_20.2.7.LTS/bin/armofd C:/ti/ccs1250/ccs/tools/compiler/ti-cgt-arm_20.2.7.LTS/bin/armhex C:/ti/ccs1250/ccs/utils/tiobj2bin/mkhex4bin
 

**** Build Finished ****

**** Build of configuration Debug for project spi_demo ****

"C:\\ti\\ccs1250\\ccs\\utils\\bin\\gmake" -k -j 12 all -O 
 
Building file: "../main.c"
Invoking: Arm Compiler
"C:/ti/ccs1250/ccs/tools/compiler/ti-cgt-arm_20.2.7.LTS/bin/armcl" -mv7M4 --code_state=16 --float_support=none -me -Ooff --include_path="C:/Users/Josh/Desktop/EEC 172/labs/lab3_part1/spi_demo" --include_path="C:/ti/CC3200SDK_1.5.0/cc3200-sdk/" --include_path="C:/ti/CC3200SDK_1.5.0/cc3200-sdk/driverlib/" --include_path="C:/ti/CC3200SDK_1.5.0/cc3200-sdk/inc/" --include_path="C:/ti/CC3200SDK_1.5.0/cc3200-sdk/example/common/" --include_path="C:/ti/ccs1250/ccs/tools/compiler/ti-cgt-arm_20.2.7.LTS/include" --define=ccs --define=cc3200 -g --diag_warning=225 --diag_wrap=off --display_error_number --abi=eabi --preproc_with_compile --preproc_dependency="main.d_raw"  "../main.c"
 
>> Compilation failure
subdir_rules.mk:9: recipe for target 'main.obj' failed
"../main.c", line 371: warning #225-D: function "setTextSize" declared implicitly
"../main.c", line 372: warning #225-D: function "setTextColor" declared implicitly
"../main.c", line 373: warning #225-D: function "setCursor" declared implicitly
"../main.c", line 409: warning #225-D: function "drawChar" declared implicitly
"../main.c", line 378: warning #179-D: variable "newChar" was declared but never referenced
"../main.c", line 510: error #18: expected a ")"
"../main.c", line 543: error #18: expected a ")"
"../main.c", line 556: warning #225-D: function "drawChar" declared implicitly
"../main.c", line 191: warning #179-D: variable "switch2" was declared but never referenced
"../main.c", line 192: warning #179-D: variable "switch3" was declared but never referenced
2 errors detected in the compilation of "../main.c".
gmake: *** [main.obj] Error 1
gmake: Target 'all' not remade because of errors.

**** Build Finished ****

**** Build of configuration Debug for project spi_demo ****

"C:\\ti\\ccs1250\\ccs\\utils\\bin\\gmake" -k -j 12 all -O 
 
Building file: "../main.c"
Invoking: Arm Compiler
"C:/ti/ccs1250/ccs/tools/compiler/ti-cgt-arm_20.2.7.LTS/bin/armcl" -mv7M4 --code_state=16 --float_support=none -me -Ooff --include_path="C:/Users/Josh/Desktop/EEC 172/labs/lab3_part1/spi_demo" --include_path="C:/ti/CC3200SDK_1.5.0/cc3200-sdk/" --include_path="C:/ti/CC3200SDK_1.5.0/cc3200-sdk/driverlib/" --include_path="C:/ti/CC3200SDK_1.5.0/cc3200-sdk/inc/" --include_path="C:/ti/CC3200SDK_1.5.0/cc3200-sdk/example/common/" --include_path="C:/ti/ccs1250/ccs/tools/compiler/ti-cgt-arm_20.2.7.LTS/include" --define=ccs --define=cc3200 -g --diag_warning=225 --diag_wrap=off --display_error_number --abi=eabi --preproc_with_compile --preproc_dependency="main.d_raw"  "../main.c"
"../main.c", line 371: warning #225-D: function "setTextSize" declared implicitly
"../main.c", line 372: warning #225-D: function "setTextColor" declared implicitly
"../main.c", line 373: warning #225-D: function "setCursor" declared implicitly
"../main.c", line 409: warning #225-D: function "drawChar" declared implicitly
"../main.c", line 378: warning #179-D: variable "newChar" was declared but never referenced
"../main.c", line 556: warning #225-D: function "drawChar" declared implicitly
"../main.c", line 191: warning #179-D: variable "switch2" was declared but never referenced
"../main.c", line 192: warning #179-D: variable "switch3" was declared but never referenced
Finished building: "../main.c"
 
Building target: "spi_demo.out"
Invoking: Arm Linker
"C:/ti/ccs1250/ccs/tools/compiler/ti-cgt-arm_20.2.7.LTS/bin/armcl" -mv7M4 --code_state=16 --float_support=none -me -Ooff --define=ccs --define=cc3200 -g --diag_warning=225 --diag_wrap=off --display_error_number --abi=eabi -z -m"spi_demo.map" --heap_size=0x800 --stack_size=0x800 -i"C:/ti/ccs1250/ccs/tools/compiler/ti-cgt-arm_20.2.7.LTS/lib" -i"C:/ti/ccs1250/ccs/tools/compiler/ti-cgt-arm_20.2.7.LTS/include" --reread_libs --diag_wrap=off --display_error_number --warn_sections --xml_link_info="spi_demo_linkInfo.xml" --rom_model -o "spi_demo.out" "./Adafruit_GFX.obj" "./Adafruit_SSD1351.obj" "./main.obj" "./oled_test.obj" "./pin_mux_config.obj" "./startup_ccs.obj" "./typing.obj" "./uart_if.obj" "../cc3200v1p32.cmd"  -l"C:/ti/CC3200SDK_1.5.0/cc3200-sdk/driverlib/ccs/Release/driverlib.a" -llibc.a 
<Linking>
Finished building target: "spi_demo.out"
 
C:/ti/ccs1250/ccs/utils/tiobj2bin/tiobj2bin spi_demo.out spi_demo.bin C:/ti/ccs1250/ccs/tools/compiler/ti-cgt-arm_20.2.7.LTS/bin/armofd C:/ti/ccs1250/ccs/tools/compiler/ti-cgt-arm_20.2.7.LTS/bin/armhex C:/ti/ccs1250/ccs/utils/tiobj2bin/mkhex4bin
 

**** Build Finished ****

**** Build of configuration Debug for project spi_demo ****

"C:\\ti\\ccs1250\\ccs\\utils\\bin\\gmake" -k -j 12 all -O 
 
gmake[1]: 'spi_demo.out' is up to date.

**** Build Finished ****

**** Build of configuration Debug for project spi_demo ****

"C:\\ti\\ccs1250\\ccs\\utils\\bin\\gmake" -k -j 12 all -O 
 
gmake[1]: 'spi_demo.out' is up to date.

**** Build Finished ****

**** Build of configuration Debug for project spi_demo ****

"C:\\ti\\ccs1250\\ccs\\utils\\bin\\gmake" -k -j 12 all -O 
 
gmake[1]: 'spi_demo.out' is up to date.

**** Build Finished ****

**** Build of configuration Debug for project spi_demo ****

"C:\\ti\\ccs1250\\ccs\\utils\\bin\\gmake" -k -j 12 all -O 
 
Building file: "../main.c"
Invoking: Arm Compiler
"C:/ti/ccs1250/ccs/tools/compiler/ti-cgt-arm_20.2.7.LTS/bin/armcl" -mv7M4 --code_state=16 --float_support=none -me -Ooff --include_path="C:/Users/Josh/Desktop/EEC 172/labs/lab3_part1/spi_demo" --include_path="C:/ti/CC3200SDK_1.5.0/cc3200-sdk/" --include_path="C:/ti/CC3200SDK_1.5.0/cc3200-sdk/driverlib/" --include_path="C:/ti/CC3200SDK_1.5.0/cc3200-sdk/inc/" --include_path="C:/ti/CC3200SDK_1.5.0/cc3200-sdk/example/common/" --include_path="C:/ti/ccs1250/ccs/tools/compiler/ti-cgt-arm_20.2.7.LTS/include" --define=ccs --define=cc3200 -g --diag_warning=225 --diag_wrap=off --display_error_number --abi=eabi --preproc_with_compile --preproc_dependency="main.d_raw"  "../main.c"
"../main.c", line 371: warning #225-D: function "setTextSize" declared implicitly
"../main.c", line 372: warning #225-D: function "setTextColor" declared implicitly
"../main.c", line 373: warning #225-D: function "setCursor" declared implicitly
"../main.c", line 409: warning #225-D: function "drawChar" declared implicitly
"../main.c", line 378: warning #179-D: variable "newChar" was declared but never referenced
"../main.c", line 549: warning #225-D: function "setTextSize" declared implicitly
"../main.c", line 550: warning #225-D: function "setTextColor" declared implicitly
"../main.c", line 551: warning #225-D: function "setCursor" declared implicitly
"../main.c", line 560: warning #225-D: function "drawChar" declared implicitly
"../main.c", line 191: warning #179-D: variable "switch2" was declared but never referenced
"../main.c", line 192: warning #179-D: variable "switch3" was declared but never referenced
Finished building: "../main.c"
 
Building target: "spi_demo.out"
Invoking: Arm Linker
"C:/ti/ccs1250/ccs/tools/compiler/ti-cgt-arm_20.2.7.LTS/bin/armcl" -mv7M4 --code_state=16 --float_support=none -me -Ooff --define=ccs --define=cc3200 -g --diag_warning=225 --diag_wrap=off --display_error_number --abi=eabi -z -m"spi_demo.map" --heap_size=0x800 --stack_size=0x800 -i"C:/ti/ccs1250/ccs/tools/compiler/ti-cgt-arm_20.2.7.LTS/lib" -i"C:/ti/ccs1250/ccs/tools/compiler/ti-cgt-arm_20.2.7.LTS/include" --reread_libs --diag_wrap=off --display_error_number --warn_sections --xml_link_info="spi_demo_linkInfo.xml" --rom_model -o "spi_demo.out" "./Adafruit_GFX.obj" "./Adafruit_SSD1351.obj" "./main.obj" "./oled_test.obj" "./pin_mux_config.obj" "./startup_ccs.obj" "./typing.obj" "./uart_if.obj" "../cc3200v1p32.cmd"  -l"C:/ti/CC3200SDK_1.5.0/cc3200-sdk/driverlib/ccs/Release/driverlib.a" -llibc.a 
<Linking>
Finished building target: "spi_demo.out"
 
C:/ti/ccs1250/ccs/utils/tiobj2bin/tiobj2bin spi_demo.out spi_demo.bin C:/ti/ccs1250/ccs/tools/compiler/ti-cgt-arm_20.2.7.LTS/bin/armofd C:/ti/ccs1250/ccs/tools/compiler/ti-cgt-arm_20.2.7.LTS/bin/armhex C:/ti/ccs1250/ccs/utils/tiobj2bin/mkhex4bin
 

**** Build Finished ****

**** Build of configuration Debug for project spi_demo ****

"C:\\ti\\ccs1250\\ccs\\utils\\bin\\gmake" -k -j 12 all -O 
 
gmake[1]: 'spi_demo.out' is up to date.

**** Build Finished ****

**** Build of configuration Debug for project spi_demo ****

"C:\\ti\\ccs1250\\ccs\\utils\\bin\\gmake" -k -j 12 all -O 
 
gmake[1]: 'spi_demo.out' is up to date.

**** Build Finished ****

**** Build of configuration Debug for project spi_demo ****

"C:\\ti\\ccs1250\\ccs\\utils\\bin\\gmake" -k -j 12 all -O 
 
Building file: "../pin_mux_config.c"
Invoking: Arm Compiler
"C:/ti/ccs1250/ccs/tools/compiler/ti-cgt-arm_20.2.7.LTS/bin/armcl" -mv7M4 --code_state=16 --float_support=none -me -Ooff --include_path="C:/Users/Josh/Desktop/EEC 172/labs/lab3_part1/spi_demo" --include_path="C:/ti/CC3200SDK_1.5.0/cc3200-sdk/" --include_path="C:/ti/CC3200SDK_1.5.0/cc3200-sdk/driverlib/" --include_path="C:/ti/CC3200SDK_1.5.0/cc3200-sdk/inc/" --include_path="C:/ti/CC3200SDK_1.5.0/cc3200-sdk/example/common/" --include_path="C:/ti/ccs1250/ccs/tools/compiler/ti-cgt-arm_20.2.7.LTS/include" --define=ccs --define=cc3200 -g --diag_warning=225 --diag_wrap=off --display_error_number --abi=eabi --preproc_with_compile --preproc_dependency="pin_mux_config.d_raw"  "../pin_mux_config.c"
Finished building: "../pin_mux_config.c"
 
Building target: "spi_demo.out"
Invoking: Arm Linker
"C:/ti/ccs1250/ccs/tools/compiler/ti-cgt-arm_20.2.7.LTS/bin/armcl" -mv7M4 --code_state=16 --float_support=none -me -Ooff --define=ccs --define=cc3200 -g --diag_warning=225 --diag_wrap=off --display_error_number --abi=eabi -z -m"spi_demo.map" --heap_size=0x800 --stack_size=0x800 -i"C:/ti/ccs1250/ccs/tools/compiler/ti-cgt-arm_20.2.7.LTS/lib" -i"C:/ti/ccs1250/ccs/tools/compiler/ti-cgt-arm_20.2.7.LTS/include" --reread_libs --diag_wrap=off --display_error_number --warn_sections --xml_link_info="spi_demo_linkInfo.xml" --rom_model -o "spi_demo.out" "./Adafruit_GFX.obj" "./Adafruit_SSD1351.obj" "./main.obj" "./oled_test.obj" "./pin_mux_config.obj" "./startup_ccs.obj" "./typing.obj" "./uart_if.obj" "../cc3200v1p32.cmd"  -l"C:/ti/CC3200SDK_1.5.0/cc3200-sdk/driverlib/ccs/Release/driverlib.a" -llibc.a 
<Linking>
Finished building target: "spi_demo.out"
 
C:/ti/ccs1250/ccs/utils/tiobj2bin/tiobj2bin spi_demo.out spi_demo.bin C:/ti/ccs1250/ccs/tools/compiler/ti-cgt-arm_20.2.7.LTS/bin/armofd C:/ti/ccs1250/ccs/tools/compiler/ti-cgt-arm_20.2.7.LTS/bin/armhex C:/ti/ccs1250/ccs/utils/tiobj2bin/mkhex4bin
 

**** Build Finished ****

**** Build of configuration Debug for project spi_demo ****

"C:\\ti\\ccs1250\\ccs\\utils\\bin\\gmake" -k -j 12 all -O 
 
Building file: "../main.c"
Invoking: Arm Compiler
"C:/ti/ccs1250/ccs/tools/compiler/ti-cgt-arm_20.2.7.LTS/bin/armcl" -mv7M4 --code_state=16 --float_support=none -me -Ooff --include_path="C:/Users/Josh/Desktop/EEC 172/labs/lab3_part1/spi_demo" --include_path="C:/ti/CC3200SDK_1.5.0/cc3200-sdk/" --include_path="C:/ti/CC3200SDK_1.5.0/cc3200-sdk/driverlib/" --include_path="C:/ti/CC3200SDK_1.5.0/cc3200-sdk/inc/" --include_path="C:/ti/CC3200SDK_1.5.0/cc3200-sdk/example/common/" --include_path="C:/ti/ccs1250/ccs/tools/compiler/ti-cgt-arm_20.2.7.LTS/include" --define=ccs --define=cc3200 -g --diag_warning=225 --diag_wrap=off --display_error_number --abi=eabi --preproc_with_compile --preproc_dependency="main.d_raw"  "../main.c"
"../main.c", line 371: warning #225-D: function "setTextSize" declared implicitly
"../main.c", line 372: warning #225-D: function "setTextColor" declared implicitly
"../main.c", line 373: warning #225-D: function "setCursor" declared implicitly
"../main.c", line 409: warning #225-D: function "drawChar" declared implicitly
"../main.c", line 378: warning #179-D: variable "newChar" was declared but never referenced
"../main.c", line 549: warning #225-D: function "setTextSize" declared implicitly
"../main.c", line 550: warning #225-D: function "setTextColor" declared implicitly
"../main.c", line 551: warning #225-D: function "setCursor" declared implicitly
"../main.c", line 560: warning #225-D: function "drawChar" declared implicitly
"../main.c", line 191: warning #179-D: variable "switch2" was declared but never referenced
"../main.c", line 192: warning #179-D: variable "switch3" was declared but never referenced
Finished building: "../main.c"
 
Building target: "spi_demo.out"
Invoking: Arm Linker
"C:/ti/ccs1250/ccs/tools/compiler/ti-cgt-arm_20.2.7.LTS/bin/armcl" -mv7M4 --code_state=16 --float_support=none -me -Ooff --define=ccs --define=cc3200 -g --diag_warning=225 --diag_wrap=off --display_error_number --abi=eabi -z -m"spi_demo.map" --heap_size=0x800 --stack_size=0x800 -i"C:/ti/ccs1250/ccs/tools/compiler/ti-cgt-arm_20.2.7.LTS/lib" -i"C:/ti/ccs1250/ccs/tools/compiler/ti-cgt-arm_20.2.7.LTS/include" --reread_libs --diag_wrap=off --display_error_number --warn_sections --xml_link_info="spi_demo_linkInfo.xml" --rom_model -o "spi_demo.out" "./Adafruit_GFX.obj" "./Adafruit_SSD1351.obj" "./main.obj" "./oled_test.obj" "./pin_mux_config.obj" "./startup_ccs.obj" "./typing.obj" "./uart_if.obj" "../cc3200v1p32.cmd"  -l"C:/ti/CC3200SDK_1.5.0/cc3200-sdk/driverlib/ccs/Release/driverlib.a" -llibc.a 
<Linking>
Finished building target: "spi_demo.out"
 
C:/ti/ccs1250/ccs/utils/tiobj2bin/tiobj2bin spi_demo.out spi_demo.bin C:/ti/ccs1250/ccs/tools/compiler/ti-cgt-arm_20.2.7.LTS/bin/armofd C:/ti/ccs1250/ccs/tools/compiler/ti-cgt-arm_20.2.7.LTS/bin/armhex C:/ti/ccs1250/ccs/utils/tiobj2bin/mkhex4bin
 

**** Build Finished ****

**** Build of configuration Debug for project spi_demo ****

"C:\\ti\\ccs1250\\ccs\\utils\\bin\\gmake" -k -j 12 all -O 
 
gmake[1]: 'spi_demo.out' is up to date.

**** Build Finished ****

**** Build of configuration Debug for project spi_demo ****

"C:\\ti\\ccs1250\\ccs\\utils\\bin\\gmake" -k -j 12 all -O 
 
Building file: "../main.c"
Invoking: Arm Compiler
"C:/ti/ccs1250/ccs/tools/compiler/ti-cgt-arm_20.2.7.LTS/bin/armcl" -mv7M4 --code_state=16 --float_support=none -me -Ooff --include_path="C:/Users/Josh/Desktop/EEC 172/labs/lab3_part1/spi_demo" --include_path="C:/ti/CC3200SDK_1.5.0/cc3200-sdk/" --include_path="C:/ti/CC3200SDK_1.5.0/cc3200-sdk/driverlib/" --include_path="C:/ti/CC3200SDK_1.5.0/cc3200-sdk/inc/" --include_path="C:/ti/CC3200SDK_1.5.0/cc3200-sdk/example/common/" --include_path="C:/ti/ccs1250/ccs/tools/compiler/ti-cgt-arm_20.2.7.LTS/include" --define=ccs --define=cc3200 -g --diag_warning=225 --diag_wrap=off --display_error_number --abi=eabi --preproc_with_compile --preproc_dependency="main.d_raw"  "../main.c"
"../main.c", line 371: warning #225-D: function "setTextSize" declared implicitly
"../main.c", line 372: warning #225-D: function "setTextColor" declared implicitly
"../main.c", line 373: warning #225-D: function "setCursor" declared implicitly
"../main.c", line 409: warning #225-D: function "drawChar" declared implicitly
"../main.c", line 378: warning #179-D: variable "newChar" was declared but never referenced
"../main.c", line 550: warning #225-D: function "setTextSize" declared implicitly
"../main.c", line 551: warning #225-D: function "setTextColor" declared implicitly
"../main.c", line 552: warning #225-D: function "setCursor" declared implicitly
"../main.c", line 561: warning #225-D: function "drawChar" declared implicitly
"../main.c", line 191: warning #179-D: variable "switch2" was declared but never referenced
"../main.c", line 192: warning #179-D: variable "switch3" was declared but never referenced
Finished building: "../main.c"
 
Building target: "spi_demo.out"
Invoking: Arm Linker
"C:/ti/ccs1250/ccs/tools/compiler/ti-cgt-arm_20.2.7.LTS/bin/armcl" -mv7M4 --code_state=16 --float_support=none -me -Ooff --define=ccs --define=cc3200 -g --diag_warning=225 --diag_wrap=off --display_error_number --abi=eabi -z -m"spi_demo.map" --heap_size=0x800 --stack_size=0x800 -i"C:/ti/ccs1250/ccs/tools/compiler/ti-cgt-arm_20.2.7.LTS/lib" -i"C:/ti/ccs1250/ccs/tools/compiler/ti-cgt-arm_20.2.7.LTS/include" --reread_libs --diag_wrap=off --display_error_number --warn_sections --xml_link_info="spi_demo_linkInfo.xml" --rom_model -o "spi_demo.out" "./Adafruit_GFX.obj" "./Adafruit_SSD1351.obj" "./main.obj" "./oled_test.obj" "./pin_mux_config.obj" "./startup_ccs.obj" "./typing.obj" "./uart_if.obj" "../cc3200v1p32.cmd"  -l"C:/ti/CC3200SDK_1.5.0/cc3200-sdk/driverlib/ccs/Release/driverlib.a" -llibc.a 
<Linking>
Finished building target: "spi_demo.out"
 
C:/ti/ccs1250/ccs/utils/tiobj2bin/tiobj2bin spi_demo.out spi_demo.bin C:/ti/ccs1250/ccs/tools/compiler/ti-cgt-arm_20.2.7.LTS/bin/armofd C:/ti/ccs1250/ccs/tools/compiler/ti-cgt-arm_20.2.7.LTS/bin/armhex C:/ti/ccs1250/ccs/utils/tiobj2bin/mkhex4bin
 

**** Build Finished ****

**** Build of configuration Debug for project spi_demo ****

"C:\\ti\\ccs1250\\ccs\\utils\\bin\\gmake" -k -j 12 all -O 
 
Building file: "../main.c"
Invoking: Arm Compiler
"C:/ti/ccs1250/ccs/tools/compiler/ti-cgt-arm_20.2.7.LTS/bin/armcl" -mv7M4 --code_state=16 --float_support=none -me -Ooff --include_path="C:/Users/Josh/Desktop/EEC 172/labs/lab3_part1/spi_demo" --include_path="C:/ti/CC3200SDK_1.5.0/cc3200-sdk/" --include_path="C:/ti/CC3200SDK_1.5.0/cc3200-sdk/driverlib/" --include_path="C:/ti/CC3200SDK_1.5.0/cc3200-sdk/inc/" --include_path="C:/ti/CC3200SDK_1.5.0/cc3200-sdk/example/common/" --include_path="C:/ti/ccs1250/ccs/tools/compiler/ti-cgt-arm_20.2.7.LTS/include" --define=ccs --define=cc3200 -g --diag_warning=225 --diag_wrap=off --display_error_number --abi=eabi --preproc_with_compile --preproc_dependency="main.d_raw"  "../main.c"
"../main.c", line 371: warning #225-D: function "setTextSize" declared implicitly
"../main.c", line 372: warning #225-D: function "setTextColor" declared implicitly
"../main.c", line 373: warning #225-D: function "setCursor" declared implicitly
"../main.c", line 409: warning #225-D: function "drawChar" declared implicitly
"../main.c", line 378: warning #179-D: variable "newChar" was declared but never referenced
"../main.c", line 552: warning #225-D: function "setTextSize" declared implicitly
"../main.c", line 553: warning #225-D: function "setTextColor" declared implicitly
"../main.c", line 554: warning #225-D: function "setCursor" declared implicitly
"../main.c", line 563: warning #225-D: function "drawChar" declared implicitly
"../main.c", line 191: warning #179-D: variable "switch2" was declared but never referenced
"../main.c", line 192: warning #179-D: variable "switch3" was declared but never referenced
Finished building: "../main.c"
 
Building target: "spi_demo.out"
Invoking: Arm Linker
"C:/ti/ccs1250/ccs/tools/compiler/ti-cgt-arm_20.2.7.LTS/bin/armcl" -mv7M4 --code_state=16 --float_support=none -me -Ooff --define=ccs --define=cc3200 -g --diag_warning=225 --diag_wrap=off --display_error_number --abi=eabi -z -m"spi_demo.map" --heap_size=0x800 --stack_size=0x800 -i"C:/ti/ccs1250/ccs/tools/compiler/ti-cgt-arm_20.2.7.LTS/lib" -i"C:/ti/ccs1250/ccs/tools/compiler/ti-cgt-arm_20.2.7.LTS/include" --reread_libs --diag_wrap=off --display_error_number --warn_sections --xml_link_info="spi_demo_linkInfo.xml" --rom_model -o "spi_demo.out" "./Adafruit_GFX.obj" "./Adafruit_SSD1351.obj" "./main.obj" "./oled_test.obj" "./pin_mux_config.obj" "./startup_ccs.obj" "./typing.obj" "./uart_if.obj" "../cc3200v1p32.cmd"  -l"C:/ti/CC3200SDK_1.5.0/cc3200-sdk/driverlib/ccs/Release/driverlib.a" -llibc.a 
<Linking>
Finished building target: "spi_demo.out"
 
C:/ti/ccs1250/ccs/utils/tiobj2bin/tiobj2bin spi_demo.out spi_demo.bin C:/ti/ccs1250/ccs/tools/compiler/ti-cgt-arm_20.2.7.LTS/bin/armofd C:/ti/ccs1250/ccs/tools/compiler/ti-cgt-arm_20.2.7.LTS/bin/armhex C:/ti/ccs1250/ccs/utils/tiobj2bin/mkhex4bin
 

**** Build Finished ****

**** Build of configuration Debug for project spi_demo ****

"C:\\ti\\ccs1250\\ccs\\utils\\bin\\gmake" -k -j 12 all -O 
 
Building file: "../main.c"
Invoking: Arm Compiler
"C:/ti/ccs1250/ccs/tools/compiler/ti-cgt-arm_20.2.7.LTS/bin/armcl" -mv7M4 --code_state=16 --float_support=none -me -Ooff --include_path="C:/Users/Josh/Desktop/EEC 172/labs/lab3_part1/spi_demo" --include_path="C:/ti/CC3200SDK_1.5.0/cc3200-sdk/" --include_path="C:/ti/CC3200SDK_1.5.0/cc3200-sdk/driverlib/" --include_path="C:/ti/CC3200SDK_1.5.0/cc3200-sdk/inc/" --include_path="C:/ti/CC3200SDK_1.5.0/cc3200-sdk/example/common/" --include_path="C:/ti/ccs1250/ccs/tools/compiler/ti-cgt-arm_20.2.7.LTS/include" --define=ccs --define=cc3200 -g --diag_warning=225 --diag_wrap=off --display_error_number --abi=eabi --preproc_with_compile --preproc_dependency="main.d_raw"  "../main.c"
"../main.c", line 371: warning #225-D: function "setTextSize" declared implicitly
"../main.c", line 372: warning #225-D: function "setTextColor" declared implicitly
"../main.c", line 373: warning #225-D: function "setCursor" declared implicitly
"../main.c", line 409: warning #225-D: function "drawChar" declared implicitly
"../main.c", line 378: warning #179-D: variable "newChar" was declared but never referenced
"../main.c", line 554: warning #225-D: function "setTextSize" declared implicitly
"../main.c", line 555: warning #225-D: function "setTextColor" declared implicitly
"../main.c", line 556: warning #225-D: function "setCursor" declared implicitly
"../main.c", line 565: warning #225-D: function "drawChar" declared implicitly
"../main.c", line 191: warning #179-D: variable "switch2" was declared but never referenced
"../main.c", line 192: warning #179-D: variable "switch3" was declared but never referenced
Finished building: "../main.c"
 
Building target: "spi_demo.out"
Invoking: Arm Linker
"C:/ti/ccs1250/ccs/tools/compiler/ti-cgt-arm_20.2.7.LTS/bin/armcl" -mv7M4 --code_state=16 --float_support=none -me -Ooff --define=ccs --define=cc3200 -g --diag_warning=225 --diag_wrap=off --display_error_number --abi=eabi -z -m"spi_demo.map" --heap_size=0x800 --stack_size=0x800 -i"C:/ti/ccs1250/ccs/tools/compiler/ti-cgt-arm_20.2.7.LTS/lib" -i"C:/ti/ccs1250/ccs/tools/compiler/ti-cgt-arm_20.2.7.LTS/include" --reread_libs --diag_wrap=off --display_error_number --warn_sections --xml_link_info="spi_demo_linkInfo.xml" --rom_model -o "spi_demo.out" "./Adafruit_GFX.obj" "./Adafruit_SSD1351.obj" "./main.obj" "./oled_test.obj" "./pin_mux_config.obj" "./startup_ccs.obj" "./typing.obj" "./uart_if.obj" "../cc3200v1p32.cmd"  -l"C:/ti/CC3200SDK_1.5.0/cc3200-sdk/driverlib/ccs/Release/driverlib.a" -llibc.a 
<Linking>
Finished building target: "spi_demo.out"
 
C:/ti/ccs1250/ccs/utils/tiobj2bin/tiobj2bin spi_demo.out spi_demo.bin C:/ti/ccs1250/ccs/tools/compiler/ti-cgt-arm_20.2.7.LTS/bin/armofd C:/ti/ccs1250/ccs/tools/compiler/ti-cgt-arm_20.2.7.LTS/bin/armhex C:/ti/ccs1250/ccs/utils/tiobj2bin/mkhex4bin
 

**** Build Finished ****

**** Build of configuration Debug for project spi_demo ****

"C:\\ti\\ccs1250\\ccs\\utils\\bin\\gmake" -k -j 12 all -O 
 
Building file: "../main.c"
Invoking: Arm Compiler
"C:/ti/ccs1250/ccs/tools/compiler/ti-cgt-arm_20.2.7.LTS/bin/armcl" -mv7M4 --code_state=16 --float_support=none -me -Ooff --include_path="C:/Users/Josh/Desktop/EEC 172/labs/lab3_part1/spi_demo" --include_path="C:/ti/CC3200SDK_1.5.0/cc3200-sdk/" --include_path="C:/ti/CC3200SDK_1.5.0/cc3200-sdk/driverlib/" --include_path="C:/ti/CC3200SDK_1.5.0/cc3200-sdk/inc/" --include_path="C:/ti/CC3200SDK_1.5.0/cc3200-sdk/example/common/" --include_path="C:/ti/ccs1250/ccs/tools/compiler/ti-cgt-arm_20.2.7.LTS/include" --define=ccs --define=cc3200 -g --diag_warning=225 --diag_wrap=off --display_error_number --abi=eabi --preproc_with_compile --preproc_dependency="main.d_raw"  "../main.c"
"../main.c", line 371: warning #225-D: function "setTextSize" declared implicitly
"../main.c", line 372: warning #225-D: function "setTextColor" declared implicitly
"../main.c", line 373: warning #225-D: function "setCursor" declared implicitly
"../main.c", line 409: warning #225-D: function "drawChar" declared implicitly
"../main.c", line 378: warning #179-D: variable "newChar" was declared but never referenced
"../main.c", line 551: warning #225-D: function "setTextSize" declared implicitly
"../main.c", line 552: warning #225-D: function "setTextColor" declared implicitly
"../main.c", line 553: warning #225-D: function "setCursor" declared implicitly
"../main.c", line 562: warning #225-D: function "drawChar" declared implicitly
"../main.c", line 191: warning #179-D: variable "switch2" was declared but never referenced
"../main.c", line 192: warning #179-D: variable "switch3" was declared but never referenced
Finished building: "../main.c"
 
Building target: "spi_demo.out"
Invoking: Arm Linker
"C:/ti/ccs1250/ccs/tools/compiler/ti-cgt-arm_20.2.7.LTS/bin/armcl" -mv7M4 --code_state=16 --float_support=none -me -Ooff --define=ccs --define=cc3200 -g --diag_warning=225 --diag_wrap=off --display_error_number --abi=eabi -z -m"spi_demo.map" --heap_size=0x800 --stack_size=0x800 -i"C:/ti/ccs1250/ccs/tools/compiler/ti-cgt-arm_20.2.7.LTS/lib" -i"C:/ti/ccs1250/ccs/tools/compiler/ti-cgt-arm_20.2.7.LTS/include" --reread_libs --diag_wrap=off --display_error_number --warn_sections --xml_link_info="spi_demo_linkInfo.xml" --rom_model -o "spi_demo.out" "./Adafruit_GFX.obj" "./Adafruit_SSD1351.obj" "./main.obj" "./oled_test.obj" "./pin_mux_config.obj" "./startup_ccs.obj" "./typing.obj" "./uart_if.obj" "../cc3200v1p32.cmd"  -l"C:/ti/CC3200SDK_1.5.0/cc3200-sdk/driverlib/ccs/Release/driverlib.a" -llibc.a 
<Linking>
Finished building target: "spi_demo.out"
 
C:/ti/ccs1250/ccs/utils/tiobj2bin/tiobj2bin spi_demo.out spi_demo.bin C:/ti/ccs1250/ccs/tools/compiler/ti-cgt-arm_20.2.7.LTS/bin/armofd C:/ti/ccs1250/ccs/tools/compiler/ti-cgt-arm_20.2.7.LTS/bin/armhex C:/ti/ccs1250/ccs/utils/tiobj2bin/mkhex4bin
 

**** Build Finished ****

**** Build of configuration Debug for project spi_demo ****

"C:\\ti\\ccs1250\\ccs\\utils\\bin\\gmake" -k -j 12 all -O 
 
Building file: "../main.c"
Invoking: Arm Compiler
"C:/ti/ccs1250/ccs/tools/compiler/ti-cgt-arm_20.2.7.LTS/bin/armcl" -mv7M4 --code_state=16 --float_support=none -me -Ooff --include_path="C:/Users/Josh/Desktop/EEC 172/labs/lab3_part1/spi_demo" --include_path="C:/ti/CC3200SDK_1.5.0/cc3200-sdk/" --include_path="C:/ti/CC3200SDK_1.5.0/cc3200-sdk/driverlib/" --include_path="C:/ti/CC3200SDK_1.5.0/cc3200-sdk/inc/" --include_path="C:/ti/CC3200SDK_1.5.0/cc3200-sdk/example/common/" --include_path="C:/ti/ccs1250/ccs/tools/compiler/ti-cgt-arm_20.2.7.LTS/include" --define=ccs --define=cc3200 -g --diag_warning=225 --diag_wrap=off --display_error_number --abi=eabi --preproc_with_compile --preproc_dependency="main.d_raw"  "../main.c"
"../main.c", line 371: warning #225-D: function "setTextSize" declared implicitly
"../main.c", line 372: warning #225-D: function "setTextColor" declared implicitly
"../main.c", line 373: warning #225-D: function "setCursor" declared implicitly
"../main.c", line 409: warning #225-D: function "drawChar" declared implicitly
"../main.c", line 378: warning #179-D: variable "newChar" was declared but never referenced
"../main.c", line 545: warning #225-D: function "drawChar" declared implicitly
"../main.c", line 553: warning #225-D: function "setTextSize" declared implicitly
"../main.c", line 554: warning #225-D: function "setTextColor" declared implicitly
"../main.c", line 555: warning #225-D: function "setCursor" declared implicitly
"../main.c", line 191: warning #179-D: variable "switch2" was declared but never referenced
"../main.c", line 192: warning #179-D: variable "switch3" was declared but never referenced
Finished building: "../main.c"
 
Building target: "spi_demo.out"
Invoking: Arm Linker
"C:/ti/ccs1250/ccs/tools/compiler/ti-cgt-arm_20.2.7.LTS/bin/armcl" -mv7M4 --code_state=16 --float_support=none -me -Ooff --define=ccs --define=cc3200 -g --diag_warning=225 --diag_wrap=off --display_error_number --abi=eabi -z -m"spi_demo.map" --heap_size=0x800 --stack_size=0x800 -i"C:/ti/ccs1250/ccs/tools/compiler/ti-cgt-arm_20.2.7.LTS/lib" -i"C:/ti/ccs1250/ccs/tools/compiler/ti-cgt-arm_20.2.7.LTS/include" --reread_libs --diag_wrap=off --display_error_number --warn_sections --xml_link_info="spi_demo_linkInfo.xml" --rom_model -o "spi_demo.out" "./Adafruit_GFX.obj" "./Adafruit_SSD1351.obj" "./main.obj" "./oled_test.obj" "./pin_mux_config.obj" "./startup_ccs.obj" "./typing.obj" "./uart_if.obj" "../cc3200v1p32.cmd"  -l"C:/ti/CC3200SDK_1.5.0/cc3200-sdk/driverlib/ccs/Release/driverlib.a" -llibc.a 
<Linking>
Finished building target: "spi_demo.out"
 
C:/ti/ccs1250/ccs/utils/tiobj2bin/tiobj2bin spi_demo.out spi_demo.bin C:/ti/ccs1250/ccs/tools/compiler/ti-cgt-arm_20.2.7.LTS/bin/armofd C:/ti/ccs1250/ccs/tools/compiler/ti-cgt-arm_20.2.7.LTS/bin/armhex C:/ti/ccs1250/ccs/utils/tiobj2bin/mkhex4bin
 

**** Build Finished ****

**** Build of configuration Debug for project spi_demo ****

"C:\\ti\\ccs1250\\ccs\\utils\\bin\\gmake" -k -j 12 all -O 
 
Building file: "../main.c"
Invoking: Arm Compiler
"C:/ti/ccs1250/ccs/tools/compiler/ti-cgt-arm_20.2.7.LTS/bin/armcl" -mv7M4 --code_state=16 --float_support=none -me -Ooff --include_path="C:/Users/Josh/Desktop/EEC 172/labs/lab3_part1/spi_demo" --include_path="C:/ti/CC3200SDK_1.5.0/cc3200-sdk/" --include_path="C:/ti/CC3200SDK_1.5.0/cc3200-sdk/driverlib/" --include_path="C:/ti/CC3200SDK_1.5.0/cc3200-sdk/inc/" --include_path="C:/ti/CC3200SDK_1.5.0/cc3200-sdk/example/common/" --include_path="C:/ti/ccs1250/ccs/tools/compiler/ti-cgt-arm_20.2.7.LTS/include" --define=ccs --define=cc3200 -g --diag_warning=225 --diag_wrap=off --display_error_number --abi=eabi --preproc_with_compile --preproc_dependency="main.d_raw"  "../main.c"
"../main.c", line 371: warning #225-D: function "setTextSize" declared implicitly
"../main.c", line 372: warning #225-D: function "setTextColor" declared implicitly
"../main.c", line 373: warning #225-D: function "setCursor" declared implicitly
"../main.c", line 409: warning #225-D: function "drawChar" declared implicitly
"../main.c", line 378: warning #179-D: variable "newChar" was declared but never referenced
"../main.c", line 553: warning #225-D: function "setTextSize" declared implicitly
"../main.c", line 554: warning #225-D: function "setTextColor" declared implicitly
"../main.c", line 555: warning #225-D: function "setCursor" declared implicitly
"../main.c", line 556: warning #225-D: function "drawChar" declared implicitly
"../main.c", line 191: warning #179-D: variable "switch2" was declared but never referenced
"../main.c", line 192: warning #179-D: variable "switch3" was declared but never referenced
Finished building: "../main.c"
 
Building target: "spi_demo.out"
Invoking: Arm Linker
"C:/ti/ccs1250/ccs/tools/compiler/ti-cgt-arm_20.2.7.LTS/bin/armcl" -mv7M4 --code_state=16 --float_support=none -me -Ooff --define=ccs --define=cc3200 -g --diag_warning=225 --diag_wrap=off --display_error_number --abi=eabi -z -m"spi_demo.map" --heap_size=0x800 --stack_size=0x800 -i"C:/ti/ccs1250/ccs/tools/compiler/ti-cgt-arm_20.2.7.LTS/lib" -i"C:/ti/ccs1250/ccs/tools/compiler/ti-cgt-arm_20.2.7.LTS/include" --reread_libs --diag_wrap=off --display_error_number --warn_sections --xml_link_info="spi_demo_linkInfo.xml" --rom_model -o "spi_demo.out" "./Adafruit_GFX.obj" "./Adafruit_SSD1351.obj" "./main.obj" "./oled_test.obj" "./pin_mux_config.obj" "./startup_ccs.obj" "./typing.obj" "./uart_if.obj" "../cc3200v1p32.cmd"  -l"C:/ti/CC3200SDK_1.5.0/cc3200-sdk/driverlib/ccs/Release/driverlib.a" -llibc.a 
<Linking>
Finished building target: "spi_demo.out"
 
C:/ti/ccs1250/ccs/utils/tiobj2bin/tiobj2bin spi_demo.out spi_demo.bin C:/ti/ccs1250/ccs/tools/compiler/ti-cgt-arm_20.2.7.LTS/bin/armofd C:/ti/ccs1250/ccs/tools/compiler/ti-cgt-arm_20.2.7.LTS/bin/armhex C:/ti/ccs1250/ccs/utils/tiobj2bin/mkhex4bin
 

**** Build Finished ****

**** Build of configuration Debug for project spi_demo ****

"C:\\ti\\ccs1250\\ccs\\utils\\bin\\gmake" -k -j 12 all -O 
 
gmake[1]: 'spi_demo.out' is up to date.

**** Build Finished ****

**** Build of configuration Debug for project spi_demo ****

"C:\\ti\\ccs1250\\ccs\\utils\\bin\\gmake" -k -j 12 all -O 
 
Building file: "../main.c"
Invoking: Arm Compiler
"C:/ti/ccs1250/ccs/tools/compiler/ti-cgt-arm_20.2.7.LTS/bin/armcl" -mv7M4 --code_state=16 --float_support=none -me -Ooff --include_path="C:/Users/Josh/Desktop/EEC 172/labs/lab3_part1/spi_demo" --include_path="C:/ti/CC3200SDK_1.5.0/cc3200-sdk/" --include_path="C:/ti/CC3200SDK_1.5.0/cc3200-sdk/driverlib/" --include_path="C:/ti/CC3200SDK_1.5.0/cc3200-sdk/inc/" --include_path="C:/ti/CC3200SDK_1.5.0/cc3200-sdk/example/common/" --include_path="C:/ti/ccs1250/ccs/tools/compiler/ti-cgt-arm_20.2.7.LTS/include" --define=ccs --define=cc3200 -g --diag_warning=225 --diag_wrap=off --display_error_number --abi=eabi --preproc_with_compile --preproc_dependency="main.d_raw"  "../main.c"
"../main.c", line 371: warning #225-D: function "setTextSize" declared implicitly
"../main.c", line 372: warning #225-D: function "setTextColor" declared implicitly
"../main.c", line 373: warning #225-D: function "setCursor" declared implicitly
"../main.c", line 409: warning #225-D: function "drawChar" declared implicitly
"../main.c", line 378: warning #179-D: variable "newChar" was declared but never referenced
"../main.c", line 553: warning #225-D: function "setTextSize" declared implicitly
"../main.c", line 554: warning #225-D: function "setTextColor" declared implicitly
"../main.c", line 555: warning #225-D: function "setCursor" declared implicitly
"../main.c", line 556: warning #225-D: function "drawChar" declared implicitly
"../main.c", line 191: warning #179-D: variable "switch2" was declared but never referenced
"../main.c", line 192: warning #179-D: variable "switch3" was declared but never referenced
Finished building: "../main.c"
 
Building target: "spi_demo.out"
Invoking: Arm Linker
"C:/ti/ccs1250/ccs/tools/compiler/ti-cgt-arm_20.2.7.LTS/bin/armcl" -mv7M4 --code_state=16 --float_support=none -me -Ooff --define=ccs --define=cc3200 -g --diag_warning=225 --diag_wrap=off --display_error_number --abi=eabi -z -m"spi_demo.map" --heap_size=0x800 --stack_size=0x800 -i"C:/ti/ccs1250/ccs/tools/compiler/ti-cgt-arm_20.2.7.LTS/lib" -i"C:/ti/ccs1250/ccs/tools/compiler/ti-cgt-arm_20.2.7.LTS/include" --reread_libs --diag_wrap=off --display_error_number --warn_sections --xml_link_info="spi_demo_linkInfo.xml" --rom_model -o "spi_demo.out" "./Adafruit_GFX.obj" "./Adafruit_SSD1351.obj" "./main.obj" "./oled_test.obj" "./pin_mux_config.obj" "./startup_ccs.obj" "./typing.obj" "./uart_if.obj" "../cc3200v1p32.cmd"  -l"C:/ti/CC3200SDK_1.5.0/cc3200-sdk/driverlib/ccs/Release/driverlib.a" -llibc.a 
<Linking>
Finished building target: "spi_demo.out"
 
C:/ti/ccs1250/ccs/utils/tiobj2bin/tiobj2bin spi_demo.out spi_demo.bin C:/ti/ccs1250/ccs/tools/compiler/ti-cgt-arm_20.2.7.LTS/bin/armofd C:/ti/ccs1250/ccs/tools/compiler/ti-cgt-arm_20.2.7.LTS/bin/armhex C:/ti/ccs1250/ccs/utils/tiobj2bin/mkhex4bin
 

**** Build Finished ****

**** Build of configuration Debug for project spi_demo ****

"C:\\ti\\ccs1250\\ccs\\utils\\bin\\gmake" -k -j 12 all -O 
 
Building file: "../main.c"
Invoking: Arm Compiler
"C:/ti/ccs1250/ccs/tools/compiler/ti-cgt-arm_20.2.7.LTS/bin/armcl" -mv7M4 --code_state=16 --float_support=none -me -Ooff --include_path="C:/Users/Josh/Desktop/EEC 172/labs/lab3_part1/spi_demo" --include_path="C:/ti/CC3200SDK_1.5.0/cc3200-sdk/" --include_path="C:/ti/CC3200SDK_1.5.0/cc3200-sdk/driverlib/" --include_path="C:/ti/CC3200SDK_1.5.0/cc3200-sdk/inc/" --include_path="C:/ti/CC3200SDK_1.5.0/cc3200-sdk/example/common/" --include_path="C:/ti/ccs1250/ccs/tools/compiler/ti-cgt-arm_20.2.7.LTS/include" --define=ccs --define=cc3200 -g --diag_warning=225 --diag_wrap=off --display_error_number --abi=eabi --preproc_with_compile --preproc_dependency="main.d_raw"  "../main.c"
"../main.c", line 371: warning #225-D: function "setTextSize" declared implicitly
"../main.c", line 372: warning #225-D: function "setTextColor" declared implicitly
"../main.c", line 373: warning #225-D: function "setCursor" declared implicitly
"../main.c", line 409: warning #225-D: function "drawChar" declared implicitly
"../main.c", line 378: warning #179-D: variable "newChar" was declared but never referenced
"../main.c", line 566: warning #225-D: function "setTextSize" declared implicitly
"../main.c", line 567: warning #225-D: function "setTextColor" declared implicitly
"../main.c", line 568: warning #225-D: function "setCursor" declared implicitly
"../main.c", line 569: warning #225-D: function "drawChar" declared implicitly
"../main.c", line 191: warning #179-D: variable "switch2" was declared but never referenced
"../main.c", line 192: warning #179-D: variable "switch3" was declared but never referenced
Finished building: "../main.c"
 
Building target: "spi_demo.out"
Invoking: Arm Linker
"C:/ti/ccs1250/ccs/tools/compiler/ti-cgt-arm_20.2.7.LTS/bin/armcl" -mv7M4 --code_state=16 --float_support=none -me -Ooff --define=ccs --define=cc3200 -g --diag_warning=225 --diag_wrap=off --display_error_number --abi=eabi -z -m"spi_demo.map" --heap_size=0x800 --stack_size=0x800 -i"C:/ti/ccs1250/ccs/tools/compiler/ti-cgt-arm_20.2.7.LTS/lib" -i"C:/ti/ccs1250/ccs/tools/compiler/ti-cgt-arm_20.2.7.LTS/include" --reread_libs --diag_wrap=off --display_error_number --warn_sections --xml_link_info="spi_demo_linkInfo.xml" --rom_model -o "spi_demo.out" "./Adafruit_GFX.obj" "./Adafruit_SSD1351.obj" "./main.obj" "./oled_test.obj" "./pin_mux_config.obj" "./startup_ccs.obj" "./typing.obj" "./uart_if.obj" "../cc3200v1p32.cmd"  -l"C:/ti/CC3200SDK_1.5.0/cc3200-sdk/driverlib/ccs/Release/driverlib.a" -llibc.a 
<Linking>
Finished building target: "spi_demo.out"
 
C:/ti/ccs1250/ccs/utils/tiobj2bin/tiobj2bin spi_demo.out spi_demo.bin C:/ti/ccs1250/ccs/tools/compiler/ti-cgt-arm_20.2.7.LTS/bin/armofd C:/ti/ccs1250/ccs/tools/compiler/ti-cgt-arm_20.2.7.LTS/bin/armhex C:/ti/ccs1250/ccs/utils/tiobj2bin/mkhex4bin
 

**** Build Finished ****

**** Build of configuration Debug for project spi_demo ****

"C:\\ti\\ccs1250\\ccs\\utils\\bin\\gmake" -k -j 12 all -O 
 
Building file: "../main.c"
Invoking: Arm Compiler
"C:/ti/ccs1250/ccs/tools/compiler/ti-cgt-arm_20.2.7.LTS/bin/armcl" -mv7M4 --code_state=16 --float_support=none -me -Ooff --include_path="C:/Users/Josh/Desktop/EEC 172/labs/lab3_part1/spi_demo" --include_path="C:/ti/CC3200SDK_1.5.0/cc3200-sdk/" --include_path="C:/ti/CC3200SDK_1.5.0/cc3200-sdk/driverlib/" --include_path="C:/ti/CC3200SDK_1.5.0/cc3200-sdk/inc/" --include_path="C:/ti/CC3200SDK_1.5.0/cc3200-sdk/example/common/" --include_path="C:/ti/ccs1250/ccs/tools/compiler/ti-cgt-arm_20.2.7.LTS/include" --define=ccs --define=cc3200 -g --diag_warning=225 --diag_wrap=off --display_error_number --abi=eabi --preproc_with_compile --preproc_dependency="main.d_raw"  "../main.c"
"../main.c", line 371: warning #225-D: function "setTextSize" declared implicitly
"../main.c", line 372: warning #225-D: function "setTextColor" declared implicitly
"../main.c", line 373: warning #225-D: function "setCursor" declared implicitly
"../main.c", line 409: warning #225-D: function "drawChar" declared implicitly
"../main.c", line 378: warning #179-D: variable "newChar" was declared but never referenced
"../main.c", line 563: warning #225-D: function "setTextSize" declared implicitly
"../main.c", line 564: warning #225-D: function "setTextColor" declared implicitly
"../main.c", line 565: warning #225-D: function "setCursor" declared implicitly
"../main.c", line 566: warning #225-D: function "drawChar" declared implicitly
"../main.c", line 191: warning #179-D: variable "switch2" was declared but never referenced
"../main.c", line 192: warning #179-D: variable "switch3" was declared but never referenced
Finished building: "../main.c"
 
Building target: "spi_demo.out"
Invoking: Arm Linker
"C:/ti/ccs1250/ccs/tools/compiler/ti-cgt-arm_20.2.7.LTS/bin/armcl" -mv7M4 --code_state=16 --float_support=none -me -Ooff --define=ccs --define=cc3200 -g --diag_warning=225 --diag_wrap=off --display_error_number --abi=eabi -z -m"spi_demo.map" --heap_size=0x800 --stack_size=0x800 -i"C:/ti/ccs1250/ccs/tools/compiler/ti-cgt-arm_20.2.7.LTS/lib" -i"C:/ti/ccs1250/ccs/tools/compiler/ti-cgt-arm_20.2.7.LTS/include" --reread_libs --diag_wrap=off --display_error_number --warn_sections --xml_link_info="spi_demo_linkInfo.xml" --rom_model -o "spi_demo.out" "./Adafruit_GFX.obj" "./Adafruit_SSD1351.obj" "./main.obj" "./oled_test.obj" "./pin_mux_config.obj" "./startup_ccs.obj" "./typing.obj" "./uart_if.obj" "../cc3200v1p32.cmd"  -l"C:/ti/CC3200SDK_1.5.0/cc3200-sdk/driverlib/ccs/Release/driverlib.a" -llibc.a 
<Linking>
Finished building target: "spi_demo.out"
 
C:/ti/ccs1250/ccs/utils/tiobj2bin/tiobj2bin spi_demo.out spi_demo.bin C:/ti/ccs1250/ccs/tools/compiler/ti-cgt-arm_20.2.7.LTS/bin/armofd C:/ti/ccs1250/ccs/tools/compiler/ti-cgt-arm_20.2.7.LTS/bin/armhex C:/ti/ccs1250/ccs/utils/tiobj2bin/mkhex4bin
 

**** Build Finished ****

**** Build of configuration Debug for project spi_demo ****

"C:\\ti\\ccs1250\\ccs\\utils\\bin\\gmake" -k -j 12 all -O 
 
gmake[1]: 'spi_demo.out' is up to date.

**** Build Finished ****

**** Build of configuration Debug for project spi_demo ****

"C:\\ti\\ccs1250\\ccs\\utils\\bin\\gmake" -k -j 12 all -O 
 
gmake[1]: 'spi_demo.out' is up to date.

**** Build Finished ****

**** Build of configuration Debug for project spi_demo ****

"C:\\ti\\ccs1250\\ccs\\utils\\bin\\gmake" -k -j 12 all -O 
 
gmake[1]: 'spi_demo.out' is up to date.

**** Build Finished ****

**** Build of configuration Debug for project spi_demo ****

"C:\\ti\\ccs1250\\ccs\\utils\\bin\\gmake" -k -j 12 all -O 
 
gmake[1]: 'spi_demo.out' is up to date.

**** Build Finished ****

**** Build of configuration Debug for project spi_demo ****

"C:\\ti\\ccs1250\\ccs\\utils\\bin\\gmake" -k -j 12 all -O 
 
gmake[1]: 'spi_demo.out' is up to date.

**** Build Finished ****

**** Build of configuration Debug for project spi_demo ****

"C:\\ti\\ccs1250\\ccs\\utils\\bin\\gmake" -k -j 12 all -O 
 
gmake[1]: 'spi_demo.out' is up to date.

**** Build Finished ****

**** Build of configuration Debug for project spi_demo ****

"C:\\ti\\ccs1250\\ccs\\utils\\bin\\gmake" -k -j 12 all -O 
 
gmake[1]: 'spi_demo.out' is up to date.

**** Build Finished ****

**** Build of configuration Debug for project spi_demo ****

"C:\\ti\\ccs1250\\ccs\\utils\\bin\\gmake" -k -j 12 all -O 
 
gmake[1]: 'spi_demo.out' is up to date.

**** Build Finished ****

**** Build of configuration Debug for project spi_demo ****

"C:\\ti\\ccs1250\\ccs\\utils\\bin\\gmake" -k -j 12 all -O 
 
Building file: "../main.c"
Invoking: Arm Compiler
"C:/ti/ccs1250/ccs/tools/compiler/ti-cgt-arm_20.2.7.LTS/bin/armcl" -mv7M4 --code_state=16 --float_support=none -me -Ooff --include_path="C:/Users/Josh/Desktop/EEC 172/labs/lab3_part1/spi_demo" --include_path="C:/ti/CC3200SDK_1.5.0/cc3200-sdk/" --include_path="C:/ti/CC3200SDK_1.5.0/cc3200-sdk/driverlib/" --include_path="C:/ti/CC3200SDK_1.5.0/cc3200-sdk/inc/" --include_path="C:/ti/CC3200SDK_1.5.0/cc3200-sdk/example/common/" --include_path="C:/ti/ccs1250/ccs/tools/compiler/ti-cgt-arm_20.2.7.LTS/include" --define=ccs --define=cc3200 -g --diag_warning=225 --diag_wrap=off --display_error_number --abi=eabi --preproc_with_compile --preproc_dependency="main.d_raw"  "../main.c"
"../main.c", line 371: warning #225-D: function "setTextSize" declared implicitly
"../main.c", line 372: warning #225-D: function "setTextColor" declared implicitly
"../main.c", line 373: warning #225-D: function "setCursor" declared implicitly
"../main.c", line 409: warning #225-D: function "drawChar" declared implicitly
"../main.c", line 378: warning #179-D: variable "newChar" was declared but never referenced
"../main.c", line 568: warning #225-D: function "setTextSize" declared implicitly
"../main.c", line 569: warning #225-D: function "setTextColor" declared implicitly
"../main.c", line 570: warning #225-D: function "setCursor" declared implicitly
"../main.c", line 571: warning #225-D: function "drawChar" declared implicitly
"../main.c", line 191: warning #179-D: variable "switch2" was declared but never referenced
"../main.c", line 192: warning #179-D: variable "switch3" was declared but never referenced
Finished building: "../main.c"
 
Building target: "spi_demo.out"
Invoking: Arm Linker
"C:/ti/ccs1250/ccs/tools/compiler/ti-cgt-arm_20.2.7.LTS/bin/armcl" -mv7M4 --code_state=16 --float_support=none -me -Ooff --define=ccs --define=cc3200 -g --diag_warning=225 --diag_wrap=off --display_error_number --abi=eabi -z -m"spi_demo.map" --heap_size=0x800 --stack_size=0x800 -i"C:/ti/ccs1250/ccs/tools/compiler/ti-cgt-arm_20.2.7.LTS/lib" -i"C:/ti/ccs1250/ccs/tools/compiler/ti-cgt-arm_20.2.7.LTS/include" --reread_libs --diag_wrap=off --display_error_number --warn_sections --xml_link_info="spi_demo_linkInfo.xml" --rom_model -o "spi_demo.out" "./Adafruit_GFX.obj" "./Adafruit_SSD1351.obj" "./main.obj" "./oled_test.obj" "./pin_mux_config.obj" "./startup_ccs.obj" "./typing.obj" "./uart_if.obj" "../cc3200v1p32.cmd"  -l"C:/ti/CC3200SDK_1.5.0/cc3200-sdk/driverlib/ccs/Release/driverlib.a" -llibc.a 
<Linking>
Finished building target: "spi_demo.out"
 
C:/ti/ccs1250/ccs/utils/tiobj2bin/tiobj2bin spi_demo.out spi_demo.bin C:/ti/ccs1250/ccs/tools/compiler/ti-cgt-arm_20.2.7.LTS/bin/armofd C:/ti/ccs1250/ccs/tools/compiler/ti-cgt-arm_20.2.7.LTS/bin/armhex C:/ti/ccs1250/ccs/utils/tiobj2bin/mkhex4bin
 

**** Build Finished ****

**** Build of configuration Debug for project spi_demo ****

"C:\\ti\\ccs1250\\ccs\\utils\\bin\\gmake" -k -j 12 all -O 
 
gmake[1]: 'spi_demo.out' is up to date.

**** Build Finished ****

**** Build of configuration Debug for project spi_demo ****

"C:\\ti\\ccs1250\\ccs\\utils\\bin\\gmake" -k -j 12 all -O 
 
gmake[1]: 'spi_demo.out' is up to date.

**** Build Finished ****

**** Build of configuration Debug for project spi_demo ****

"C:\\ti\\ccs1250\\ccs\\utils\\bin\\gmake" -k -j 12 all -O 
 
Building file: "../main.c"
Invoking: Arm Compiler
"C:/ti/ccs1250/ccs/tools/compiler/ti-cgt-arm_20.2.7.LTS/bin/armcl" -mv7M4 --code_state=16 --float_support=none -me -Ooff --include_path="C:/Users/Josh/Desktop/EEC 172/labs/lab3_part1/spi_demo" --include_path="C:/ti/CC3200SDK_1.5.0/cc3200-sdk/" --include_path="C:/ti/CC3200SDK_1.5.0/cc3200-sdk/driverlib/" --include_path="C:/ti/CC3200SDK_1.5.0/cc3200-sdk/inc/" --include_path="C:/ti/CC3200SDK_1.5.0/cc3200-sdk/example/common/" --include_path="C:/ti/ccs1250/ccs/tools/compiler/ti-cgt-arm_20.2.7.LTS/include" --define=ccs --define=cc3200 -g --diag_warning=225 --diag_wrap=off --display_error_number --abi=eabi --preproc_with_compile --preproc_dependency="main.d_raw"  "../main.c"
"../main.c", line 373: warning #225-D: function "setTextSize" declared implicitly
"../main.c", line 374: warning #225-D: function "setTextColor" declared implicitly
"../main.c", line 375: warning #225-D: function "setCursor" declared implicitly
"../main.c", line 411: warning #225-D: function "drawChar" declared implicitly
"../main.c", line 380: warning #179-D: variable "newChar" was declared but never referenced
"../main.c", line 567: warning #225-D: function "setTextSize" declared implicitly
"../main.c", line 568: warning #225-D: function "setTextColor" declared implicitly
"../main.c", line 569: warning #225-D: function "setCursor" declared implicitly
"../main.c", line 570: warning #225-D: function "drawChar" declared implicitly
"../main.c", line 193: warning #179-D: variable "switch2" was declared but never referenced
"../main.c", line 194: warning #179-D: variable "switch3" was declared but never referenced
Finished building: "../main.c"
 
Building target: "spi_demo.out"
Invoking: Arm Linker
"C:/ti/ccs1250/ccs/tools/compiler/ti-cgt-arm_20.2.7.LTS/bin/armcl" -mv7M4 --code_state=16 --float_support=none -me -Ooff --define=ccs --define=cc3200 -g --diag_warning=225 --diag_wrap=off --display_error_number --abi=eabi -z -m"spi_demo.map" --heap_size=0x800 --stack_size=0x800 -i"C:/ti/ccs1250/ccs/tools/compiler/ti-cgt-arm_20.2.7.LTS/lib" -i"C:/ti/ccs1250/ccs/tools/compiler/ti-cgt-arm_20.2.7.LTS/include" --reread_libs --diag_wrap=off --display_error_number --warn_sections --xml_link_info="spi_demo_linkInfo.xml" --rom_model -o "spi_demo.out" "./Adafruit_GFX.obj" "./Adafruit_SSD1351.obj" "./main.obj" "./oled_test.obj" "./pin_mux_config.obj" "./startup_ccs.obj" "./typing.obj" "./uart_if.obj" "../cc3200v1p32.cmd"  -l"C:/ti/CC3200SDK_1.5.0/cc3200-sdk/driverlib/ccs/Release/driverlib.a" -llibc.a 
<Linking>
Finished building target: "spi_demo.out"
 
C:/ti/ccs1250/ccs/utils/tiobj2bin/tiobj2bin spi_demo.out spi_demo.bin C:/ti/ccs1250/ccs/tools/compiler/ti-cgt-arm_20.2.7.LTS/bin/armofd C:/ti/ccs1250/ccs/tools/compiler/ti-cgt-arm_20.2.7.LTS/bin/armhex C:/ti/ccs1250/ccs/utils/tiobj2bin/mkhex4bin
 

**** Build Finished ****

**** Build of configuration Debug for project spi_demo ****

"C:\\ti\\ccs1250\\ccs\\utils\\bin\\gmake" -k -j 12 all -O 
 
Building file: "../main.c"
Invoking: Arm Compiler
"C:/ti/ccs1250/ccs/tools/compiler/ti-cgt-arm_20.2.7.LTS/bin/armcl" -mv7M4 --code_state=16 --float_support=none -me -Ooff --include_path="C:/Users/Josh/Desktop/EEC 172/labs/lab3_part1/spi_demo" --include_path="C:/ti/CC3200SDK_1.5.0/cc3200-sdk/" --include_path="C:/ti/CC3200SDK_1.5.0/cc3200-sdk/driverlib/" --include_path="C:/ti/CC3200SDK_1.5.0/cc3200-sdk/inc/" --include_path="C:/ti/CC3200SDK_1.5.0/cc3200-sdk/example/common/" --include_path="C:/ti/ccs1250/ccs/tools/compiler/ti-cgt-arm_20.2.7.LTS/include" --define=ccs --define=cc3200 -g --diag_warning=225 --diag_wrap=off --display_error_number --abi=eabi --preproc_with_compile --preproc_dependency="main.d_raw"  "../main.c"
"../main.c", line 373: warning #225-D: function "setTextSize" declared implicitly
"../main.c", line 374: warning #225-D: function "setTextColor" declared implicitly
"../main.c", line 375: warning #225-D: function "setCursor" declared implicitly
"../main.c", line 411: warning #225-D: function "drawChar" declared implicitly
"../main.c", line 380: warning #179-D: variable "newChar" was declared but never referenced
"../main.c", line 567: warning #225-D: function "setTextSize" declared implicitly
"../main.c", line 568: warning #225-D: function "setTextColor" declared implicitly
"../main.c", line 569: warning #225-D: function "setCursor" declared implicitly
"../main.c", line 570: warning #225-D: function "drawChar" declared implicitly
"../main.c", line 193: warning #179-D: variable "switch2" was declared but never referenced
"../main.c", line 194: warning #179-D: variable "switch3" was declared but never referenced
Finished building: "../main.c"
 
Building target: "spi_demo.out"
Invoking: Arm Linker
"C:/ti/ccs1250/ccs/tools/compiler/ti-cgt-arm_20.2.7.LTS/bin/armcl" -mv7M4 --code_state=16 --float_support=none -me -Ooff --define=ccs --define=cc3200 -g --diag_warning=225 --diag_wrap=off --display_error_number --abi=eabi -z -m"spi_demo.map" --heap_size=0x800 --stack_size=0x800 -i"C:/ti/ccs1250/ccs/tools/compiler/ti-cgt-arm_20.2.7.LTS/lib" -i"C:/ti/ccs1250/ccs/tools/compiler/ti-cgt-arm_20.2.7.LTS/include" --reread_libs --diag_wrap=off --display_error_number --warn_sections --xml_link_info="spi_demo_linkInfo.xml" --rom_model -o "spi_demo.out" "./Adafruit_GFX.obj" "./Adafruit_SSD1351.obj" "./main.obj" "./oled_test.obj" "./pin_mux_config.obj" "./startup_ccs.obj" "./typing.obj" "./uart_if.obj" "../cc3200v1p32.cmd"  -l"C:/ti/CC3200SDK_1.5.0/cc3200-sdk/driverlib/ccs/Release/driverlib.a" -llibc.a 
<Linking>
Finished building target: "spi_demo.out"
 
C:/ti/ccs1250/ccs/utils/tiobj2bin/tiobj2bin spi_demo.out spi_demo.bin C:/ti/ccs1250/ccs/tools/compiler/ti-cgt-arm_20.2.7.LTS/bin/armofd C:/ti/ccs1250/ccs/tools/compiler/ti-cgt-arm_20.2.7.LTS/bin/armhex C:/ti/ccs1250/ccs/utils/tiobj2bin/mkhex4bin
 

**** Build Finished ****

**** Build of configuration Debug for project spi_demo ****

"C:\\ti\\ccs1250\\ccs\\utils\\bin\\gmake" -k -j 12 all -O 
 
Building file: "../main.c"
Invoking: Arm Compiler
"C:/ti/ccs1250/ccs/tools/compiler/ti-cgt-arm_20.2.7.LTS/bin/armcl" -mv7M4 --code_state=16 --float_support=none -me -Ooff --include_path="C:/Users/Josh/Desktop/EEC 172/labs/lab3_part1/spi_demo" --include_path="C:/ti/CC3200SDK_1.5.0/cc3200-sdk/" --include_path="C:/ti/CC3200SDK_1.5.0/cc3200-sdk/driverlib/" --include_path="C:/ti/CC3200SDK_1.5.0/cc3200-sdk/inc/" --include_path="C:/ti/CC3200SDK_1.5.0/cc3200-sdk/example/common/" --include_path="C:/ti/ccs1250/ccs/tools/compiler/ti-cgt-arm_20.2.7.LTS/include" --define=ccs --define=cc3200 -g --diag_warning=225 --diag_wrap=off --display_error_number --abi=eabi --preproc_with_compile --preproc_dependency="main.d_raw"  "../main.c"
"../main.c", line 373: warning #225-D: function "setTextSize" declared implicitly
"../main.c", line 374: warning #225-D: function "setTextColor" declared implicitly
"../main.c", line 375: warning #225-D: function "setCursor" declared implicitly
"../main.c", line 411: warning #225-D: function "drawChar" declared implicitly
"../main.c", line 380: warning #179-D: variable "newChar" was declared but never referenced
"../main.c", line 567: warning #225-D: function "setTextSize" declared implicitly
"../main.c", line 568: warning #225-D: function "setTextColor" declared implicitly
"../main.c", line 569: warning #225-D: function "setCursor" declared implicitly
"../main.c", line 570: warning #225-D: function "drawChar" declared implicitly
"../main.c", line 193: warning #179-D: variable "switch2" was declared but never referenced
"../main.c", line 194: warning #179-D: variable "switch3" was declared but never referenced
Finished building: "../main.c"
 
Building target: "spi_demo.out"
Invoking: Arm Linker
"C:/ti/ccs1250/ccs/tools/compiler/ti-cgt-arm_20.2.7.LTS/bin/armcl" -mv7M4 --code_state=16 --float_support=none -me -Ooff --define=ccs --define=cc3200 -g --diag_warning=225 --diag_wrap=off --display_error_number --abi=eabi -z -m"spi_demo.map" --heap_size=0x800 --stack_size=0x800 -i"C:/ti/ccs1250/ccs/tools/compiler/ti-cgt-arm_20.2.7.LTS/lib" -i"C:/ti/ccs1250/ccs/tools/compiler/ti-cgt-arm_20.2.7.LTS/include" --reread_libs --diag_wrap=off --display_error_number --warn_sections --xml_link_info="spi_demo_linkInfo.xml" --rom_model -o "spi_demo.out" "./Adafruit_GFX.obj" "./Adafruit_SSD1351.obj" "./main.obj" "./oled_test.obj" "./pin_mux_config.obj" "./startup_ccs.obj" "./typing.obj" "./uart_if.obj" "../cc3200v1p32.cmd"  -l"C:/ti/CC3200SDK_1.5.0/cc3200-sdk/driverlib/ccs/Release/driverlib.a" -llibc.a 
<Linking>
Finished building target: "spi_demo.out"
 
C:/ti/ccs1250/ccs/utils/tiobj2bin/tiobj2bin spi_demo.out spi_demo.bin C:/ti/ccs1250/ccs/tools/compiler/ti-cgt-arm_20.2.7.LTS/bin/armofd C:/ti/ccs1250/ccs/tools/compiler/ti-cgt-arm_20.2.7.LTS/bin/armhex C:/ti/ccs1250/ccs/utils/tiobj2bin/mkhex4bin
 

**** Build Finished ****

**** Build of configuration Debug for project spi_demo ****

"C:\\ti\\ccs1250\\ccs\\utils\\bin\\gmake" -k -j 12 all -O 
 
gmake[1]: 'spi_demo.out' is up to date.

**** Build Finished ****

**** Build of configuration Debug for project spi_demo ****

"C:\\ti\\ccs1250\\ccs\\utils\\bin\\gmake" -k -j 12 all -O 
 
gmake[1]: 'spi_demo.out' is up to date.

**** Build Finished ****

**** Build of configuration Debug for project spi_demo ****

"C:\\ti\\ccs1250\\ccs\\utils\\bin\\gmake" -k -j 12 all -O 
 
Building file: "../main.c"
Invoking: Arm Compiler
"C:/ti/ccs1250/ccs/tools/compiler/ti-cgt-arm_20.2.7.LTS/bin/armcl" -mv7M4 --code_state=16 --float_support=none -me -Ooff --include_path="C:/Users/Josh/Desktop/EEC 172/labs/lab3_part1/spi_demo" --include_path="C:/ti/CC3200SDK_1.5.0/cc3200-sdk/" --include_path="C:/ti/CC3200SDK_1.5.0/cc3200-sdk/driverlib/" --include_path="C:/ti/CC3200SDK_1.5.0/cc3200-sdk/inc/" --include_path="C:/ti/CC3200SDK_1.5.0/cc3200-sdk/example/common/" --include_path="C:/ti/ccs1250/ccs/tools/compiler/ti-cgt-arm_20.2.7.LTS/include" --define=ccs --define=cc3200 -g --diag_warning=225 --diag_wrap=off --display_error_number --abi=eabi --preproc_with_compile --preproc_dependency="main.d_raw"  "../main.c"
"../main.c", line 373: warning #225-D: function "setTextSize" declared implicitly
"../main.c", line 374: warning #225-D: function "setTextColor" declared implicitly
"../main.c", line 375: warning #225-D: function "setCursor" declared implicitly
"../main.c", line 411: warning #225-D: function "drawChar" declared implicitly
"../main.c", line 380: warning #179-D: variable "newChar" was declared but never referenced
"../main.c", line 567: warning #225-D: function "setTextSize" declared implicitly
"../main.c", line 568: warning #225-D: function "setTextColor" declared implicitly
"../main.c", line 569: warning #225-D: function "setCursor" declared implicitly
"../main.c", line 570: warning #225-D: function "drawChar" declared implicitly
"../main.c", line 193: warning #179-D: variable "switch2" was declared but never referenced
"../main.c", line 194: warning #179-D: variable "switch3" was declared but never referenced
Finished building: "../main.c"
 
Building target: "spi_demo.out"
Invoking: Arm Linker
"C:/ti/ccs1250/ccs/tools/compiler/ti-cgt-arm_20.2.7.LTS/bin/armcl" -mv7M4 --code_state=16 --float_support=none -me -Ooff --define=ccs --define=cc3200 -g --diag_warning=225 --diag_wrap=off --display_error_number --abi=eabi -z -m"spi_demo.map" --heap_size=0x800 --stack_size=0x800 -i"C:/ti/ccs1250/ccs/tools/compiler/ti-cgt-arm_20.2.7.LTS/lib" -i"C:/ti/ccs1250/ccs/tools/compiler/ti-cgt-arm_20.2.7.LTS/include" --reread_libs --diag_wrap=off --display_error_number --warn_sections --xml_link_info="spi_demo_linkInfo.xml" --rom_model -o "spi_demo.out" "./Adafruit_GFX.obj" "./Adafruit_SSD1351.obj" "./main.obj" "./oled_test.obj" "./pin_mux_config.obj" "./startup_ccs.obj" "./typing.obj" "./uart_if.obj" "../cc3200v1p32.cmd"  -l"C:/ti/CC3200SDK_1.5.0/cc3200-sdk/driverlib/ccs/Release/driverlib.a" -llibc.a 
<Linking>
Finished building target: "spi_demo.out"
 
C:/ti/ccs1250/ccs/utils/tiobj2bin/tiobj2bin spi_demo.out spi_demo.bin C:/ti/ccs1250/ccs/tools/compiler/ti-cgt-arm_20.2.7.LTS/bin/armofd C:/ti/ccs1250/ccs/tools/compiler/ti-cgt-arm_20.2.7.LTS/bin/armhex C:/ti/ccs1250/ccs/utils/tiobj2bin/mkhex4bin
 

**** Build Finished ****

**** Build of configuration Debug for project spi_demo ****

"C:\\ti\\ccs1250\\ccs\\utils\\bin\\gmake" -k -j 12 all -O 
 
gmake[1]: 'spi_demo.out' is up to date.

**** Build Finished ****

**** Build of configuration Debug for project spi_demo ****

"C:\\ti\\ccs1250\\ccs\\utils\\bin\\gmake" -k -j 12 all -O 
 
Building file: "../main.c"
Invoking: Arm Compiler
"C:/ti/ccs1250/ccs/tools/compiler/ti-cgt-arm_20.2.7.LTS/bin/armcl" -mv7M4 --code_state=16 --float_support=none -me -Ooff --include_path="C:/Users/Josh/Desktop/EEC 172/labs/lab3_part1/spi_demo" --include_path="C:/ti/CC3200SDK_1.5.0/cc3200-sdk/" --include_path="C:/ti/CC3200SDK_1.5.0/cc3200-sdk/driverlib/" --include_path="C:/ti/CC3200SDK_1.5.0/cc3200-sdk/inc/" --include_path="C:/ti/CC3200SDK_1.5.0/cc3200-sdk/example/common/" --include_path="C:/ti/ccs1250/ccs/tools/compiler/ti-cgt-arm_20.2.7.LTS/include" --define=ccs --define=cc3200 -g --diag_warning=225 --diag_wrap=off --display_error_number --abi=eabi --preproc_with_compile --preproc_dependency="main.d_raw"  "../main.c"
"../main.c", line 373: warning #225-D: function "setTextSize" declared implicitly
"../main.c", line 374: warning #225-D: function "setTextColor" declared implicitly
"../main.c", line 375: warning #225-D: function "setCursor" declared implicitly
"../main.c", line 411: warning #225-D: function "drawChar" declared implicitly
"../main.c", line 380: warning #179-D: variable "newChar" was declared but never referenced
"../main.c", line 567: warning #225-D: function "setTextSize" declared implicitly
"../main.c", line 568: warning #225-D: function "setTextColor" declared implicitly
"../main.c", line 569: warning #225-D: function "setCursor" declared implicitly
"../main.c", line 582: warning #225-D: function "drawChar" declared implicitly
"../main.c", line 193: warning #179-D: variable "switch2" was declared but never referenced
"../main.c", line 194: warning #179-D: variable "switch3" was declared but never referenced
Finished building: "../main.c"
 
Building target: "spi_demo.out"
Invoking: Arm Linker
"C:/ti/ccs1250/ccs/tools/compiler/ti-cgt-arm_20.2.7.LTS/bin/armcl" -mv7M4 --code_state=16 --float_support=none -me -Ooff --define=ccs --define=cc3200 -g --diag_warning=225 --diag_wrap=off --display_error_number --abi=eabi -z -m"spi_demo.map" --heap_size=0x800 --stack_size=0x800 -i"C:/ti/ccs1250/ccs/tools/compiler/ti-cgt-arm_20.2.7.LTS/lib" -i"C:/ti/ccs1250/ccs/tools/compiler/ti-cgt-arm_20.2.7.LTS/include" --reread_libs --diag_wrap=off --display_error_number --warn_sections --xml_link_info="spi_demo_linkInfo.xml" --rom_model -o "spi_demo.out" "./Adafruit_GFX.obj" "./Adafruit_SSD1351.obj" "./main.obj" "./oled_test.obj" "./pin_mux_config.obj" "./startup_ccs.obj" "./typing.obj" "./uart_if.obj" "../cc3200v1p32.cmd"  -l"C:/ti/CC3200SDK_1.5.0/cc3200-sdk/driverlib/ccs/Release/driverlib.a" -llibc.a 
<Linking>
Finished building target: "spi_demo.out"
 
C:/ti/ccs1250/ccs/utils/tiobj2bin/tiobj2bin spi_demo.out spi_demo.bin C:/ti/ccs1250/ccs/tools/compiler/ti-cgt-arm_20.2.7.LTS/bin/armofd C:/ti/ccs1250/ccs/tools/compiler/ti-cgt-arm_20.2.7.LTS/bin/armhex C:/ti/ccs1250/ccs/utils/tiobj2bin/mkhex4bin
 

**** Build Finished ****

**** Build of configuration Debug for project spi_demo ****

"C:\\ti\\ccs1250\\ccs\\utils\\bin\\gmake" -k -j 12 all -O 
 
Building file: "../pin_mux_config.c"
Invoking: Arm Compiler
"C:/ti/ccs1250/ccs/tools/compiler/ti-cgt-arm_20.2.7.LTS/bin/armcl" -mv7M4 --code_state=16 --float_support=none -me -Ooff --include_path="C:/Users/Josh/Desktop/EEC 172/labs/lab3_part1/spi_demo" --include_path="C:/ti/CC3200SDK_1.5.0/cc3200-sdk/" --include_path="C:/ti/CC3200SDK_1.5.0/cc3200-sdk/driverlib/" --include_path="C:/ti/CC3200SDK_1.5.0/cc3200-sdk/inc/" --include_path="C:/ti/CC3200SDK_1.5.0/cc3200-sdk/example/common/" --include_path="C:/ti/ccs1250/ccs/tools/compiler/ti-cgt-arm_20.2.7.LTS/include" --define=ccs --define=cc3200 -g --diag_warning=225 --diag_wrap=off --display_error_number --abi=eabi --preproc_with_compile --preproc_dependency="pin_mux_config.d_raw"  "../pin_mux_config.c"
Finished building: "../pin_mux_config.c"
 
Building file: "../main.c"
Invoking: Arm Compiler
"C:/ti/ccs1250/ccs/tools/compiler/ti-cgt-arm_20.2.7.LTS/bin/armcl" -mv7M4 --code_state=16 --float_support=none -me -Ooff --include_path="C:/Users/Josh/Desktop/EEC 172/labs/lab3_part1/spi_demo" --include_path="C:/ti/CC3200SDK_1.5.0/cc3200-sdk/" --include_path="C:/ti/CC3200SDK_1.5.0/cc3200-sdk/driverlib/" --include_path="C:/ti/CC3200SDK_1.5.0/cc3200-sdk/inc/" --include_path="C:/ti/CC3200SDK_1.5.0/cc3200-sdk/example/common/" --include_path="C:/ti/ccs1250/ccs/tools/compiler/ti-cgt-arm_20.2.7.LTS/include" --define=ccs --define=cc3200 -g --diag_warning=225 --diag_wrap=off --display_error_number --abi=eabi --preproc_with_compile --preproc_dependency="main.d_raw"  "../main.c"
"../main.c", line 373: warning #225-D: function "setTextSize" declared implicitly
"../main.c", line 374: warning #225-D: function "setTextColor" declared implicitly
"../main.c", line 375: warning #225-D: function "setCursor" declared implicitly
"../main.c", line 411: warning #225-D: function "drawChar" declared implicitly
"../main.c", line 380: warning #179-D: variable "newChar" was declared but never referenced
"../main.c", line 567: warning #225-D: function "setTextSize" declared implicitly
"../main.c", line 568: warning #225-D: function "setTextColor" declared implicitly
"../main.c", line 569: warning #225-D: function "setCursor" declared implicitly
"../main.c", line 582: warning #225-D: function "drawChar" declared implicitly
"../main.c", line 193: warning #179-D: variable "switch2" was declared but never referenced
"../main.c", line 194: warning #179-D: variable "switch3" was declared but never referenced
Finished building: "../main.c"
 
Building target: "spi_demo.out"
Invoking: Arm Linker
"C:/ti/ccs1250/ccs/tools/compiler/ti-cgt-arm_20.2.7.LTS/bin/armcl" -mv7M4 --code_state=16 --float_support=none -me -Ooff --define=ccs --define=cc3200 -g --diag_warning=225 --diag_wrap=off --display_error_number --abi=eabi -z -m"spi_demo.map" --heap_size=0x800 --stack_size=0x800 -i"C:/ti/ccs1250/ccs/tools/compiler/ti-cgt-arm_20.2.7.LTS/lib" -i"C:/ti/ccs1250/ccs/tools/compiler/ti-cgt-arm_20.2.7.LTS/include" --reread_libs --diag_wrap=off --display_error_number --warn_sections --xml_link_info="spi_demo_linkInfo.xml" --rom_model -o "spi_demo.out" "./Adafruit_GFX.obj" "./Adafruit_SSD1351.obj" "./main.obj" "./oled_test.obj" "./pin_mux_config.obj" "./startup_ccs.obj" "./typing.obj" "./uart_if.obj" "../cc3200v1p32.cmd"  -l"C:/ti/CC3200SDK_1.5.0/cc3200-sdk/driverlib/ccs/Release/driverlib.a" -llibc.a 
<Linking>
Finished building target: "spi_demo.out"
 
C:/ti/ccs1250/ccs/utils/tiobj2bin/tiobj2bin spi_demo.out spi_demo.bin C:/ti/ccs1250/ccs/tools/compiler/ti-cgt-arm_20.2.7.LTS/bin/armofd C:/ti/ccs1250/ccs/tools/compiler/ti-cgt-arm_20.2.7.LTS/bin/armhex C:/ti/ccs1250/ccs/utils/tiobj2bin/mkhex4bin
 

**** Build Finished ****

**** Build of configuration Debug for project spi_demo ****

"C:\\ti\\ccs1250\\ccs\\utils\\bin\\gmake" -k -j 12 all -O 
 
Building file: "../main.c"
Invoking: Arm Compiler
"C:/ti/ccs1250/ccs/tools/compiler/ti-cgt-arm_20.2.7.LTS/bin/armcl" -mv7M4 --code_state=16 --float_support=none -me -Ooff --include_path="C:/Users/Josh/Desktop/EEC 172/labs/lab3_part1/spi_demo" --include_path="C:/ti/CC3200SDK_1.5.0/cc3200-sdk/" --include_path="C:/ti/CC3200SDK_1.5.0/cc3200-sdk/driverlib/" --include_path="C:/ti/CC3200SDK_1.5.0/cc3200-sdk/inc/" --include_path="C:/ti/CC3200SDK_1.5.0/cc3200-sdk/example/common/" --include_path="C:/ti/ccs1250/ccs/tools/compiler/ti-cgt-arm_20.2.7.LTS/include" --define=ccs --define=cc3200 -g --diag_warning=225 --diag_wrap=off --display_error_number --abi=eabi --preproc_with_compile --preproc_dependency="main.d_raw"  "../main.c"
"../main.c", line 373: warning #225-D: function "setTextSize" declared implicitly
"../main.c", line 374: warning #225-D: function "setTextColor" declared implicitly
"../main.c", line 375: warning #225-D: function "setCursor" declared implicitly
"../main.c", line 411: warning #225-D: function "drawChar" declared implicitly
"../main.c", line 380: warning #179-D: variable "newChar" was declared but never referenced
"../main.c", line 567: warning #225-D: function "setTextSize" declared implicitly
"../main.c", line 568: warning #225-D: function "setTextColor" declared implicitly
"../main.c", line 569: warning #225-D: function "setCursor" declared implicitly
"../main.c", line 582: warning #225-D: function "drawChar" declared implicitly
"../main.c", line 193: warning #179-D: variable "switch2" was declared but never referenced
"../main.c", line 194: warning #179-D: variable "switch3" was declared but never referenced
Finished building: "../main.c"
 
Building target: "spi_demo.out"
Invoking: Arm Linker
"C:/ti/ccs1250/ccs/tools/compiler/ti-cgt-arm_20.2.7.LTS/bin/armcl" -mv7M4 --code_state=16 --float_support=none -me -Ooff --define=ccs --define=cc3200 -g --diag_warning=225 --diag_wrap=off --display_error_number --abi=eabi -z -m"spi_demo.map" --heap_size=0x800 --stack_size=0x800 -i"C:/ti/ccs1250/ccs/tools/compiler/ti-cgt-arm_20.2.7.LTS/lib" -i"C:/ti/ccs1250/ccs/tools/compiler/ti-cgt-arm_20.2.7.LTS/include" --reread_libs --diag_wrap=off --display_error_number --warn_sections --xml_link_info="spi_demo_linkInfo.xml" --rom_model -o "spi_demo.out" "./Adafruit_GFX.obj" "./Adafruit_SSD1351.obj" "./main.obj" "./oled_test.obj" "./pin_mux_config.obj" "./startup_ccs.obj" "./typing.obj" "./uart_if.obj" "../cc3200v1p32.cmd"  -l"C:/ti/CC3200SDK_1.5.0/cc3200-sdk/driverlib/ccs/Release/driverlib.a" -llibc.a 
<Linking>
Finished building target: "spi_demo.out"
 
C:/ti/ccs1250/ccs/utils/tiobj2bin/tiobj2bin spi_demo.out spi_demo.bin C:/ti/ccs1250/ccs/tools/compiler/ti-cgt-arm_20.2.7.LTS/bin/armofd C:/ti/ccs1250/ccs/tools/compiler/ti-cgt-arm_20.2.7.LTS/bin/armhex C:/ti/ccs1250/ccs/utils/tiobj2bin/mkhex4bin
 

**** Build Finished ****

**** Build of configuration Debug for project spi_demo ****

"C:\\ti\\ccs1250\\ccs\\utils\\bin\\gmake" -k -j 12 all -O 
 
gmake[1]: 'spi_demo.out' is up to date.

**** Build Finished ****

**** Build of configuration Debug for project spi_demo ****

"C:\\ti\\ccs1250\\ccs\\utils\\bin\\gmake" -k -j 12 all -O 
 
gmake[1]: 'spi_demo.out' is up to date.

**** Build Finished ****

**** Build of configuration Debug for project spi_demo ****

"C:\\ti\\ccs1250\\ccs\\utils\\bin\\gmake" -k -j 12 all -O 
 
Building file: "../main.c"
Invoking: Arm Compiler
"C:/ti/ccs1250/ccs/tools/compiler/ti-cgt-arm_20.2.7.LTS/bin/armcl" -mv7M4 --code_state=16 --float_support=none -me -Ooff --include_path="C:/Users/Josh/Desktop/EEC 172/labs/lab3_part1/spi_demo" --include_path="C:/ti/CC3200SDK_1.5.0/cc3200-sdk/" --include_path="C:/ti/CC3200SDK_1.5.0/cc3200-sdk/driverlib/" --include_path="C:/ti/CC3200SDK_1.5.0/cc3200-sdk/inc/" --include_path="C:/ti/CC3200SDK_1.5.0/cc3200-sdk/example/common/" --include_path="C:/ti/ccs1250/ccs/tools/compiler/ti-cgt-arm_20.2.7.LTS/include" --define=ccs --define=cc3200 -g --diag_warning=225 --diag_wrap=off --display_error_number --abi=eabi --preproc_with_compile --preproc_dependency="main.d_raw"  "../main.c"
 
>> Compilation failure
subdir_rules.mk:9: recipe for target 'main.obj' failed
"../main.c", line 298: warning #225-D: function "setTextSize" declared implicitly
"../main.c", line 299: warning #225-D: function "setTextColor" declared implicitly
"../main.c", line 300: warning #225-D: function "setCursor" declared implicitly
"../main.c", line 319: error #20: identifier "current_char_timeout" is undefined
"../main.c", line 336: warning #225-D: function "drawChar" declared implicitly
"../main.c", line 305: warning #179-D: variable "newChar" was declared but never referenced
"../main.c", line 492: warning #225-D: function "setTextSize" declared implicitly
"../main.c", line 493: warning #225-D: function "setTextColor" declared implicitly
"../main.c", line 494: warning #225-D: function "setCursor" declared implicitly
"../main.c", line 507: warning #225-D: function "drawChar" declared implicitly
1 error detected in the compilation of "../main.c".
gmake: *** [main.obj] Error 1
Building file: "../systick_utils.c"
Invoking: Arm Compiler
"C:/ti/ccs1250/ccs/tools/compiler/ti-cgt-arm_20.2.7.LTS/bin/armcl" -mv7M4 --code_state=16 --float_support=none -me -Ooff --include_path="C:/Users/Josh/Desktop/EEC 172/labs/lab3_part1/spi_demo" --include_path="C:/ti/CC3200SDK_1.5.0/cc3200-sdk/" --include_path="C:/ti/CC3200SDK_1.5.0/cc3200-sdk/driverlib/" --include_path="C:/ti/CC3200SDK_1.5.0/cc3200-sdk/inc/" --include_path="C:/ti/CC3200SDK_1.5.0/cc3200-sdk/example/common/" --include_path="C:/ti/ccs1250/ccs/tools/compiler/ti-cgt-arm_20.2.7.LTS/include" --define=ccs --define=cc3200 -g --diag_warning=225 --diag_wrap=off --display_error_number --abi=eabi --preproc_with_compile --preproc_dependency="systick_utils.d_raw"  "../systick_utils.c"
Finished building: "../systick_utils.c"
 
gmake: Target 'all' not remade because of errors.

**** Build Finished ****

**** Build of configuration Debug for project spi_demo ****

"C:\\ti\\ccs1250\\ccs\\utils\\bin\\gmake" -k -j 12 all -O 
 
Building file: "../systick_utils.c"
Invoking: Arm Compiler
"C:/ti/ccs1250/ccs/tools/compiler/ti-cgt-arm_20.2.7.LTS/bin/armcl" -mv7M4 --code_state=16 --float_support=none -me -Ooff --include_path="C:/Users/Josh/Desktop/EEC 172/labs/lab3_part1/spi_demo" --include_path="C:/ti/CC3200SDK_1.5.0/cc3200-sdk/" --include_path="C:/ti/CC3200SDK_1.5.0/cc3200-sdk/driverlib/" --include_path="C:/ti/CC3200SDK_1.5.0/cc3200-sdk/inc/" --include_path="C:/ti/CC3200SDK_1.5.0/cc3200-sdk/example/common/" --include_path="C:/ti/ccs1250/ccs/tools/compiler/ti-cgt-arm_20.2.7.LTS/include" --define=ccs --define=cc3200 -g --diag_warning=225 --diag_wrap=off --display_error_number --abi=eabi --preproc_with_compile --preproc_dependency="systick_utils.d_raw"  "../systick_utils.c"
Finished building: "../systick_utils.c"
 
Building file: "../main.c"
Invoking: Arm Compiler
"C:/ti/ccs1250/ccs/tools/compiler/ti-cgt-arm_20.2.7.LTS/bin/armcl" -mv7M4 --code_state=16 --float_support=none -me -Ooff --include_path="C:/Users/Josh/Desktop/EEC 172/labs/lab3_part1/spi_demo" --include_path="C:/ti/CC3200SDK_1.5.0/cc3200-sdk/" --include_path="C:/ti/CC3200SDK_1.5.0/cc3200-sdk/driverlib/" --include_path="C:/ti/CC3200SDK_1.5.0/cc3200-sdk/inc/" --include_path="C:/ti/CC3200SDK_1.5.0/cc3200-sdk/example/common/" --include_path="C:/ti/ccs1250/ccs/tools/compiler/ti-cgt-arm_20.2.7.LTS/include" --define=ccs --define=cc3200 -g --diag_warning=225 --diag_wrap=off --display_error_number --abi=eabi --preproc_with_compile --preproc_dependency="main.d_raw"  "../main.c"
"../main.c", line 298: warning #225-D: function "setTextSize" declared implicitly
"../main.c", line 299: warning #225-D: function "setTextColor" declared implicitly
"../main.c", line 300: warning #225-D: function "setCursor" declared implicitly
"../main.c", line 336: warning #225-D: function "drawChar" declared implicitly
"../main.c", line 305: warning #179-D: variable "newChar" was declared but never referenced
"../main.c", line 492: warning #225-D: function "setTextSize" declared implicitly
"../main.c", line 493: warning #225-D: function "setTextColor" declared implicitly
"../main.c", line 494: warning #225-D: function "setCursor" declared implicitly
"../main.c", line 507: warning #225-D: function "drawChar" declared implicitly
Finished building: "../main.c"
 
Building target: "spi_demo.out"
Invoking: Arm Linker
"C:/ti/ccs1250/ccs/tools/compiler/ti-cgt-arm_20.2.7.LTS/bin/armcl" -mv7M4 --code_state=16 --float_support=none -me -Ooff --define=ccs --define=cc3200 -g --diag_warning=225 --diag_wrap=off --display_error_number --abi=eabi -z -m"spi_demo.map" --heap_size=0x800 --stack_size=0x800 -i"C:/ti/ccs1250/ccs/tools/compiler/ti-cgt-arm_20.2.7.LTS/lib" -i"C:/ti/ccs1250/ccs/tools/compiler/ti-cgt-arm_20.2.7.LTS/include" --reread_libs --diag_wrap=off --display_error_number --warn_sections --xml_link_info="spi_demo_linkInfo.xml" --rom_model -o "spi_demo.out" "./Adafruit_GFX.obj" "./Adafruit_SSD1351.obj" "./main.obj" "./oled_test.obj" "./pin_mux_config.obj" "./startup_ccs.obj" "./systick_utils.obj" "./typing.obj" "./uart_if.obj" "../cc3200v1p32.cmd"  -l"C:/ti/CC3200SDK_1.5.0/cc3200-sdk/driverlib/ccs/Release/driverlib.a" -llibc.a 
<Linking>
 
 undefined            first referenced
  symbol                  in file     
 ---------            ----------------
 current_char_timeout ./main.obj      
 systick_cnt          ./main.obj      
 
error #10234-D: unresolved symbols remain
error #10010: errors encountered during linking; "spi_demo.out" not built
 
>> Compilation failure
makefile:144: recipe for target 'spi_demo.out' failed
gmake[1]: *** [spi_demo.out] Error 1
makefile:140: recipe for target 'all' failed
gmake: *** [all] Error 2

**** Build Finished ****

**** Build of configuration Debug for project spi_demo ****

"C:\\ti\\ccs1250\\ccs\\utils\\bin\\gmake" -k -j 12 all -O 
 
Building file: "../systick_utils.c"
Invoking: Arm Compiler
"C:/ti/ccs1250/ccs/tools/compiler/ti-cgt-arm_20.2.7.LTS/bin/armcl" -mv7M4 --code_state=16 --float_support=none -me -Ooff --include_path="C:/Users/Josh/Desktop/EEC 172/labs/lab3_part1/spi_demo" --include_path="C:/ti/CC3200SDK_1.5.0/cc3200-sdk/" --include_path="C:/ti/CC3200SDK_1.5.0/cc3200-sdk/driverlib/" --include_path="C:/ti/CC3200SDK_1.5.0/cc3200-sdk/inc/" --include_path="C:/ti/CC3200SDK_1.5.0/cc3200-sdk/example/common/" --include_path="C:/ti/ccs1250/ccs/tools/compiler/ti-cgt-arm_20.2.7.LTS/include" --define=ccs --define=cc3200 -g --diag_warning=225 --diag_wrap=off --display_error_number --abi=eabi --preproc_with_compile --preproc_dependency="systick_utils.d_raw"  "../systick_utils.c"
Finished building: "../systick_utils.c"
 
Building target: "spi_demo.out"
Invoking: Arm Linker
"C:/ti/ccs1250/ccs/tools/compiler/ti-cgt-arm_20.2.7.LTS/bin/armcl" -mv7M4 --code_state=16 --float_support=none -me -Ooff --define=ccs --define=cc3200 -g --diag_warning=225 --diag_wrap=off --display_error_number --abi=eabi -z -m"spi_demo.map" --heap_size=0x800 --stack_size=0x800 -i"C:/ti/ccs1250/ccs/tools/compiler/ti-cgt-arm_20.2.7.LTS/lib" -i"C:/ti/ccs1250/ccs/tools/compiler/ti-cgt-arm_20.2.7.LTS/include" --reread_libs --diag_wrap=off --display_error_number --warn_sections --xml_link_info="spi_demo_linkInfo.xml" --rom_model -o "spi_demo.out" "./Adafruit_GFX.obj" "./Adafruit_SSD1351.obj" "./main.obj" "./oled_test.obj" "./pin_mux_config.obj" "./startup_ccs.obj" "./systick_utils.obj" "./typing.obj" "./uart_if.obj" "../cc3200v1p32.cmd"  -l"C:/ti/CC3200SDK_1.5.0/cc3200-sdk/driverlib/ccs/Release/driverlib.a" -llibc.a 
<Linking>
 
 undefined            first referenced
  symbol                  in file     
 ---------            ----------------
 current_char_timeout ./main.obj      
 systick_cnt          ./main.obj      
 
error #10234-D: unresolved symbols remain
error #10010: errors encountered during linking; "spi_demo.out" not built
 
>> Compilation failure
makefile:144: recipe for target 'spi_demo.out' failed
gmake[1]: *** [spi_demo.out] Error 1
makefile:140: recipe for target 'all' failed
gmake: *** [all] Error 2

**** Build Finished ****

**** Build of configuration Debug for project spi_demo ****

"C:\\ti\\ccs1250\\ccs\\utils\\bin\\gmake" -k -j 12 all -O 
 
Building file: "../main.c"
Invoking: Arm Compiler
"C:/ti/ccs1250/ccs/tools/compiler/ti-cgt-arm_20.2.7.LTS/bin/armcl" -mv7M4 --code_state=16 --float_support=none -me -Ooff --include_path="C:/Users/Josh/Desktop/EEC 172/labs/lab3_part1/spi_demo" --include_path="C:/ti/CC3200SDK_1.5.0/cc3200-sdk/" --include_path="C:/ti/CC3200SDK_1.5.0/cc3200-sdk/driverlib/" --include_path="C:/ti/CC3200SDK_1.5.0/cc3200-sdk/inc/" --include_path="C:/ti/CC3200SDK_1.5.0/cc3200-sdk/example/common/" --include_path="C:/ti/ccs1250/ccs/tools/compiler/ti-cgt-arm_20.2.7.LTS/include" --define=ccs --define=cc3200 -g --diag_warning=225 --diag_wrap=off --display_error_number --abi=eabi --preproc_with_compile --preproc_dependency="main.d_raw"  "../main.c"
 
>> Compilation failure
subdir_rules.mk:9: recipe for target 'main.obj' failed
"../main.c", line 234: error #20: identifier "systick_cnt" is undefined
"../main.c", line 298: warning #225-D: function "setTextSize" declared implicitly
"../main.c", line 299: warning #225-D: function "setTextColor" declared implicitly
"../main.c", line 300: warning #225-D: function "setCursor" declared implicitly
"../main.c", line 319: error #20: identifier "current_char_timeout" is undefined
"../main.c", line 336: warning #225-D: function "drawChar" declared implicitly
"../main.c", line 305: warning #179-D: variable "newChar" was declared but never referenced
"../main.c", line 492: warning #225-D: function "setTextSize" declared implicitly
"../main.c", line 493: warning #225-D: function "setTextColor" declared implicitly
"../main.c", line 494: warning #225-D: function "setCursor" declared implicitly
"../main.c", line 507: warning #225-D: function "drawChar" declared implicitly
2 errors detected in the compilation of "../main.c".
gmake: *** [main.obj] Error 1
Building file: "../systick_utils.c"
Invoking: Arm Compiler
"C:/ti/ccs1250/ccs/tools/compiler/ti-cgt-arm_20.2.7.LTS/bin/armcl" -mv7M4 --code_state=16 --float_support=none -me -Ooff --include_path="C:/Users/Josh/Desktop/EEC 172/labs/lab3_part1/spi_demo" --include_path="C:/ti/CC3200SDK_1.5.0/cc3200-sdk/" --include_path="C:/ti/CC3200SDK_1.5.0/cc3200-sdk/driverlib/" --include_path="C:/ti/CC3200SDK_1.5.0/cc3200-sdk/inc/" --include_path="C:/ti/CC3200SDK_1.5.0/cc3200-sdk/example/common/" --include_path="C:/ti/ccs1250/ccs/tools/compiler/ti-cgt-arm_20.2.7.LTS/include" --define=ccs --define=cc3200 -g --diag_warning=225 --diag_wrap=off --display_error_number --abi=eabi --preproc_with_compile --preproc_dependency="systick_utils.d_raw"  "../systick_utils.c"
Finished building: "../systick_utils.c"
 
gmake: Target 'all' not remade because of errors.

**** Build Finished ****

**** Build of configuration Debug for project spi_demo ****

"C:\\ti\\ccs1250\\ccs\\utils\\bin\\gmake" -k -j 12 all -O 
 
Building file: "../main.c"
Invoking: Arm Compiler
"C:/ti/ccs1250/ccs/tools/compiler/ti-cgt-arm_20.2.7.LTS/bin/armcl" -mv7M4 --code_state=16 --float_support=none -me -Ooff --include_path="C:/Users/Josh/Desktop/EEC 172/labs/lab3_part1/spi_demo" --include_path="C:/ti/CC3200SDK_1.5.0/cc3200-sdk/" --include_path="C:/ti/CC3200SDK_1.5.0/cc3200-sdk/driverlib/" --include_path="C:/ti/CC3200SDK_1.5.0/cc3200-sdk/inc/" --include_path="C:/ti/CC3200SDK_1.5.0/cc3200-sdk/example/common/" --include_path="C:/ti/ccs1250/ccs/tools/compiler/ti-cgt-arm_20.2.7.LTS/include" --define=ccs --define=cc3200 -g --diag_warning=225 --diag_wrap=off --display_error_number --abi=eabi --preproc_with_compile --preproc_dependency="main.d_raw"  "../main.c"
 
>> Compilation failure
subdir_rules.mk:9: recipe for target 'main.obj' failed
"../main.c", line 236: error #20: identifier "systick_cnt" is undefined
"../main.c", line 300: warning #225-D: function "setTextSize" declared implicitly
"../main.c", line 301: warning #225-D: function "setTextColor" declared implicitly
"../main.c", line 302: warning #225-D: function "setCursor" declared implicitly
"../main.c", line 338: warning #225-D: function "drawChar" declared implicitly
"../main.c", line 307: warning #179-D: variable "newChar" was declared but never referenced
"../main.c", line 494: warning #225-D: function "setTextSize" declared implicitly
"../main.c", line 495: warning #225-D: function "setTextColor" declared implicitly
"../main.c", line 496: warning #225-D: function "setCursor" declared implicitly
"../main.c", line 509: warning #225-D: function "drawChar" declared implicitly
1 error detected in the compilation of "../main.c".
gmake: *** [main.obj] Error 1
gmake: Target 'all' not remade because of errors.

**** Build Finished ****

**** Build of configuration Debug for project spi_demo ****

"C:\\ti\\ccs1250\\ccs\\utils\\bin\\gmake" -k -j 12 all -O 
 
Building file: "../systick_utils.c"
Invoking: Arm Compiler
"C:/ti/ccs1250/ccs/tools/compiler/ti-cgt-arm_20.2.7.LTS/bin/armcl" -mv7M4 --code_state=16 --float_support=none -me -Ooff --include_path="C:/Users/Josh/Desktop/EEC 172/labs/lab3_part1/spi_demo" --include_path="C:/ti/CC3200SDK_1.5.0/cc3200-sdk/" --include_path="C:/ti/CC3200SDK_1.5.0/cc3200-sdk/driverlib/" --include_path="C:/ti/CC3200SDK_1.5.0/cc3200-sdk/inc/" --include_path="C:/ti/CC3200SDK_1.5.0/cc3200-sdk/example/common/" --include_path="C:/ti/ccs1250/ccs/tools/compiler/ti-cgt-arm_20.2.7.LTS/include" --define=ccs --define=cc3200 -g --diag_warning=225 --diag_wrap=off --display_error_number --abi=eabi --preproc_with_compile --preproc_dependency="systick_utils.d_raw"  "../systick_utils.c"
Finished building: "../systick_utils.c"
 
Building file: "../main.c"
Invoking: Arm Compiler
"C:/ti/ccs1250/ccs/tools/compiler/ti-cgt-arm_20.2.7.LTS/bin/armcl" -mv7M4 --code_state=16 --float_support=none -me -Ooff --include_path="C:/Users/Josh/Desktop/EEC 172/labs/lab3_part1/spi_demo" --include_path="C:/ti/CC3200SDK_1.5.0/cc3200-sdk/" --include_path="C:/ti/CC3200SDK_1.5.0/cc3200-sdk/driverlib/" --include_path="C:/ti/CC3200SDK_1.5.0/cc3200-sdk/inc/" --include_path="C:/ti/CC3200SDK_1.5.0/cc3200-sdk/example/common/" --include_path="C:/ti/ccs1250/ccs/tools/compiler/ti-cgt-arm_20.2.7.LTS/include" --define=ccs --define=cc3200 -g --diag_warning=225 --diag_wrap=off --display_error_number --abi=eabi --preproc_with_compile --preproc_dependency="main.d_raw"  "../main.c"
"../main.c", line 300: warning #225-D: function "setTextSize" declared implicitly
"../main.c", line 301: warning #225-D: function "setTextColor" declared implicitly
"../main.c", line 302: warning #225-D: function "setCursor" declared implicitly
"../main.c", line 338: warning #225-D: function "drawChar" declared implicitly
"../main.c", line 307: warning #179-D: variable "newChar" was declared but never referenced
"../main.c", line 494: warning #225-D: function "setTextSize" declared implicitly
"../main.c", line 495: warning #225-D: function "setTextColor" declared implicitly
"../main.c", line 496: warning #225-D: function "setCursor" declared implicitly
"../main.c", line 509: warning #225-D: function "drawChar" declared implicitly
Finished building: "../main.c"
 
Building target: "spi_demo.out"
Invoking: Arm Linker
"C:/ti/ccs1250/ccs/tools/compiler/ti-cgt-arm_20.2.7.LTS/bin/armcl" -mv7M4 --code_state=16 --float_support=none -me -Ooff --define=ccs --define=cc3200 -g --diag_warning=225 --diag_wrap=off --display_error_number --abi=eabi -z -m"spi_demo.map" --heap_size=0x800 --stack_size=0x800 -i"C:/ti/ccs1250/ccs/tools/compiler/ti-cgt-arm_20.2.7.LTS/lib" -i"C:/ti/ccs1250/ccs/tools/compiler/ti-cgt-arm_20.2.7.LTS/include" --reread_libs --diag_wrap=off --display_error_number --warn_sections --xml_link_info="spi_demo_linkInfo.xml" --rom_model -o "spi_demo.out" "./Adafruit_GFX.obj" "./Adafruit_SSD1351.obj" "./main.obj" "./oled_test.obj" "./pin_mux_config.obj" "./startup_ccs.obj" "./systick_utils.obj" "./typing.obj" "./uart_if.obj" "../cc3200v1p32.cmd"  -l"C:/ti/CC3200SDK_1.5.0/cc3200-sdk/driverlib/ccs/Release/driverlib.a" -llibc.a 
<Linking>
Finished building target: "spi_demo.out"
 
C:/ti/ccs1250/ccs/utils/tiobj2bin/tiobj2bin spi_demo.out spi_demo.bin C:/ti/ccs1250/ccs/tools/compiler/ti-cgt-arm_20.2.7.LTS/bin/armofd C:/ti/ccs1250/ccs/tools/compiler/ti-cgt-arm_20.2.7.LTS/bin/armhex C:/ti/ccs1250/ccs/utils/tiobj2bin/mkhex4bin
 

**** Build Finished ****

**** Build of configuration Debug for project spi_demo ****

"C:\\ti\\ccs1250\\ccs\\utils\\bin\\gmake" -k -j 12 all -O 
 
Building file: "../main.c"
Invoking: Arm Compiler
"C:/ti/ccs1250/ccs/tools/compiler/ti-cgt-arm_20.2.7.LTS/bin/armcl" -mv7M4 --code_state=16 --float_support=none -me -Ooff --include_path="C:/Users/Josh/Desktop/EEC 172/labs/lab3_part1/spi_demo" --include_path="C:/ti/CC3200SDK_1.5.0/cc3200-sdk/" --include_path="C:/ti/CC3200SDK_1.5.0/cc3200-sdk/driverlib/" --include_path="C:/ti/CC3200SDK_1.5.0/cc3200-sdk/inc/" --include_path="C:/ti/CC3200SDK_1.5.0/cc3200-sdk/example/common/" --include_path="C:/ti/ccs1250/ccs/tools/compiler/ti-cgt-arm_20.2.7.LTS/include" --define=ccs --define=cc3200 -g --diag_warning=225 --diag_wrap=off --display_error_number --abi=eabi --preproc_with_compile --preproc_dependency="main.d_raw"  "../main.c"
"../main.c", line 288: warning #225-D: function "setTextSize" declared implicitly
"../main.c", line 289: warning #225-D: function "setTextColor" declared implicitly
"../main.c", line 290: warning #225-D: function "setCursor" declared implicitly
"../main.c", line 326: warning #225-D: function "drawChar" declared implicitly
"../main.c", line 295: warning #179-D: variable "newChar" was declared but never referenced
"../main.c", line 429: warning #225-D: function "setTextSize" declared implicitly
"../main.c", line 430: warning #225-D: function "setTextColor" declared implicitly
"../main.c", line 431: warning #225-D: function "setCursor" declared implicitly
"../main.c", line 442: warning #225-D: function "drawChar" declared implicitly
Finished building: "../main.c"
 
Building target: "spi_demo.out"
Invoking: Arm Linker
"C:/ti/ccs1250/ccs/tools/compiler/ti-cgt-arm_20.2.7.LTS/bin/armcl" -mv7M4 --code_state=16 --float_support=none -me -Ooff --define=ccs --define=cc3200 -g --diag_warning=225 --diag_wrap=off --display_error_number --abi=eabi -z -m"spi_demo.map" --heap_size=0x800 --stack_size=0x800 -i"C:/ti/ccs1250/ccs/tools/compiler/ti-cgt-arm_20.2.7.LTS/lib" -i"C:/ti/ccs1250/ccs/tools/compiler/ti-cgt-arm_20.2.7.LTS/include" --reread_libs --diag_wrap=off --display_error_number --warn_sections --xml_link_info="spi_demo_linkInfo.xml" --rom_model -o "spi_demo.out" "./Adafruit_GFX.obj" "./Adafruit_SSD1351.obj" "./main.obj" "./oled_test.obj" "./pin_mux_config.obj" "./startup_ccs.obj" "./systick_utils.obj" "./typing.obj" "./uart_if.obj" "../cc3200v1p32.cmd"  -l"C:/ti/CC3200SDK_1.5.0/cc3200-sdk/driverlib/ccs/Release/driverlib.a" -llibc.a 
<Linking>
Finished building target: "spi_demo.out"
 
C:/ti/ccs1250/ccs/utils/tiobj2bin/tiobj2bin spi_demo.out spi_demo.bin C:/ti/ccs1250/ccs/tools/compiler/ti-cgt-arm_20.2.7.LTS/bin/armofd C:/ti/ccs1250/ccs/tools/compiler/ti-cgt-arm_20.2.7.LTS/bin/armhex C:/ti/ccs1250/ccs/utils/tiobj2bin/mkhex4bin
 

**** Build Finished ****

**** Build of configuration Debug for project spi_demo ****

"C:\\ti\\ccs1250\\ccs\\utils\\bin\\gmake" -k -j 12 all -O 
 
Building file: "../main.c"
Invoking: Arm Compiler
"C:/ti/ccs1250/ccs/tools/compiler/ti-cgt-arm_20.2.7.LTS/bin/armcl" -mv7M4 --code_state=16 --float_support=none -me -Ooff --include_path="C:/Users/Josh/Desktop/EEC 172/labs/lab3_part1/spi_demo" --include_path="C:/ti/CC3200SDK_1.5.0/cc3200-sdk/" --include_path="C:/ti/CC3200SDK_1.5.0/cc3200-sdk/driverlib/" --include_path="C:/ti/CC3200SDK_1.5.0/cc3200-sdk/inc/" --include_path="C:/ti/CC3200SDK_1.5.0/cc3200-sdk/example/common/" --include_path="C:/ti/ccs1250/ccs/tools/compiler/ti-cgt-arm_20.2.7.LTS/include" --define=ccs --define=cc3200 -g --diag_warning=225 --diag_wrap=off --display_error_number --abi=eabi --preproc_with_compile --preproc_dependency="main.d_raw"  "../main.c"
"../main.c", line 340: warning #225-D: function "setTextSize" declared implicitly
"../main.c", line 341: warning #225-D: function "setTextColor" declared implicitly
"../main.c", line 342: warning #225-D: function "setCursor" declared implicitly
"../main.c", line 365: warning #225-D: function "drawChar" declared implicitly
"../main.c", line 509: warning #225-D: function "setTextSize" declared implicitly
"../main.c", line 510: warning #225-D: function "setTextColor" declared implicitly
"../main.c", line 511: warning #225-D: function "setCursor" declared implicitly
"../main.c", line 522: warning #225-D: function "drawChar" declared implicitly
Finished building: "../main.c"
 
Building target: "spi_demo.out"
Invoking: Arm Linker
"C:/ti/ccs1250/ccs/tools/compiler/ti-cgt-arm_20.2.7.LTS/bin/armcl" -mv7M4 --code_state=16 --float_support=none -me -Ooff --define=ccs --define=cc3200 -g --diag_warning=225 --diag_wrap=off --display_error_number --abi=eabi -z -m"spi_demo.map" --heap_size=0x800 --stack_size=0x800 -i"C:/ti/ccs1250/ccs/tools/compiler/ti-cgt-arm_20.2.7.LTS/lib" -i"C:/ti/ccs1250/ccs/tools/compiler/ti-cgt-arm_20.2.7.LTS/include" --reread_libs --diag_wrap=off --display_error_number --warn_sections --xml_link_info="spi_demo_linkInfo.xml" --rom_model -o "spi_demo.out" "./Adafruit_GFX.obj" "./Adafruit_SSD1351.obj" "./main.obj" "./oled_test.obj" "./pin_mux_config.obj" "./startup_ccs.obj" "./systick_utils.obj" "./typing.obj" "./uart_if.obj" "../cc3200v1p32.cmd"  -l"C:/ti/CC3200SDK_1.5.0/cc3200-sdk/driverlib/ccs/Release/driverlib.a" -llibc.a 
<Linking>
Finished building target: "spi_demo.out"
 
C:/ti/ccs1250/ccs/utils/tiobj2bin/tiobj2bin spi_demo.out spi_demo.bin C:/ti/ccs1250/ccs/tools/compiler/ti-cgt-arm_20.2.7.LTS/bin/armofd C:/ti/ccs1250/ccs/tools/compiler/ti-cgt-arm_20.2.7.LTS/bin/armhex C:/ti/ccs1250/ccs/utils/tiobj2bin/mkhex4bin
 

**** Build Finished ****

**** Clean-only build of configuration Debug for project spi_demo ****

"C:\\ti\\ccs1250\\ccs\\utils\\bin\\gmake" -k -j 12 clean -O 
 
DEL /F  "spi_demo.out" 
DEL /F "Adafruit_GFX.obj" "Adafruit_SSD1351.obj" "main.obj" "oled_test.obj" "pin_mux_config.obj" "startup_ccs.obj" "uart_if.obj" 
DEL /F "Adafruit_GFX.d" "Adafruit_SSD1351.d" "main.d" "oled_test.d" "pin_mux_config.d" "startup_ccs.d" "uart_if.d" 
Finished clean
 

**** Build Finished ****

**** Build of configuration Debug for project spi_demo ****

"C:\\ti\\ccs1250\\ccs\\utils\\bin\\gmake" -k -j 12 all -O 
 
Building file: "../Adafruit_SSD1351.c"
Invoking: Arm Compiler
"C:/ti/ccs1250/ccs/tools/compiler/ti-cgt-arm_20.2.7.LTS/bin/armcl" -mv7M4 --code_state=16 --float_support=none -me -Ooff --include_path="C:/Users/Josh/Desktop/EEC 172/labs/lab3_part1/spi_demo" --include_path="C:/ti/CC3200SDK_1.5.0/cc3200-sdk/" --include_path="C:/ti/CC3200SDK_1.5.0/cc3200-sdk/driverlib/" --include_path="C:/ti/CC3200SDK_1.5.0/cc3200-sdk/inc/" --include_path="C:/ti/CC3200SDK_1.5.0/cc3200-sdk/example/common/" --include_path="C:/ti/ccs1250/ccs/tools/compiler/ti-cgt-arm_20.2.7.LTS/include" --define=ccs --define=cc3200 -g --diag_warning=225 --diag_wrap=off --display_error_number --abi=eabi --preproc_with_compile --preproc_dependency="Adafruit_SSD1351.d_raw"  "../Adafruit_SSD1351.c"
Finished building: "../Adafruit_SSD1351.c"
 
Building file: "../pin_mux_config.c"
Invoking: Arm Compiler
"C:/ti/ccs1250/ccs/tools/compiler/ti-cgt-arm_20.2.7.LTS/bin/armcl" -mv7M4 --code_state=16 --float_support=none -me -Ooff --include_path="C:/Users/Josh/Desktop/EEC 172/labs/lab3_part1/spi_demo" --include_path="C:/ti/CC3200SDK_1.5.0/cc3200-sdk/" --include_path="C:/ti/CC3200SDK_1.5.0/cc3200-sdk/driverlib/" --include_path="C:/ti/CC3200SDK_1.5.0/cc3200-sdk/inc/" --include_path="C:/ti/CC3200SDK_1.5.0/cc3200-sdk/example/common/" --include_path="C:/ti/ccs1250/ccs/tools/compiler/ti-cgt-arm_20.2.7.LTS/include" --define=ccs --define=cc3200 -g --diag_warning=225 --diag_wrap=off --display_error_number --abi=eabi --preproc_with_compile --preproc_dependency="pin_mux_config.d_raw"  "../pin_mux_config.c"
Finished building: "../pin_mux_config.c"
 
Building file: "C:/ti/CC3200SDK_1.5.0/cc3200-sdk/example/common/startup_ccs.c"
Invoking: Arm Compiler
"C:/ti/ccs1250/ccs/tools/compiler/ti-cgt-arm_20.2.7.LTS/bin/armcl" -mv7M4 --code_state=16 --float_support=none -me -Ooff --include_path="C:/Users/Josh/Desktop/EEC 172/labs/lab3_part1/spi_demo" --include_path="C:/ti/CC3200SDK_1.5.0/cc3200-sdk/" --include_path="C:/ti/CC3200SDK_1.5.0/cc3200-sdk/driverlib/" --include_path="C:/ti/CC3200SDK_1.5.0/cc3200-sdk/inc/" --include_path="C:/ti/CC3200SDK_1.5.0/cc3200-sdk/example/common/" --include_path="C:/ti/ccs1250/ccs/tools/compiler/ti-cgt-arm_20.2.7.LTS/include" --define=ccs --define=cc3200 -g --diag_warning=225 --diag_wrap=off --display_error_number --abi=eabi --preproc_with_compile --preproc_dependency="startup_ccs.d_raw"  "C:/ti/CC3200SDK_1.5.0/cc3200-sdk/example/common/startup_ccs.c"
Finished building: "C:/ti/CC3200SDK_1.5.0/cc3200-sdk/example/common/startup_ccs.c"
 
Building file: "../main.c"
Invoking: Arm Compiler
"C:/ti/ccs1250/ccs/tools/compiler/ti-cgt-arm_20.2.7.LTS/bin/armcl" -mv7M4 --code_state=16 --float_support=none -me -Ooff --include_path="C:/Users/Josh/Desktop/EEC 172/labs/lab3_part1/spi_demo" --include_path="C:/ti/CC3200SDK_1.5.0/cc3200-sdk/" --include_path="C:/ti/CC3200SDK_1.5.0/cc3200-sdk/driverlib/" --include_path="C:/ti/CC3200SDK_1.5.0/cc3200-sdk/inc/" --include_path="C:/ti/CC3200SDK_1.5.0/cc3200-sdk/example/common/" --include_path="C:/ti/ccs1250/ccs/tools/compiler/ti-cgt-arm_20.2.7.LTS/include" --define=ccs --define=cc3200 -g --diag_warning=225 --diag_wrap=off --display_error_number --abi=eabi --preproc_with_compile --preproc_dependency="main.d_raw"  "../main.c"
"../main.c", line 340: warning #225-D: function "setTextSize" declared implicitly
"../main.c", line 341: warning #225-D: function "setTextColor" declared implicitly
"../main.c", line 342: warning #225-D: function "setCursor" declared implicitly
"../main.c", line 371: warning #225-D: function "drawChar" declared implicitly
"../main.c", line 515: warning #225-D: function "setTextSize" declared implicitly
"../main.c", line 516: warning #225-D: function "setTextColor" declared implicitly
"../main.c", line 517: warning #225-D: function "setCursor" declared implicitly
"../main.c", line 528: warning #225-D: function "drawChar" declared implicitly
Finished building: "../main.c"
 
Building file: "../Adafruit_GFX.c"
Invoking: Arm Compiler
"C:/ti/ccs1250/ccs/tools/compiler/ti-cgt-arm_20.2.7.LTS/bin/armcl" -mv7M4 --code_state=16 --float_support=none -me -Ooff --include_path="C:/Users/Josh/Desktop/EEC 172/labs/lab3_part1/spi_demo" --include_path="C:/ti/CC3200SDK_1.5.0/cc3200-sdk/" --include_path="C:/ti/CC3200SDK_1.5.0/cc3200-sdk/driverlib/" --include_path="C:/ti/CC3200SDK_1.5.0/cc3200-sdk/inc/" --include_path="C:/ti/CC3200SDK_1.5.0/cc3200-sdk/example/common/" --include_path="C:/ti/ccs1250/ccs/tools/compiler/ti-cgt-arm_20.2.7.LTS/include" --define=ccs --define=cc3200 -g --diag_warning=225 --diag_wrap=off --display_error_number --abi=eabi --preproc_with_compile --preproc_dependency="Adafruit_GFX.d_raw"  "../Adafruit_GFX.c"
Finished building: "../Adafruit_GFX.c"
 
Building file: "../oled_test.c"
Invoking: Arm Compiler
"C:/ti/ccs1250/ccs/tools/compiler/ti-cgt-arm_20.2.7.LTS/bin/armcl" -mv7M4 --code_state=16 --float_support=none -me -Ooff --include_path="C:/Users/Josh/Desktop/EEC 172/labs/lab3_part1/spi_demo" --include_path="C:/ti/CC3200SDK_1.5.0/cc3200-sdk/" --include_path="C:/ti/CC3200SDK_1.5.0/cc3200-sdk/driverlib/" --include_path="C:/ti/CC3200SDK_1.5.0/cc3200-sdk/inc/" --include_path="C:/ti/CC3200SDK_1.5.0/cc3200-sdk/example/common/" --include_path="C:/ti/ccs1250/ccs/tools/compiler/ti-cgt-arm_20.2.7.LTS/include" --define=ccs --define=cc3200 -g --diag_warning=225 --diag_wrap=off --display_error_number --abi=eabi --preproc_with_compile --preproc_dependency="oled_test.d_raw"  "../oled_test.c"
"../oled_test.c", line 247: warning #225-D: function "UtilsDelay" declared implicitly
"../oled_test.c", line 19: warning #179-D: variable "p" was declared but never referenced
Finished building: "../oled_test.c"
 
Building file: "../systick_utils.c"
Invoking: Arm Compiler
"C:/ti/ccs1250/ccs/tools/compiler/ti-cgt-arm_20.2.7.LTS/bin/armcl" -mv7M4 --code_state=16 --float_support=none -me -Ooff --include_path="C:/Users/Josh/Desktop/EEC 172/labs/lab3_part1/spi_demo" --include_path="C:/ti/CC3200SDK_1.5.0/cc3200-sdk/" --include_path="C:/ti/CC3200SDK_1.5.0/cc3200-sdk/driverlib/" --include_path="C:/ti/CC3200SDK_1.5.0/cc3200-sdk/inc/" --include_path="C:/ti/CC3200SDK_1.5.0/cc3200-sdk/example/common/" --include_path="C:/ti/ccs1250/ccs/tools/compiler/ti-cgt-arm_20.2.7.LTS/include" --define=ccs --define=cc3200 -g --diag_warning=225 --diag_wrap=off --display_error_number --abi=eabi --preproc_with_compile --preproc_dependency="systick_utils.d_raw"  "../systick_utils.c"
Finished building: "../systick_utils.c"
 
Building file: "../typing.c"
Invoking: Arm Compiler
"C:/ti/ccs1250/ccs/tools/compiler/ti-cgt-arm_20.2.7.LTS/bin/armcl" -mv7M4 --code_state=16 --float_support=none -me -Ooff --include_path="C:/Users/Josh/Desktop/EEC 172/labs/lab3_part1/spi_demo" --include_path="C:/ti/CC3200SDK_1.5.0/cc3200-sdk/" --include_path="C:/ti/CC3200SDK_1.5.0/cc3200-sdk/driverlib/" --include_path="C:/ti/CC3200SDK_1.5.0/cc3200-sdk/inc/" --include_path="C:/ti/CC3200SDK_1.5.0/cc3200-sdk/example/common/" --include_path="C:/ti/ccs1250/ccs/tools/compiler/ti-cgt-arm_20.2.7.LTS/include" --define=ccs --define=cc3200 -g --diag_warning=225 --diag_wrap=off --display_error_number --abi=eabi --preproc_with_compile --preproc_dependency="typing.d_raw"  "../typing.c"
"../typing.c", line 92: warning #1696-D: multicharacter character literal (potential portability problem)
"../typing.c", line 92: warning #70-D: integer conversion resulted in truncation
Finished building: "../typing.c"
 
Building file: "../uart_if.c"
Invoking: Arm Compiler
"C:/ti/ccs1250/ccs/tools/compiler/ti-cgt-arm_20.2.7.LTS/bin/armcl" -mv7M4 --code_state=16 --float_support=none -me -Ooff --include_path="C:/Users/Josh/Desktop/EEC 172/labs/lab3_part1/spi_demo" --include_path="C:/ti/CC3200SDK_1.5.0/cc3200-sdk/" --include_path="C:/ti/CC3200SDK_1.5.0/cc3200-sdk/driverlib/" --include_path="C:/ti/CC3200SDK_1.5.0/cc3200-sdk/inc/" --include_path="C:/ti/CC3200SDK_1.5.0/cc3200-sdk/example/common/" --include_path="C:/ti/ccs1250/ccs/tools/compiler/ti-cgt-arm_20.2.7.LTS/include" --define=ccs --define=cc3200 -g --diag_warning=225 --diag_wrap=off --display_error_number --abi=eabi --preproc_with_compile --preproc_dependency="uart_if.d_raw"  "../uart_if.c"
Finished building: "../uart_if.c"
 
Building target: "spi_demo.out"
Invoking: Arm Linker
"C:/ti/ccs1250/ccs/tools/compiler/ti-cgt-arm_20.2.7.LTS/bin/armcl" -mv7M4 --code_state=16 --float_support=none -me -Ooff --define=ccs --define=cc3200 -g --diag_warning=225 --diag_wrap=off --display_error_number --abi=eabi -z -m"spi_demo.map" --heap_size=0x800 --stack_size=0x800 -i"C:/ti/ccs1250/ccs/tools/compiler/ti-cgt-arm_20.2.7.LTS/lib" -i"C:/ti/ccs1250/ccs/tools/compiler/ti-cgt-arm_20.2.7.LTS/include" --reread_libs --diag_wrap=off --display_error_number --warn_sections --xml_link_info="spi_demo_linkInfo.xml" --rom_model -o "spi_demo.out" "./Adafruit_GFX.obj" "./Adafruit_SSD1351.obj" "./main.obj" "./oled_test.obj" "./pin_mux_config.obj" "./startup_ccs.obj" "./systick_utils.obj" "./typing.obj" "./uart_if.obj" "../cc3200v1p32.cmd"  -l"C:/ti/CC3200SDK_1.5.0/cc3200-sdk/driverlib/ccs/Release/driverlib.a" -llibc.a 
<Linking>
Finished building target: "spi_demo.out"
 
C:/ti/ccs1250/ccs/utils/tiobj2bin/tiobj2bin spi_demo.out spi_demo.bin C:/ti/ccs1250/ccs/tools/compiler/ti-cgt-arm_20.2.7.LTS/bin/armofd C:/ti/ccs1250/ccs/tools/compiler/ti-cgt-arm_20.2.7.LTS/bin/armhex C:/ti/ccs1250/ccs/utils/tiobj2bin/mkhex4bin
 

**** Build Finished ****

**** Build of configuration Debug for project spi_demo ****

"C:\\ti\\ccs1250\\ccs\\utils\\bin\\gmake" -k -j 12 all -O 
 
Building file: "../main.c"
Invoking: Arm Compiler
"C:/ti/ccs1250/ccs/tools/compiler/ti-cgt-arm_20.2.7.LTS/bin/armcl" -mv7M4 --code_state=16 --float_support=none -me -Ooff --include_path="C:/Users/Josh/Desktop/EEC 172/labs/lab3_part1/spi_demo" --include_path="C:/ti/CC3200SDK_1.5.0/cc3200-sdk/" --include_path="C:/ti/CC3200SDK_1.5.0/cc3200-sdk/driverlib/" --include_path="C:/ti/CC3200SDK_1.5.0/cc3200-sdk/inc/" --include_path="C:/ti/CC3200SDK_1.5.0/cc3200-sdk/example/common/" --include_path="C:/ti/ccs1250/ccs/tools/compiler/ti-cgt-arm_20.2.7.LTS/include" --define=ccs --define=cc3200 -g --diag_warning=225 --diag_wrap=off --display_error_number --abi=eabi --preproc_with_compile --preproc_dependency="main.d_raw"  "../main.c"
"../main.c", line 340: warning #225-D: function "setTextSize" declared implicitly
"../main.c", line 341: warning #225-D: function "setTextColor" declared implicitly
"../main.c", line 342: warning #225-D: function "setCursor" declared implicitly
"../main.c", line 371: warning #225-D: function "drawChar" declared implicitly
"../main.c", line 515: warning #225-D: function "setTextSize" declared implicitly
"../main.c", line 516: warning #225-D: function "setTextColor" declared implicitly
"../main.c", line 517: warning #225-D: function "setCursor" declared implicitly
"../main.c", line 528: warning #225-D: function "drawChar" declared implicitly
Finished building: "../main.c"
 
Building target: "spi_demo.out"
Invoking: Arm Linker
"C:/ti/ccs1250/ccs/tools/compiler/ti-cgt-arm_20.2.7.LTS/bin/armcl" -mv7M4 --code_state=16 --float_support=none -me -Ooff --define=ccs --define=cc3200 -g --diag_warning=225 --diag_wrap=off --display_error_number --abi=eabi -z -m"spi_demo.map" --heap_size=0x800 --stack_size=0x800 -i"C:/ti/ccs1250/ccs/tools/compiler/ti-cgt-arm_20.2.7.LTS/lib" -i"C:/ti/ccs1250/ccs/tools/compiler/ti-cgt-arm_20.2.7.LTS/include" --reread_libs --diag_wrap=off --display_error_number --warn_sections --xml_link_info="spi_demo_linkInfo.xml" --rom_model -o "spi_demo.out" "./Adafruit_GFX.obj" "./Adafruit_SSD1351.obj" "./main.obj" "./oled_test.obj" "./pin_mux_config.obj" "./startup_ccs.obj" "./systick_utils.obj" "./typing.obj" "./uart_if.obj" "../cc3200v1p32.cmd"  -l"C:/ti/CC3200SDK_1.5.0/cc3200-sdk/driverlib/ccs/Release/driverlib.a" -llibc.a 
<Linking>
Finished building target: "spi_demo.out"
 
C:/ti/ccs1250/ccs/utils/tiobj2bin/tiobj2bin spi_demo.out spi_demo.bin C:/ti/ccs1250/ccs/tools/compiler/ti-cgt-arm_20.2.7.LTS/bin/armofd C:/ti/ccs1250/ccs/tools/compiler/ti-cgt-arm_20.2.7.LTS/bin/armhex C:/ti/ccs1250/ccs/utils/tiobj2bin/mkhex4bin
 

**** Build Finished ****

**** Build of configuration Debug for project spi_demo ****

"C:\\ti\\ccs1250\\ccs\\utils\\bin\\gmake" -k -j 12 all -O 
 
gmake[1]: 'spi_demo.out' is up to date.

**** Build Finished ****

**** Build of configuration Debug for project spi_demo ****

"C:\\ti\\ccs1250\\ccs\\utils\\bin\\gmake" -k -j 12 all -O 
 
Building file: "../main.c"
Invoking: Arm Compiler
"C:/ti/ccs1250/ccs/tools/compiler/ti-cgt-arm_20.2.7.LTS/bin/armcl" -mv7M4 --code_state=16 --float_support=none -me -Ooff --include_path="C:/Users/Josh/Desktop/EEC 172/labs/lab3_part1/spi_demo" --include_path="C:/ti/CC3200SDK_1.5.0/cc3200-sdk/" --include_path="C:/ti/CC3200SDK_1.5.0/cc3200-sdk/driverlib/" --include_path="C:/ti/CC3200SDK_1.5.0/cc3200-sdk/inc/" --include_path="C:/ti/CC3200SDK_1.5.0/cc3200-sdk/example/common/" --include_path="C:/ti/ccs1250/ccs/tools/compiler/ti-cgt-arm_20.2.7.LTS/include" --define=ccs --define=cc3200 -g --diag_warning=225 --diag_wrap=off --display_error_number --abi=eabi --preproc_with_compile --preproc_dependency="main.d_raw"  "../main.c"
 
>> Compilation failure
subdir_rules.mk:9: recipe for target 'main.obj' failed
"../main.c", line 340: warning #225-D: function "setTextSize" declared implicitly
"../main.c", line 341: warning #225-D: function "setTextColor" declared implicitly
"../main.c", line 342: warning #225-D: function "setCursor" declared implicitly
"../main.c", line 371: warning #225-D: function "drawChar" declared implicitly
"../main.c", line 465: warning #225-D: function "setTextSize" declared implicitly
"../main.c", line 466: warning #225-D: function "setTextColor" declared implicitly
"../main.c", line 467: warning #225-D: function "setCursor" declared implicitly
"../main.c", line 478: warning #225-D: function "drawChar" declared implicitly
"../main.c", line 490: error #171: expected a declaration
"../main.c", line 527: warning #12-D: parsing restarts here after previous syntax error
"../main.c", line 530: warning #78-D: this declaration has no storage class or type specifier
"../main.c", line 530: error #148: declaration is incompatible with "void InitTerm(void)" (declared at line 77 of "C:/ti/CC3200SDK_1.5.0/cc3200-sdk/example/common/uart_if.h")
"../main.c", line 531: warning #78-D: this declaration has no storage class or type specifier
"../main.c", line 531: error #148: declaration is incompatible with "void ClearTerm(void)" (declared at line 78 of "C:/ti/CC3200SDK_1.5.0/cc3200-sdk/example/common/uart_if.h")
"../main.c", line 533: error #80: expected a type specifier
"../main.c", line 533: warning #78-D: this declaration has no storage class or type specifier
"../main.c", line 533: error #148: declaration is incompatible with "void Message(const char *)" (declared at line 79 of "C:/ti/CC3200SDK_1.5.0/cc3200-sdk/example/common/uart_if.h")
"../main.c", line 534: error #80: expected a type specifier
"../main.c", line 534: warning #78-D: this declaration has no storage class or type specifier
"../main.c", line 535: error #80: expected a type specifier
"../main.c", line 535: warning #78-D: this declaration has no storage class or type specifier
"../main.c", line 536: error #80: expected a type specifier
"../main.c", line 536: warning #78-D: this declaration has no storage class or type specifier
"../main.c", line 537: error #80: expected a type specifier
"../main.c", line 537: warning #78-D: this declaration has no storage class or type specifier
"../main.c", line 539: warning #78-D: this declaration has no storage class or type specifier
"../main.c", line 539: error #148: declaration is incompatible with "void Adafruit_Init(void)" (declared at line 95 of "..\Adafruit_SSD1351.h")
"../main.c", line 543: error #171: expected a declaration
"../main.c", line 564: warning #12-D: parsing restarts here after previous syntax error
"../main.c", line 565: error #171: expected a declaration
"../main.c", line 567: error #171: expected a declaration
At end of source: warning #12-D: parsing restarts here after previous syntax error
"../main.c", line 174: warning #179-D: function "BoardInit" was declared but never referenced
"../main.c", line 211: warning #179-D: function "GPIOInfaredHandler" was declared but never referenced
13 errors detected in the compilation of "../main.c".
gmake: *** [main.obj] Error 1
gmake: Target 'all' not remade because of errors.

**** Build Finished ****

**** Build of configuration Debug for project spi_demo ****

"C:\\ti\\ccs1250\\ccs\\utils\\bin\\gmake" -k -j 12 all -O 
 
Building file: "../main.c"
Invoking: Arm Compiler
"C:/ti/ccs1250/ccs/tools/compiler/ti-cgt-arm_20.2.7.LTS/bin/armcl" -mv7M4 --code_state=16 --float_support=none -me -Ooff --include_path="C:/Users/Josh/Desktop/EEC 172/labs/lab3_part1/spi_demo" --include_path="C:/ti/CC3200SDK_1.5.0/cc3200-sdk/" --include_path="C:/ti/CC3200SDK_1.5.0/cc3200-sdk/driverlib/" --include_path="C:/ti/CC3200SDK_1.5.0/cc3200-sdk/inc/" --include_path="C:/ti/CC3200SDK_1.5.0/cc3200-sdk/example/common/" --include_path="C:/ti/ccs1250/ccs/tools/compiler/ti-cgt-arm_20.2.7.LTS/include" --define=ccs --define=cc3200 -g --diag_warning=225 --diag_wrap=off --display_error_number --abi=eabi --preproc_with_compile --preproc_dependency="main.d_raw"  "../main.c"
"../main.c", line 340: warning #225-D: function "setTextSize" declared implicitly
"../main.c", line 341: warning #225-D: function "setTextColor" declared implicitly
"../main.c", line 342: warning #225-D: function "setCursor" declared implicitly
"../main.c", line 371: warning #225-D: function "drawChar" declared implicitly
"../main.c", line 517: warning #225-D: function "setTextSize" declared implicitly
"../main.c", line 518: warning #225-D: function "setTextColor" declared implicitly
"../main.c", line 519: warning #225-D: function "setCursor" declared implicitly
"../main.c", line 530: warning #225-D: function "drawChar" declared implicitly
Finished building: "../main.c"
 
Building target: "spi_demo.out"
Invoking: Arm Linker
"C:/ti/ccs1250/ccs/tools/compiler/ti-cgt-arm_20.2.7.LTS/bin/armcl" -mv7M4 --code_state=16 --float_support=none -me -Ooff --define=ccs --define=cc3200 -g --diag_warning=225 --diag_wrap=off --display_error_number --abi=eabi -z -m"spi_demo.map" --heap_size=0x800 --stack_size=0x800 -i"C:/ti/ccs1250/ccs/tools/compiler/ti-cgt-arm_20.2.7.LTS/lib" -i"C:/ti/ccs1250/ccs/tools/compiler/ti-cgt-arm_20.2.7.LTS/include" --reread_libs --diag_wrap=off --display_error_number --warn_sections --xml_link_info="spi_demo_linkInfo.xml" --rom_model -o "spi_demo.out" "./Adafruit_GFX.obj" "./Adafruit_SSD1351.obj" "./main.obj" "./oled_test.obj" "./pin_mux_config.obj" "./startup_ccs.obj" "./systick_utils.obj" "./typing.obj" "./uart_if.obj" "../cc3200v1p32.cmd"  -l"C:/ti/CC3200SDK_1.5.0/cc3200-sdk/driverlib/ccs/Release/driverlib.a" -llibc.a 
<Linking>
Finished building target: "spi_demo.out"
 
C:/ti/ccs1250/ccs/utils/tiobj2bin/tiobj2bin spi_demo.out spi_demo.bin C:/ti/ccs1250/ccs/tools/compiler/ti-cgt-arm_20.2.7.LTS/bin/armofd C:/ti/ccs1250/ccs/tools/compiler/ti-cgt-arm_20.2.7.LTS/bin/armhex C:/ti/ccs1250/ccs/utils/tiobj2bin/mkhex4bin
 

**** Build Finished ****

**** Build of configuration Debug for project spi_demo ****

"C:\\ti\\ccs1250\\ccs\\utils\\bin\\gmake" -k -j 12 all -O 
 
Building file: "../main.c"
Invoking: Arm Compiler
"C:/ti/ccs1250/ccs/tools/compiler/ti-cgt-arm_20.2.7.LTS/bin/armcl" -mv7M4 --code_state=16 --float_support=none -me -Ooff --include_path="C:/Users/Josh/Desktop/EEC 172/labs/lab3_part1/spi_demo" --include_path="C:/ti/CC3200SDK_1.5.0/cc3200-sdk/" --include_path="C:/ti/CC3200SDK_1.5.0/cc3200-sdk/driverlib/" --include_path="C:/ti/CC3200SDK_1.5.0/cc3200-sdk/inc/" --include_path="C:/ti/CC3200SDK_1.5.0/cc3200-sdk/example/common/" --include_path="C:/ti/ccs1250/ccs/tools/compiler/ti-cgt-arm_20.2.7.LTS/include" --define=ccs --define=cc3200 -g --diag_warning=225 --diag_wrap=off --display_error_number --abi=eabi --preproc_with_compile --preproc_dependency="main.d_raw"  "../main.c"
 
>> Compilation failure
subdir_rules.mk:9: recipe for target 'main.obj' failed
"../main.c", line 340: warning #225-D: function "setTextSize" declared implicitly
"../main.c", line 341: warning #225-D: function "setTextColor" declared implicitly
"../main.c", line 342: warning #225-D: function "setCursor" declared implicitly
"../main.c", line 371: warning #225-D: function "drawChar" declared implicitly
"../main.c", line 469: warning #225-D: function "drawChar" declared implicitly
"../main.c", line 473: warning #225-D: function "drawChar" declared implicitly
"../main.c", line 486: error #66: expected a ";"
"../main.c", line 496: warning #12-D: parsing restarts here after previous syntax error
"../main.c", line 510: error #66: expected a ";"
"../main.c", line 520: error #126: expected a "("
"../main.c", line 541: warning #12-D: parsing restarts here after previous syntax error
"../main.c", line 541: error #29: expected an expression
"../main.c", line 546: error #117: a break statement may only be used within a loop or switch
"../main.c", line 547: error #122: a case label may only be used within a switch
"../main.c", line 555: error #20: identifier "word" is undefined
"../main.c", line 555: error #20: identifier "numLetters" is undefined
"../main.c", line 557: error #117: a break statement may only be used within a loop or switch
"../main.c", line 558: error #122: a case label may only be used within a switch
"../main.c", line 561: error #66: expected a ";"
"../main.c", line 564: warning #12-D: parsing restarts here after previous syntax error
"../main.c", line 569: error #117: a break statement may only be used within a loop or switch
"../main.c", line 570: error #122: a case label may only be used within a switch
"../main.c", line 571: error #1148: a declaration cannot have a label
"../main.c", line 574: error #128: expected a statement
"../main.c", line 582: warning #12-D: parsing restarts here after previous syntax error
"../main.c", line 583: error #122: a case label may only be used within a switch
"../main.c", line 585: error #20: identifier "victory" is undefined
"../main.c", line 587: error #117: a break statement may only be used within a loop or switch
"../main.c", line 589: error #122: a case label may only be used within a switch
"../main.c", line 591: error #20: identifier "failure" is undefined
"../main.c", line 593: error #117: a break statement may only be used within a loop or switch
"../main.c", line 595: error #122: a case label may only be used within a switch
"../main.c", line 596: error #117: a break statement may only be used within a loop or switch
"../main.c", line 571: warning #552-D: variable "status" was set but never used
"../main.c", line 605: error #171: expected a declaration
"../main.c", line 642: warning #12-D: parsing restarts here after previous syntax error
"../main.c", line 645: warning #78-D: this declaration has no storage class or type specifier
"../main.c", line 645: error #148: declaration is incompatible with "void InitTerm(void)" (declared at line 77 of "C:/ti/CC3200SDK_1.5.0/cc3200-sdk/example/common/uart_if.h")
"../main.c", line 646: warning #78-D: this declaration has no storage class or type specifier
"../main.c", line 646: error #148: declaration is incompatible with "void ClearTerm(void)" (declared at line 78 of "C:/ti/CC3200SDK_1.5.0/cc3200-sdk/example/common/uart_if.h")
"../main.c", line 648: error #80: expected a type specifier
"../main.c", line 648: warning #78-D: this declaration has no storage class or type specifier
"../main.c", line 648: error #148: declaration is incompatible with "void Message(const char *)" (declared at line 79 of "C:/ti/CC3200SDK_1.5.0/cc3200-sdk/example/common/uart_if.h")
"../main.c", line 649: error #80: expected a type specifier
"../main.c", line 649: warning #78-D: this declaration has no storage class or type specifier
"../main.c", line 650: error #80: expected a type specifier
"../main.c", line 650: warning #78-D: this declaration has no storage class or type specifier
"../main.c", line 651: error #80: expected a type specifier
"../main.c", line 651: warning #78-D: this declaration has no storage class or type specifier
"../main.c", line 652: error #80: expected a type specifier
"../main.c", line 652: warning #78-D: this declaration has no storage class or type specifier
"../main.c", line 654: warning #78-D: this declaration has no storage class or type specifier
"../main.c", line 654: error #148: declaration is incompatible with "void Adafruit_Init(void)" (declared at line 95 of "..\Adafruit_SSD1351.h")
"../main.c", line 658: error #171: expected a declaration
At end of source: warning #12-D: parsing restarts here after previous syntax error
"../main.c", line 174: warning #179-D: function "BoardInit" was declared but never referenced
"../main.c", line 211: warning #179-D: function "GPIOInfaredHandler" was declared but never referenced
34 errors detected in the compilation of "../main.c".
gmake: *** [main.obj] Error 1
gmake: Target 'all' not remade because of errors.

**** Build Finished ****

**** Build of configuration Debug for project spi_demo ****

"C:\\ti\\ccs1250\\ccs\\utils\\bin\\gmake" -k -j 12 all -O 
 
Building file: "../main.c"
Invoking: Arm Compiler
"C:/ti/ccs1250/ccs/tools/compiler/ti-cgt-arm_20.2.7.LTS/bin/armcl" -mv7M4 --code_state=16 --float_support=none -me -Ooff --include_path="C:/Users/Josh/Desktop/EEC 172/labs/lab3_part1/spi_demo" --include_path="C:/ti/CC3200SDK_1.5.0/cc3200-sdk/" --include_path="C:/ti/CC3200SDK_1.5.0/cc3200-sdk/driverlib/" --include_path="C:/ti/CC3200SDK_1.5.0/cc3200-sdk/inc/" --include_path="C:/ti/CC3200SDK_1.5.0/cc3200-sdk/example/common/" --include_path="C:/ti/ccs1250/ccs/tools/compiler/ti-cgt-arm_20.2.7.LTS/include" --define=ccs --define=cc3200 -g --diag_warning=225 --diag_wrap=off --display_error_number --abi=eabi --preproc_with_compile --preproc_dependency="main.d_raw"  "../main.c"
 
>> Compilation failure
subdir_rules.mk:9: recipe for target 'main.obj' failed
"../main.c", line 340: warning #225-D: function "setTextSize" declared implicitly
"../main.c", line 341: warning #225-D: function "setTextColor" declared implicitly
"../main.c", line 342: warning #225-D: function "setCursor" declared implicitly
"../main.c", line 371: warning #225-D: function "drawChar" declared implicitly
"../main.c", line 469: warning #225-D: function "drawChar" declared implicitly
"../main.c", line 473: warning #225-D: function "drawChar" declared implicitly
"../main.c", line 486: error #66: expected a ";"
"../main.c", line 496: warning #12-D: parsing restarts here after previous syntax error
"../main.c", line 520: error #126: expected a "("
"../main.c", line 541: warning #12-D: parsing restarts here after previous syntax error
"../main.c", line 541: error #29: expected an expression
"../main.c", line 546: error #117: a break statement may only be used within a loop or switch
"../main.c", line 547: error #122: a case label may only be used within a switch
"../main.c", line 555: error #20: identifier "word" is undefined
"../main.c", line 557: error #117: a break statement may only be used within a loop or switch
"../main.c", line 558: error #122: a case label may only be used within a switch
"../main.c", line 561: error #66: expected a ";"
"../main.c", line 564: warning #12-D: parsing restarts here after previous syntax error
"../main.c", line 569: error #117: a break statement may only be used within a loop or switch
"../main.c", line 570: error #122: a case label may only be used within a switch
"../main.c", line 571: error #1148: a declaration cannot have a label
"../main.c", line 574: error #128: expected a statement
"../main.c", line 582: warning #12-D: parsing restarts here after previous syntax error
"../main.c", line 583: error #122: a case label may only be used within a switch
"../main.c", line 585: error #20: identifier "victory" is undefined
"../main.c", line 587: error #117: a break statement may only be used within a loop or switch
"../main.c", line 589: error #122: a case label may only be used within a switch
"../main.c", line 591: error #20: identifier "failure" is undefined
"../main.c", line 593: error #117: a break statement may only be used within a loop or switch
"../main.c", line 595: error #122: a case label may only be used within a switch
"../main.c", line 596: error #117: a break statement may only be used within a loop or switch
"../main.c", line 571: warning #552-D: variable "status" was set but never used
"../main.c", line 605: error #171: expected a declaration
"../main.c", line 642: warning #12-D: parsing restarts here after previous syntax error
"../main.c", line 645: warning #78-D: this declaration has no storage class or type specifier
"../main.c", line 645: error #148: declaration is incompatible with "void InitTerm(void)" (declared at line 77 of "C:/ti/CC3200SDK_1.5.0/cc3200-sdk/example/common/uart_if.h")
"../main.c", line 646: warning #78-D: this declaration has no storage class or type specifier
"../main.c", line 646: error #148: declaration is incompatible with "void ClearTerm(void)" (declared at line 78 of "C:/ti/CC3200SDK_1.5.0/cc3200-sdk/example/common/uart_if.h")
"../main.c", line 648: error #80: expected a type specifier
"../main.c", line 648: warning #78-D: this declaration has no storage class or type specifier
"../main.c", line 648: error #148: declaration is incompatible with "void Message(const char *)" (declared at line 79 of "C:/ti/CC3200SDK_1.5.0/cc3200-sdk/example/common/uart_if.h")
"../main.c", line 649: error #80: expected a type specifier
"../main.c", line 649: warning #78-D: this declaration has no storage class or type specifier
"../main.c", line 650: error #80: expected a type specifier
"../main.c", line 650: warning #78-D: this declaration has no storage class or type specifier
"../main.c", line 651: error #80: expected a type specifier
"../main.c", line 651: warning #78-D: this declaration has no storage class or type specifier
"../main.c", line 652: error #80: expected a type specifier
"../main.c", line 652: warning #78-D: this declaration has no storage class or type specifier
"../main.c", line 654: warning #78-D: this declaration has no storage class or type specifier
"../main.c", line 654: error #148: declaration is incompatible with "void Adafruit_Init(void)" (declared at line 95 of "..\Adafruit_SSD1351.h")
"../main.c", line 658: error #171: expected a declaration
At end of source: warning #12-D: parsing restarts here after previous syntax error
"../main.c", line 174: warning #179-D: function "BoardInit" was declared but never referenced
"../main.c", line 211: warning #179-D: function "GPIOInfaredHandler" was declared but never referenced
32 errors detected in the compilation of "../main.c".
gmake: *** [main.obj] Error 1
gmake: Target 'all' not remade because of errors.

**** Build Finished ****

**** Build of configuration Debug for project spi_demo ****

"C:\\ti\\ccs1250\\ccs\\utils\\bin\\gmake" -k -j 12 all -O 
 
Building file: "../main.c"
Invoking: Arm Compiler
"C:/ti/ccs1250/ccs/tools/compiler/ti-cgt-arm_20.2.7.LTS/bin/armcl" -mv7M4 --code_state=16 --float_support=none -me -Ooff --include_path="C:/Users/Josh/Desktop/EEC 172/labs/lab3_part1/spi_demo" --include_path="C:/ti/CC3200SDK_1.5.0/cc3200-sdk/" --include_path="C:/ti/CC3200SDK_1.5.0/cc3200-sdk/driverlib/" --include_path="C:/ti/CC3200SDK_1.5.0/cc3200-sdk/inc/" --include_path="C:/ti/CC3200SDK_1.5.0/cc3200-sdk/example/common/" --include_path="C:/ti/ccs1250/ccs/tools/compiler/ti-cgt-arm_20.2.7.LTS/include" --define=ccs --define=cc3200 -g --diag_warning=225 --diag_wrap=off --display_error_number --abi=eabi --preproc_with_compile --preproc_dependency="main.d_raw"  "../main.c"
 
>> Compilation failure
subdir_rules.mk:9: recipe for target 'main.obj' failed
"../main.c", line 340: warning #225-D: function "setTextSize" declared implicitly
"../main.c", line 341: warning #225-D: function "setTextColor" declared implicitly
"../main.c", line 342: warning #225-D: function "setCursor" declared implicitly
"../main.c", line 371: warning #225-D: function "drawChar" declared implicitly
"../main.c", line 469: warning #225-D: function "drawChar" declared implicitly
"../main.c", line 473: warning #225-D: function "drawChar" declared implicitly
"../main.c", line 520: error #126: expected a "("
"../main.c", line 541: warning #12-D: parsing restarts here after previous syntax error
"../main.c", line 541: error #29: expected an expression
"../main.c", line 546: error #117: a break statement may only be used within a loop or switch
"../main.c", line 547: error #122: a case label may only be used within a switch
"../main.c", line 555: warning #169-D: argument of type "volatile char *" is incompatible with parameter of type "const char *"
"../main.c", line 557: error #117: a break statement may only be used within a loop or switch
"../main.c", line 558: error #122: a case label may only be used within a switch
"../main.c", line 561: error #66: expected a ";"
"../main.c", line 564: warning #12-D: parsing restarts here after previous syntax error
"../main.c", line 569: error #117: a break statement may only be used within a loop or switch
"../main.c", line 570: error #122: a case label may only be used within a switch
"../main.c", line 571: error #1148: a declaration cannot have a label
"../main.c", line 572: warning #169-D: argument of type "volatile char *" is incompatible with parameter of type "const char *"
"../main.c", line 574: error #128: expected a statement
"../main.c", line 582: warning #12-D: parsing restarts here after previous syntax error
"../main.c", line 583: error #122: a case label may only be used within a switch
"../main.c", line 587: error #117: a break statement may only be used within a loop or switch
"../main.c", line 589: error #122: a case label may only be used within a switch
"../main.c", line 593: error #117: a break statement may only be used within a loop or switch
"../main.c", line 595: error #122: a case label may only be used within a switch
"../main.c", line 596: error #117: a break statement may only be used within a loop or switch
"../main.c", line 571: warning #552-D: variable "status" was set but never used
"../main.c", line 605: error #171: expected a declaration
"../main.c", line 642: warning #12-D: parsing restarts here after previous syntax error
"../main.c", line 645: warning #78-D: this declaration has no storage class or type specifier
"../main.c", line 645: error #148: declaration is incompatible with "void InitTerm(void)" (declared at line 77 of "C:/ti/CC3200SDK_1.5.0/cc3200-sdk/example/common/uart_if.h")
"../main.c", line 646: warning #78-D: this declaration has no storage class or type specifier
"../main.c", line 646: error #148: declaration is incompatible with "void ClearTerm(void)" (declared at line 78 of "C:/ti/CC3200SDK_1.5.0/cc3200-sdk/example/common/uart_if.h")
"../main.c", line 648: error #80: expected a type specifier
"../main.c", line 648: warning #78-D: this declaration has no storage class or type specifier
"../main.c", line 648: error #148: declaration is incompatible with "void Message(const char *)" (declared at line 79 of "C:/ti/CC3200SDK_1.5.0/cc3200-sdk/example/common/uart_if.h")
"../main.c", line 649: error #80: expected a type specifier
"../main.c", line 649: warning #78-D: this declaration has no storage class or type specifier
"../main.c", line 650: error #80: expected a type specifier
"../main.c", line 650: warning #78-D: this declaration has no storage class or type specifier
"../main.c", line 651: error #80: expected a type specifier
"../main.c", line 651: warning #78-D: this declaration has no storage class or type specifier
"../main.c", line 652: error #80: expected a type specifier
"../main.c", line 652: warning #78-D: this declaration has no storage class or type specifier
"../main.c", line 654: warning #78-D: this declaration has no storage class or type specifier
"../main.c", line 654: error #148: declaration is incompatible with "void Adafruit_Init(void)" (declared at line 95 of "..\Adafruit_SSD1351.h")
"../main.c", line 658: error #171: expected a declaration
At end of source: warning #12-D: parsing restarts here after previous syntax error
"../main.c", line 174: warning #179-D: function "BoardInit" was declared but never referenced
"../main.c", line 211: warning #179-D: function "GPIOInfaredHandler" was declared but never referenced
28 errors detected in the compilation of "../main.c".
gmake: *** [main.obj] Error 1
gmake: Target 'all' not remade because of errors.

**** Build Finished ****

**** Build of configuration Debug for project spi_demo ****

"C:\\ti\\ccs1250\\ccs\\utils\\bin\\gmake" -k -j 12 all -O 
 
Building file: "../main.c"
Invoking: Arm Compiler
"C:/ti/ccs1250/ccs/tools/compiler/ti-cgt-arm_20.2.7.LTS/bin/armcl" -mv7M4 --code_state=16 --float_support=none -me -Ooff --include_path="C:/Users/Josh/Desktop/EEC 172/labs/lab3_part1/spi_demo" --include_path="C:/ti/CC3200SDK_1.5.0/cc3200-sdk/" --include_path="C:/ti/CC3200SDK_1.5.0/cc3200-sdk/driverlib/" --include_path="C:/ti/CC3200SDK_1.5.0/cc3200-sdk/inc/" --include_path="C:/ti/CC3200SDK_1.5.0/cc3200-sdk/example/common/" --include_path="C:/ti/ccs1250/ccs/tools/compiler/ti-cgt-arm_20.2.7.LTS/include" --define=ccs --define=cc3200 -g --diag_warning=225 --diag_wrap=off --display_error_number --abi=eabi --preproc_with_compile --preproc_dependency="main.d_raw"  "../main.c"
 
>> Compilation failure
subdir_rules.mk:9: recipe for target 'main.obj' failed
"../main.c", line 340: warning #225-D: function "setTextSize" declared implicitly
"../main.c", line 341: warning #225-D: function "setTextColor" declared implicitly
"../main.c", line 342: warning #225-D: function "setCursor" declared implicitly
"../main.c", line 371: warning #225-D: function "drawChar" declared implicitly
"../main.c", line 469: warning #225-D: function "drawChar" declared implicitly
"../main.c", line 473: warning #225-D: function "drawChar" declared implicitly
"../main.c", line 524: warning #225-D: function "setTextSize" declared implicitly
"../main.c", line 525: warning #225-D: function "setTextColor" declared implicitly
"../main.c", line 526: warning #225-D: function "setCursor" declared implicitly
"../main.c", line 536: error #20: identifier "x_read" is undefined
"../main.c", line 555: warning #169-D: argument of type "volatile char *" is incompatible with parameter of type "const char *"
"../main.c", line 561: error #66: expected a ";"
"../main.c", line 564: warning #12-D: parsing restarts here after previous syntax error
"../main.c", line 571: error #1148: a declaration cannot have a label
"../main.c", line 572: warning #169-D: argument of type "volatile char *" is incompatible with parameter of type "const char *"
"../main.c", line 574: error #128: expected a statement
"../main.c", line 582: warning #12-D: parsing restarts here after previous syntax error
"../main.c", line 571: warning #552-D: variable "status" was set but never used
"../main.c", line 660: warning #225-D: function "setTextSize" declared implicitly
"../main.c", line 661: warning #225-D: function "setTextColor" declared implicitly
"../main.c", line 662: warning #225-D: function "setCursor" declared implicitly
"../main.c", line 686: error #128: expected a statement
"../main.c", line 698: warning #12-D: parsing restarts here after previous syntax error
"../main.c", line 664: warning #179-D: variable "x" was declared but never referenced
"../main.c", line 665: warning #179-D: variable "y" was declared but never referenced
At end of source: error #68: expected a "}"
6 errors detected in the compilation of "../main.c".
gmake: *** [main.obj] Error 1
gmake: Target 'all' not remade because of errors.

**** Build Finished ****

**** Build of configuration Debug for project spi_demo ****

"C:\\ti\\ccs1250\\ccs\\utils\\bin\\gmake" -k -j 12 all -O 
 
Building file: "../main.c"
Invoking: Arm Compiler
"C:/ti/ccs1250/ccs/tools/compiler/ti-cgt-arm_20.2.7.LTS/bin/armcl" -mv7M4 --code_state=16 --float_support=none -me -Ooff --include_path="C:/Users/Josh/Desktop/EEC 172/labs/lab3_part1/spi_demo" --include_path="C:/ti/CC3200SDK_1.5.0/cc3200-sdk/" --include_path="C:/ti/CC3200SDK_1.5.0/cc3200-sdk/driverlib/" --include_path="C:/ti/CC3200SDK_1.5.0/cc3200-sdk/inc/" --include_path="C:/ti/CC3200SDK_1.5.0/cc3200-sdk/example/common/" --include_path="C:/ti/ccs1250/ccs/tools/compiler/ti-cgt-arm_20.2.7.LTS/include" --define=ccs --define=cc3200 -g --diag_warning=225 --diag_wrap=off --display_error_number --abi=eabi --preproc_with_compile --preproc_dependency="main.d_raw"  "../main.c"
 
>> Compilation failure
subdir_rules.mk:9: recipe for target 'main.obj' failed
"../main.c", line 340: warning #225-D: function "setTextSize" declared implicitly
"../main.c", line 341: warning #225-D: function "setTextColor" declared implicitly
"../main.c", line 342: warning #225-D: function "setCursor" declared implicitly
"../main.c", line 371: warning #225-D: function "drawChar" declared implicitly
"../main.c", line 469: warning #225-D: function "drawChar" declared implicitly
"../main.c", line 473: warning #225-D: function "drawChar" declared implicitly
"../main.c", line 524: warning #225-D: function "setTextSize" declared implicitly
"../main.c", line 525: warning #225-D: function "setTextColor" declared implicitly
"../main.c", line 526: warning #225-D: function "setCursor" declared implicitly
"../main.c", line 555: warning #169-D: argument of type "volatile char *" is incompatible with parameter of type "const char *"
"../main.c", line 561: error #66: expected a ";"
"../main.c", line 564: warning #12-D: parsing restarts here after previous syntax error
"../main.c", line 571: error #1148: a declaration cannot have a label
"../main.c", line 572: warning #169-D: argument of type "volatile char *" is incompatible with parameter of type "const char *"
"../main.c", line 574: error #128: expected a statement
"../main.c", line 582: warning #12-D: parsing restarts here after previous syntax error
"../main.c", line 571: warning #552-D: variable "status" was set but never used
"../main.c", line 660: warning #225-D: function "setTextSize" declared implicitly
"../main.c", line 661: warning #225-D: function "setTextColor" declared implicitly
"../main.c", line 662: warning #225-D: function "setCursor" declared implicitly
"../main.c", line 686: error #128: expected a statement
"../main.c", line 698: warning #12-D: parsing restarts here after previous syntax error
"../main.c", line 664: warning #179-D: variable "x" was declared but never referenced
"../main.c", line 665: warning #179-D: variable "y" was declared but never referenced
At end of source: error #68: expected a "}"
5 errors detected in the compilation of "../main.c".
gmake: *** [main.obj] Error 1
gmake: Target 'all' not remade because of errors.

**** Build Finished ****

**** Build of configuration Debug for project spi_demo ****

"C:\\ti\\ccs1250\\ccs\\utils\\bin\\gmake" -k -j 12 all -O 
 
Building file: "../main.c"
Invoking: Arm Compiler
"C:/ti/ccs1250/ccs/tools/compiler/ti-cgt-arm_20.2.7.LTS/bin/armcl" -mv7M4 --code_state=16 --float_support=none -me -Ooff --include_path="C:/Users/Josh/Desktop/EEC 172/labs/lab3_part1/spi_demo" --include_path="C:/ti/CC3200SDK_1.5.0/cc3200-sdk/" --include_path="C:/ti/CC3200SDK_1.5.0/cc3200-sdk/driverlib/" --include_path="C:/ti/CC3200SDK_1.5.0/cc3200-sdk/inc/" --include_path="C:/ti/CC3200SDK_1.5.0/cc3200-sdk/example/common/" --include_path="C:/ti/ccs1250/ccs/tools/compiler/ti-cgt-arm_20.2.7.LTS/include" --define=ccs --define=cc3200 -g --diag_warning=225 --diag_wrap=off --display_error_number --abi=eabi --preproc_with_compile --preproc_dependency="main.d_raw"  "../main.c"
 
>> Compilation failure
subdir_rules.mk:9: recipe for target 'main.obj' failed
"../main.c", line 340: warning #225-D: function "setTextSize" declared implicitly
"../main.c", line 341: warning #225-D: function "setTextColor" declared implicitly
"../main.c", line 342: warning #225-D: function "setCursor" declared implicitly
"../main.c", line 371: warning #225-D: function "drawChar" declared implicitly
"../main.c", line 469: warning #225-D: function "drawChar" declared implicitly
"../main.c", line 473: warning #225-D: function "drawChar" declared implicitly
"../main.c", line 524: warning #225-D: function "setTextSize" declared implicitly
"../main.c", line 525: warning #225-D: function "setTextColor" declared implicitly
"../main.c", line 526: warning #225-D: function "setCursor" declared implicitly
"../main.c", line 555: warning #169-D: argument of type "volatile char *" is incompatible with parameter of type "const char *"
"../main.c", line 571: error #1148: a declaration cannot have a label
"../main.c", line 572: warning #169-D: argument of type "volatile char *" is incompatible with parameter of type "const char *"
"../main.c", line 574: error #128: expected a statement
"../main.c", line 582: warning #12-D: parsing restarts here after previous syntax error
"../main.c", line 571: warning #552-D: variable "status" was set but never used
"../main.c", line 660: warning #225-D: function "setTextSize" declared implicitly
"../main.c", line 661: warning #225-D: function "setTextColor" declared implicitly
"../main.c", line 662: warning #225-D: function "setCursor" declared implicitly
"../main.c", line 686: error #128: expected a statement
"../main.c", line 698: warning #12-D: parsing restarts here after previous syntax error
"../main.c", line 664: warning #179-D: variable "x" was declared but never referenced
"../main.c", line 665: warning #179-D: variable "y" was declared but never referenced
At end of source: error #68: expected a "}"
4 errors detected in the compilation of "../main.c".
gmake: *** [main.obj] Error 1
gmake: Target 'all' not remade because of errors.

**** Build Finished ****

**** Build of configuration Debug for project spi_demo ****

"C:\\ti\\ccs1250\\ccs\\utils\\bin\\gmake" -k -j 12 all -O 
 
Building file: "../main.c"
Invoking: Arm Compiler
"C:/ti/ccs1250/ccs/tools/compiler/ti-cgt-arm_20.2.7.LTS/bin/armcl" -mv7M4 --code_state=16 --float_support=none -me -Ooff --include_path="C:/Users/Josh/Desktop/EEC 172/labs/lab3_part1/spi_demo" --include_path="C:/ti/CC3200SDK_1.5.0/cc3200-sdk/" --include_path="C:/ti/CC3200SDK_1.5.0/cc3200-sdk/driverlib/" --include_path="C:/ti/CC3200SDK_1.5.0/cc3200-sdk/inc/" --include_path="C:/ti/CC3200SDK_1.5.0/cc3200-sdk/example/common/" --include_path="C:/ti/ccs1250/ccs/tools/compiler/ti-cgt-arm_20.2.7.LTS/include" --define=ccs --define=cc3200 -g --diag_warning=225 --diag_wrap=off --display_error_number --abi=eabi --preproc_with_compile --preproc_dependency="main.d_raw"  "../main.c"
 
>> Compilation failure
subdir_rules.mk:9: recipe for target 'main.obj' failed
"../main.c", line 340: warning #225-D: function "setTextSize" declared implicitly
"../main.c", line 341: warning #225-D: function "setTextColor" declared implicitly
"../main.c", line 342: warning #225-D: function "setCursor" declared implicitly
"../main.c", line 371: warning #225-D: function "drawChar" declared implicitly
"../main.c", line 469: warning #225-D: function "drawChar" declared implicitly
"../main.c", line 473: warning #225-D: function "drawChar" declared implicitly
"../main.c", line 525: warning #225-D: function "setTextSize" declared implicitly
"../main.c", line 526: warning #225-D: function "setTextColor" declared implicitly
"../main.c", line 527: warning #225-D: function "setCursor" declared implicitly
"../main.c", line 556: warning #169-D: argument of type "volatile char *" is incompatible with parameter of type "const char *"
"../main.c", line 572: warning #169-D: argument of type "volatile char *" is incompatible with parameter of type "const char *"
"../main.c", line 660: warning #225-D: function "setTextSize" declared implicitly
"../main.c", line 661: warning #225-D: function "setTextColor" declared implicitly
"../main.c", line 662: warning #225-D: function "setCursor" declared implicitly
"../main.c", line 686: error #128: expected a statement
"../main.c", line 698: warning #12-D: parsing restarts here after previous syntax error
"../main.c", line 664: warning #179-D: variable "x" was declared but never referenced
"../main.c", line 665: warning #179-D: variable "y" was declared but never referenced
At end of source: error #68: expected a "}"
2 errors detected in the compilation of "../main.c".
gmake: *** [main.obj] Error 1
gmake: Target 'all' not remade because of errors.

**** Build Finished ****

**** Build of configuration Debug for project spi_demo ****

"C:\\ti\\ccs1250\\ccs\\utils\\bin\\gmake" -k -j 12 all -O 
 
Building file: "../main.c"
Invoking: Arm Compiler
"C:/ti/ccs1250/ccs/tools/compiler/ti-cgt-arm_20.2.7.LTS/bin/armcl" -mv7M4 --code_state=16 --float_support=none -me -Ooff --include_path="C:/Users/Josh/Desktop/EEC 172/labs/lab3_part1/spi_demo" --include_path="C:/ti/CC3200SDK_1.5.0/cc3200-sdk/" --include_path="C:/ti/CC3200SDK_1.5.0/cc3200-sdk/driverlib/" --include_path="C:/ti/CC3200SDK_1.5.0/cc3200-sdk/inc/" --include_path="C:/ti/CC3200SDK_1.5.0/cc3200-sdk/example/common/" --include_path="C:/ti/ccs1250/ccs/tools/compiler/ti-cgt-arm_20.2.7.LTS/include" --define=ccs --define=cc3200 -g --diag_warning=225 --diag_wrap=off --display_error_number --abi=eabi --preproc_with_compile --preproc_dependency="main.d_raw"  "../main.c"
"../main.c", line 340: warning #225-D: function "setTextSize" declared implicitly
"../main.c", line 341: warning #225-D: function "setTextColor" declared implicitly
"../main.c", line 342: warning #225-D: function "setCursor" declared implicitly
"../main.c", line 371: warning #225-D: function "drawChar" declared implicitly
"../main.c", line 469: warning #225-D: function "drawChar" declared implicitly
"../main.c", line 473: warning #225-D: function "drawChar" declared implicitly
"../main.c", line 525: warning #225-D: function "setTextSize" declared implicitly
"../main.c", line 526: warning #225-D: function "setTextColor" declared implicitly
"../main.c", line 527: warning #225-D: function "setCursor" declared implicitly
"../main.c", line 556: warning #169-D: argument of type "volatile char *" is incompatible with parameter of type "const char *"
"../main.c", line 572: warning #169-D: argument of type "volatile char *" is incompatible with parameter of type "const char *"
"../main.c", line 660: warning #225-D: function "setTextSize" declared implicitly
"../main.c", line 661: warning #225-D: function "setTextColor" declared implicitly
"../main.c", line 662: warning #225-D: function "setCursor" declared implicitly
"../main.c", line 664: warning #179-D: variable "x" was declared but never referenced
"../main.c", line 665: warning #179-D: variable "y" was declared but never referenced
Finished building: "../main.c"
 
Building target: "spi_demo.out"
Invoking: Arm Linker
"C:/ti/ccs1250/ccs/tools/compiler/ti-cgt-arm_20.2.7.LTS/bin/armcl" -mv7M4 --code_state=16 --float_support=none -me -Ooff --define=ccs --define=cc3200 -g --diag_warning=225 --diag_wrap=off --display_error_number --abi=eabi -z -m"spi_demo.map" --heap_size=0x800 --stack_size=0x800 -i"C:/ti/ccs1250/ccs/tools/compiler/ti-cgt-arm_20.2.7.LTS/lib" -i"C:/ti/ccs1250/ccs/tools/compiler/ti-cgt-arm_20.2.7.LTS/include" --reread_libs --diag_wrap=off --display_error_number --warn_sections --xml_link_info="spi_demo_linkInfo.xml" --rom_model -o "spi_demo.out" "./Adafruit_GFX.obj" "./Adafruit_SSD1351.obj" "./main.obj" "./oled_test.obj" "./pin_mux_config.obj" "./startup_ccs.obj" "./systick_utils.obj" "./typing.obj" "./uart_if.obj" "../cc3200v1p32.cmd"  -l"C:/ti/CC3200SDK_1.5.0/cc3200-sdk/driverlib/ccs/Release/driverlib.a" -llibc.a 
<Linking>
Finished building target: "spi_demo.out"
 
C:/ti/ccs1250/ccs/utils/tiobj2bin/tiobj2bin spi_demo.out spi_demo.bin C:/ti/ccs1250/ccs/tools/compiler/ti-cgt-arm_20.2.7.LTS/bin/armofd C:/ti/ccs1250/ccs/tools/compiler/ti-cgt-arm_20.2.7.LTS/bin/armhex C:/ti/ccs1250/ccs/utils/tiobj2bin/mkhex4bin
 

**** Build Finished ****

**** Build of configuration Debug for project spi_demo ****

"C:\\ti\\ccs1250\\ccs\\utils\\bin\\gmake" -k -j 12 all -O 
 
gmake[1]: 'spi_demo.out' is up to date.

**** Build Finished ****

**** Build of configuration Debug for project spi_demo ****

"C:\\ti\\ccs1250\\ccs\\utils\\bin\\gmake" -k -j 12 all -O 
 
Building file: "../main.c"
Invoking: Arm Compiler
"C:/ti/ccs1250/ccs/tools/compiler/ti-cgt-arm_20.2.7.LTS/bin/armcl" -mv7M4 --code_state=16 --float_support=none -me -Ooff --include_path="C:/Users/Josh/Desktop/EEC 172/labs/lab3_part1/spi_demo" --include_path="C:/ti/CC3200SDK_1.5.0/cc3200-sdk/" --include_path="C:/ti/CC3200SDK_1.5.0/cc3200-sdk/driverlib/" --include_path="C:/ti/CC3200SDK_1.5.0/cc3200-sdk/inc/" --include_path="C:/ti/CC3200SDK_1.5.0/cc3200-sdk/example/common/" --include_path="C:/ti/ccs1250/ccs/tools/compiler/ti-cgt-arm_20.2.7.LTS/include" --define=ccs --define=cc3200 -g --diag_warning=225 --diag_wrap=off --display_error_number --abi=eabi --preproc_with_compile --preproc_dependency="main.d_raw"  "../main.c"
"../main.c", line 340: warning #225-D: function "setTextSize" declared implicitly
"../main.c", line 341: warning #225-D: function "setTextColor" declared implicitly
"../main.c", line 342: warning #225-D: function "setCursor" declared implicitly
"../main.c", line 371: warning #225-D: function "drawChar" declared implicitly
"../main.c", line 469: warning #225-D: function "drawChar" declared implicitly
"../main.c", line 473: warning #225-D: function "drawChar" declared implicitly
"../main.c", line 525: warning #225-D: function "setTextSize" declared implicitly
"../main.c", line 526: warning #225-D: function "setTextColor" declared implicitly
"../main.c", line 527: warning #225-D: function "setCursor" declared implicitly
"../main.c", line 539: warning #112-D: statement is unreachable
"../main.c", line 557: warning #169-D: argument of type "volatile char *" is incompatible with parameter of type "const char *"
"../main.c", line 573: warning #169-D: argument of type "volatile char *" is incompatible with parameter of type "const char *"
"../main.c", line 661: warning #225-D: function "setTextSize" declared implicitly
"../main.c", line 662: warning #225-D: function "setTextColor" declared implicitly
"../main.c", line 663: warning #225-D: function "setCursor" declared implicitly
"../main.c", line 665: warning #179-D: variable "x" was declared but never referenced
"../main.c", line 666: warning #179-D: variable "y" was declared but never referenced
Finished building: "../main.c"
 
Building target: "spi_demo.out"
Invoking: Arm Linker
"C:/ti/ccs1250/ccs/tools/compiler/ti-cgt-arm_20.2.7.LTS/bin/armcl" -mv7M4 --code_state=16 --float_support=none -me -Ooff --define=ccs --define=cc3200 -g --diag_warning=225 --diag_wrap=off --display_error_number --abi=eabi -z -m"spi_demo.map" --heap_size=0x800 --stack_size=0x800 -i"C:/ti/ccs1250/ccs/tools/compiler/ti-cgt-arm_20.2.7.LTS/lib" -i"C:/ti/ccs1250/ccs/tools/compiler/ti-cgt-arm_20.2.7.LTS/include" --reread_libs --diag_wrap=off --display_error_number --warn_sections --xml_link_info="spi_demo_linkInfo.xml" --rom_model -o "spi_demo.out" "./Adafruit_GFX.obj" "./Adafruit_SSD1351.obj" "./main.obj" "./oled_test.obj" "./pin_mux_config.obj" "./startup_ccs.obj" "./systick_utils.obj" "./typing.obj" "./uart_if.obj" "../cc3200v1p32.cmd"  -l"C:/ti/CC3200SDK_1.5.0/cc3200-sdk/driverlib/ccs/Release/driverlib.a" -llibc.a 
<Linking>
Finished building target: "spi_demo.out"
 
C:/ti/ccs1250/ccs/utils/tiobj2bin/tiobj2bin spi_demo.out spi_demo.bin C:/ti/ccs1250/ccs/tools/compiler/ti-cgt-arm_20.2.7.LTS/bin/armofd C:/ti/ccs1250/ccs/tools/compiler/ti-cgt-arm_20.2.7.LTS/bin/armhex C:/ti/ccs1250/ccs/utils/tiobj2bin/mkhex4bin
 

**** Build Finished ****

**** Build of configuration Debug for project spi_demo ****

"C:\\ti\\ccs1250\\ccs\\utils\\bin\\gmake" -k -j 12 all -O 
 
Building file: "../main.c"
Invoking: Arm Compiler
"C:/ti/ccs1250/ccs/tools/compiler/ti-cgt-arm_20.2.7.LTS/bin/armcl" -mv7M4 --code_state=16 --float_support=none -me -Ooff --include_path="C:/Users/Josh/Desktop/EEC 172/labs/lab3_part1/spi_demo" --include_path="C:/ti/CC3200SDK_1.5.0/cc3200-sdk/" --include_path="C:/ti/CC3200SDK_1.5.0/cc3200-sdk/driverlib/" --include_path="C:/ti/CC3200SDK_1.5.0/cc3200-sdk/inc/" --include_path="C:/ti/CC3200SDK_1.5.0/cc3200-sdk/example/common/" --include_path="C:/ti/ccs1250/ccs/tools/compiler/ti-cgt-arm_20.2.7.LTS/include" --define=ccs --define=cc3200 -g --diag_warning=225 --diag_wrap=off --display_error_number --abi=eabi --preproc_with_compile --preproc_dependency="main.d_raw"  "../main.c"
"../main.c", line 340: warning #225-D: function "setTextSize" declared implicitly
"../main.c", line 341: warning #225-D: function "setTextColor" declared implicitly
"../main.c", line 342: warning #225-D: function "setCursor" declared implicitly
"../main.c", line 371: warning #225-D: function "drawChar" declared implicitly
"../main.c", line 469: warning #225-D: function "drawChar" declared implicitly
"../main.c", line 473: warning #225-D: function "drawChar" declared implicitly
"../main.c", line 525: warning #225-D: function "setTextSize" declared implicitly
"../main.c", line 526: warning #225-D: function "setTextColor" declared implicitly
"../main.c", line 527: warning #225-D: function "setCursor" declared implicitly
"../main.c", line 539: warning #112-D: statement is unreachable
"../main.c", line 557: warning #169-D: argument of type "volatile char *" is incompatible with parameter of type "const char *"
"../main.c", line 573: warning #169-D: argument of type "volatile char *" is incompatible with parameter of type "const char *"
"../main.c", line 661: warning #225-D: function "setTextSize" declared implicitly
"../main.c", line 662: warning #225-D: function "setTextColor" declared implicitly
"../main.c", line 663: warning #225-D: function "setCursor" declared implicitly
"../main.c", line 665: warning #179-D: variable "x" was declared but never referenced
"../main.c", line 666: warning #179-D: variable "y" was declared but never referenced
Finished building: "../main.c"
 
Building target: "spi_demo.out"
Invoking: Arm Linker
"C:/ti/ccs1250/ccs/tools/compiler/ti-cgt-arm_20.2.7.LTS/bin/armcl" -mv7M4 --code_state=16 --float_support=none -me -Ooff --define=ccs --define=cc3200 -g --diag_warning=225 --diag_wrap=off --display_error_number --abi=eabi -z -m"spi_demo.map" --heap_size=0x800 --stack_size=0x800 -i"C:/ti/ccs1250/ccs/tools/compiler/ti-cgt-arm_20.2.7.LTS/lib" -i"C:/ti/ccs1250/ccs/tools/compiler/ti-cgt-arm_20.2.7.LTS/include" --reread_libs --diag_wrap=off --display_error_number --warn_sections --xml_link_info="spi_demo_linkInfo.xml" --rom_model -o "spi_demo.out" "./Adafruit_GFX.obj" "./Adafruit_SSD1351.obj" "./main.obj" "./oled_test.obj" "./pin_mux_config.obj" "./startup_ccs.obj" "./systick_utils.obj" "./typing.obj" "./uart_if.obj" "../cc3200v1p32.cmd"  -l"C:/ti/CC3200SDK_1.5.0/cc3200-sdk/driverlib/ccs/Release/driverlib.a" -llibc.a 
<Linking>
Finished building target: "spi_demo.out"
 
C:/ti/ccs1250/ccs/utils/tiobj2bin/tiobj2bin spi_demo.out spi_demo.bin C:/ti/ccs1250/ccs/tools/compiler/ti-cgt-arm_20.2.7.LTS/bin/armofd C:/ti/ccs1250/ccs/tools/compiler/ti-cgt-arm_20.2.7.LTS/bin/armhex C:/ti/ccs1250/ccs/utils/tiobj2bin/mkhex4bin
 

**** Build Finished ****

**** Build of configuration Debug for project spi_demo ****

"C:\\ti\\ccs1250\\ccs\\utils\\bin\\gmake" -k -j 12 all -O 
 
Building file: "../main.c"
Invoking: Arm Compiler
"C:/ti/ccs1250/ccs/tools/compiler/ti-cgt-arm_20.2.7.LTS/bin/armcl" -mv7M4 --code_state=16 --float_support=none -me -Ooff --include_path="C:/Users/Josh/Desktop/EEC 172/labs/lab3_part1/spi_demo" --include_path="C:/ti/CC3200SDK_1.5.0/cc3200-sdk/" --include_path="C:/ti/CC3200SDK_1.5.0/cc3200-sdk/driverlib/" --include_path="C:/ti/CC3200SDK_1.5.0/cc3200-sdk/inc/" --include_path="C:/ti/CC3200SDK_1.5.0/cc3200-sdk/example/common/" --include_path="C:/ti/ccs1250/ccs/tools/compiler/ti-cgt-arm_20.2.7.LTS/include" --define=ccs --define=cc3200 -g --diag_warning=225 --diag_wrap=off --display_error_number --abi=eabi --preproc_with_compile --preproc_dependency="main.d_raw"  "../main.c"
"../main.c", line 340: warning #225-D: function "setTextSize" declared implicitly
"../main.c", line 341: warning #225-D: function "setTextColor" declared implicitly
"../main.c", line 342: warning #225-D: function "setCursor" declared implicitly
"../main.c", line 371: warning #225-D: function "drawChar" declared implicitly
"../main.c", line 469: warning #225-D: function "drawChar" declared implicitly
"../main.c", line 473: warning #225-D: function "drawChar" declared implicitly
"../main.c", line 526: warning #225-D: function "setTextSize" declared implicitly
"../main.c", line 527: warning #225-D: function "setTextColor" declared implicitly
"../main.c", line 528: warning #225-D: function "setCursor" declared implicitly
"../main.c", line 540: warning #112-D: statement is unreachable
"../main.c", line 558: warning #169-D: argument of type "volatile char *" is incompatible with parameter of type "const char *"
"../main.c", line 574: warning #169-D: argument of type "volatile char *" is incompatible with parameter of type "const char *"
"../main.c", line 662: warning #225-D: function "setTextSize" declared implicitly
"../main.c", line 663: warning #225-D: function "setTextColor" declared implicitly
"../main.c", line 664: warning #225-D: function "setCursor" declared implicitly
"../main.c", line 666: warning #179-D: variable "x" was declared but never referenced
"../main.c", line 667: warning #179-D: variable "y" was declared but never referenced
Finished building: "../main.c"
 
Building target: "spi_demo.out"
Invoking: Arm Linker
"C:/ti/ccs1250/ccs/tools/compiler/ti-cgt-arm_20.2.7.LTS/bin/armcl" -mv7M4 --code_state=16 --float_support=none -me -Ooff --define=ccs --define=cc3200 -g --diag_warning=225 --diag_wrap=off --display_error_number --abi=eabi -z -m"spi_demo.map" --heap_size=0x800 --stack_size=0x800 -i"C:/ti/ccs1250/ccs/tools/compiler/ti-cgt-arm_20.2.7.LTS/lib" -i"C:/ti/ccs1250/ccs/tools/compiler/ti-cgt-arm_20.2.7.LTS/include" --reread_libs --diag_wrap=off --display_error_number --warn_sections --xml_link_info="spi_demo_linkInfo.xml" --rom_model -o "spi_demo.out" "./Adafruit_GFX.obj" "./Adafruit_SSD1351.obj" "./main.obj" "./oled_test.obj" "./pin_mux_config.obj" "./startup_ccs.obj" "./systick_utils.obj" "./typing.obj" "./uart_if.obj" "../cc3200v1p32.cmd"  -l"C:/ti/CC3200SDK_1.5.0/cc3200-sdk/driverlib/ccs/Release/driverlib.a" -llibc.a 
<Linking>
Finished building target: "spi_demo.out"
 
C:/ti/ccs1250/ccs/utils/tiobj2bin/tiobj2bin spi_demo.out spi_demo.bin C:/ti/ccs1250/ccs/tools/compiler/ti-cgt-arm_20.2.7.LTS/bin/armofd C:/ti/ccs1250/ccs/tools/compiler/ti-cgt-arm_20.2.7.LTS/bin/armhex C:/ti/ccs1250/ccs/utils/tiobj2bin/mkhex4bin
 

**** Build Finished ****

**** Build of configuration Debug for project spi_demo ****

"C:\\ti\\ccs1250\\ccs\\utils\\bin\\gmake" -k -j 12 all -O 
 
Building file: "../main.c"
Invoking: Arm Compiler
"C:/ti/ccs1250/ccs/tools/compiler/ti-cgt-arm_20.2.7.LTS/bin/armcl" -mv7M4 --code_state=16 --float_support=none -me -Ooff --include_path="C:/Users/Josh/Desktop/EEC 172/labs/lab3_part1/spi_demo" --include_path="C:/ti/CC3200SDK_1.5.0/cc3200-sdk/" --include_path="C:/ti/CC3200SDK_1.5.0/cc3200-sdk/driverlib/" --include_path="C:/ti/CC3200SDK_1.5.0/cc3200-sdk/inc/" --include_path="C:/ti/CC3200SDK_1.5.0/cc3200-sdk/example/common/" --include_path="C:/ti/ccs1250/ccs/tools/compiler/ti-cgt-arm_20.2.7.LTS/include" --define=ccs --define=cc3200 -g --diag_warning=225 --diag_wrap=off --display_error_number --abi=eabi --preproc_with_compile --preproc_dependency="main.d_raw"  "../main.c"
"../main.c", line 340: warning #225-D: function "setTextSize" declared implicitly
"../main.c", line 341: warning #225-D: function "setTextColor" declared implicitly
"../main.c", line 342: warning #225-D: function "setCursor" declared implicitly
"../main.c", line 371: warning #225-D: function "drawChar" declared implicitly
"../main.c", line 469: warning #225-D: function "drawChar" declared implicitly
"../main.c", line 473: warning #225-D: function "drawChar" declared implicitly
"../main.c", line 526: warning #225-D: function "setTextSize" declared implicitly
"../main.c", line 527: warning #225-D: function "setTextColor" declared implicitly
"../main.c", line 528: warning #225-D: function "setCursor" declared implicitly
"../main.c", line 540: warning #112-D: statement is unreachable
"../main.c", line 558: warning #169-D: argument of type "volatile char *" is incompatible with parameter of type "const char *"
"../main.c", line 574: warning #169-D: argument of type "volatile char *" is incompatible with parameter of type "const char *"
"../main.c", line 664: warning #225-D: function "setTextSize" declared implicitly
"../main.c", line 665: warning #225-D: function "setTextColor" declared implicitly
"../main.c", line 666: warning #225-D: function "setCursor" declared implicitly
"../main.c", line 668: warning #179-D: variable "x" was declared but never referenced
"../main.c", line 669: warning #179-D: variable "y" was declared but never referenced
Finished building: "../main.c"
 
Building target: "spi_demo.out"
Invoking: Arm Linker
"C:/ti/ccs1250/ccs/tools/compiler/ti-cgt-arm_20.2.7.LTS/bin/armcl" -mv7M4 --code_state=16 --float_support=none -me -Ooff --define=ccs --define=cc3200 -g --diag_warning=225 --diag_wrap=off --display_error_number --abi=eabi -z -m"spi_demo.map" --heap_size=0x800 --stack_size=0x800 -i"C:/ti/ccs1250/ccs/tools/compiler/ti-cgt-arm_20.2.7.LTS/lib" -i"C:/ti/ccs1250/ccs/tools/compiler/ti-cgt-arm_20.2.7.LTS/include" --reread_libs --diag_wrap=off --display_error_number --warn_sections --xml_link_info="spi_demo_linkInfo.xml" --rom_model -o "spi_demo.out" "./Adafruit_GFX.obj" "./Adafruit_SSD1351.obj" "./main.obj" "./oled_test.obj" "./pin_mux_config.obj" "./startup_ccs.obj" "./systick_utils.obj" "./typing.obj" "./uart_if.obj" "../cc3200v1p32.cmd"  -l"C:/ti/CC3200SDK_1.5.0/cc3200-sdk/driverlib/ccs/Release/driverlib.a" -llibc.a 
<Linking>
Finished building target: "spi_demo.out"
 
C:/ti/ccs1250/ccs/utils/tiobj2bin/tiobj2bin spi_demo.out spi_demo.bin C:/ti/ccs1250/ccs/tools/compiler/ti-cgt-arm_20.2.7.LTS/bin/armofd C:/ti/ccs1250/ccs/tools/compiler/ti-cgt-arm_20.2.7.LTS/bin/armhex C:/ti/ccs1250/ccs/utils/tiobj2bin/mkhex4bin
 

**** Build Finished ****

**** Build of configuration Debug for project spi_demo ****

"C:\\ti\\ccs1250\\ccs\\utils\\bin\\gmake" -k -j 12 all -O 
 
gmake[1]: 'spi_demo.out' is up to date.

**** Build Finished ****

**** Build of configuration Debug for project spi_demo ****

"C:\\ti\\ccs1250\\ccs\\utils\\bin\\gmake" -k -j 12 all -O 
 
gmake[1]: 'spi_demo.out' is up to date.

**** Build Finished ****

**** Build of configuration Debug for project spi_demo ****

"C:\\ti\\ccs1250\\ccs\\utils\\bin\\gmake" -k -j 12 all -O 
 
gmake[1]: 'spi_demo.out' is up to date.

**** Build Finished ****

**** Build of configuration Debug for project spi_demo ****

"C:\\ti\\ccs1250\\ccs\\utils\\bin\\gmake" -k -j 12 all -O 
 
Building file: "../main.c"
Invoking: Arm Compiler
"C:/ti/ccs1250/ccs/tools/compiler/ti-cgt-arm_20.2.7.LTS/bin/armcl" -mv7M4 --code_state=16 --float_support=none -me -Ooff --include_path="C:/Users/Josh/Desktop/EEC 172/labs/lab3_part1/spi_demo" --include_path="C:/ti/CC3200SDK_1.5.0/cc3200-sdk/" --include_path="C:/ti/CC3200SDK_1.5.0/cc3200-sdk/driverlib/" --include_path="C:/ti/CC3200SDK_1.5.0/cc3200-sdk/inc/" --include_path="C:/ti/CC3200SDK_1.5.0/cc3200-sdk/example/common/" --include_path="C:/ti/ccs1250/ccs/tools/compiler/ti-cgt-arm_20.2.7.LTS/include" --define=ccs --define=cc3200 -g --diag_warning=225 --diag_wrap=off --display_error_number --abi=eabi --preproc_with_compile --preproc_dependency="main.d_raw"  "../main.c"
"../main.c", line 340: warning #225-D: function "setTextSize" declared implicitly
"../main.c", line 341: warning #225-D: function "setTextColor" declared implicitly
"../main.c", line 342: warning #225-D: function "setCursor" declared implicitly
"../main.c", line 371: warning #225-D: function "drawChar" declared implicitly
"../main.c", line 469: warning #225-D: function "drawChar" declared implicitly
"../main.c", line 473: warning #225-D: function "drawChar" declared implicitly
"../main.c", line 526: warning #225-D: function "setTextSize" declared implicitly
"../main.c", line 527: warning #225-D: function "setTextColor" declared implicitly
"../main.c", line 528: warning #225-D: function "setCursor" declared implicitly
"../main.c", line 540: warning #112-D: statement is unreachable
"../main.c", line 558: warning #169-D: argument of type "volatile char *" is incompatible with parameter of type "const char *"
"../main.c", line 574: warning #169-D: argument of type "volatile char *" is incompatible with parameter of type "const char *"
"../main.c", line 665: warning #225-D: function "setTextSize" declared implicitly
"../main.c", line 666: warning #225-D: function "setTextColor" declared implicitly
"../main.c", line 667: warning #225-D: function "setCursor" declared implicitly
"../main.c", line 669: warning #179-D: variable "x" was declared but never referenced
"../main.c", line 670: warning #179-D: variable "y" was declared but never referenced
Finished building: "../main.c"
 
Building target: "spi_demo.out"
Invoking: Arm Linker
"C:/ti/ccs1250/ccs/tools/compiler/ti-cgt-arm_20.2.7.LTS/bin/armcl" -mv7M4 --code_state=16 --float_support=none -me -Ooff --define=ccs --define=cc3200 -g --diag_warning=225 --diag_wrap=off --display_error_number --abi=eabi -z -m"spi_demo.map" --heap_size=0x800 --stack_size=0x800 -i"C:/ti/ccs1250/ccs/tools/compiler/ti-cgt-arm_20.2.7.LTS/lib" -i"C:/ti/ccs1250/ccs/tools/compiler/ti-cgt-arm_20.2.7.LTS/include" --reread_libs --diag_wrap=off --display_error_number --warn_sections --xml_link_info="spi_demo_linkInfo.xml" --rom_model -o "spi_demo.out" "./Adafruit_GFX.obj" "./Adafruit_SSD1351.obj" "./main.obj" "./oled_test.obj" "./pin_mux_config.obj" "./startup_ccs.obj" "./systick_utils.obj" "./typing.obj" "./uart_if.obj" "../cc3200v1p32.cmd"  -l"C:/ti/CC3200SDK_1.5.0/cc3200-sdk/driverlib/ccs/Release/driverlib.a" -llibc.a 
<Linking>
Finished building target: "spi_demo.out"
 
C:/ti/ccs1250/ccs/utils/tiobj2bin/tiobj2bin spi_demo.out spi_demo.bin C:/ti/ccs1250/ccs/tools/compiler/ti-cgt-arm_20.2.7.LTS/bin/armofd C:/ti/ccs1250/ccs/tools/compiler/ti-cgt-arm_20.2.7.LTS/bin/armhex C:/ti/ccs1250/ccs/utils/tiobj2bin/mkhex4bin
 

**** Build Finished ****

**** Build of configuration Debug for project spi_demo ****

"C:\\ti\\ccs1250\\ccs\\utils\\bin\\gmake" -k -j 12 all -O 
 
Building file: "../main.c"
Invoking: Arm Compiler
"C:/ti/ccs1250/ccs/tools/compiler/ti-cgt-arm_20.2.7.LTS/bin/armcl" -mv7M4 --code_state=16 --float_support=none -me -Ooff --include_path="C:/Users/Josh/Desktop/EEC 172/labs/lab3_part1/spi_demo" --include_path="C:/ti/CC3200SDK_1.5.0/cc3200-sdk/" --include_path="C:/ti/CC3200SDK_1.5.0/cc3200-sdk/driverlib/" --include_path="C:/ti/CC3200SDK_1.5.0/cc3200-sdk/inc/" --include_path="C:/ti/CC3200SDK_1.5.0/cc3200-sdk/example/common/" --include_path="C:/ti/ccs1250/ccs/tools/compiler/ti-cgt-arm_20.2.7.LTS/include" --define=ccs --define=cc3200 -g --diag_warning=225 --diag_wrap=off --display_error_number --abi=eabi --preproc_with_compile --preproc_dependency="main.d_raw"  "../main.c"
"../main.c", line 340: warning #225-D: function "setTextSize" declared implicitly
"../main.c", line 341: warning #225-D: function "setTextColor" declared implicitly
"../main.c", line 342: warning #225-D: function "setCursor" declared implicitly
"../main.c", line 371: warning #225-D: function "drawChar" declared implicitly
"../main.c", line 470: warning #225-D: function "drawChar" declared implicitly
"../main.c", line 475: warning #225-D: function "drawChar" declared implicitly
"../main.c", line 478: warning #225-D: function "drawChar" declared implicitly
"../main.c", line 531: warning #225-D: function "setTextSize" declared implicitly
"../main.c", line 532: warning #225-D: function "setTextColor" declared implicitly
"../main.c", line 533: warning #225-D: function "setCursor" declared implicitly
"../main.c", line 545: warning #112-D: statement is unreachable
"../main.c", line 563: warning #169-D: argument of type "volatile char *" is incompatible with parameter of type "const char *"
"../main.c", line 579: warning #169-D: argument of type "volatile char *" is incompatible with parameter of type "const char *"
"../main.c", line 670: warning #225-D: function "setTextSize" declared implicitly
"../main.c", line 671: warning #225-D: function "setTextColor" declared implicitly
"../main.c", line 672: warning #225-D: function "setCursor" declared implicitly
"../main.c", line 674: warning #179-D: variable "x" was declared but never referenced
"../main.c", line 675: warning #179-D: variable "y" was declared but never referenced
Finished building: "../main.c"
 
Building target: "spi_demo.out"
Invoking: Arm Linker
"C:/ti/ccs1250/ccs/tools/compiler/ti-cgt-arm_20.2.7.LTS/bin/armcl" -mv7M4 --code_state=16 --float_support=none -me -Ooff --define=ccs --define=cc3200 -g --diag_warning=225 --diag_wrap=off --display_error_number --abi=eabi -z -m"spi_demo.map" --heap_size=0x800 --stack_size=0x800 -i"C:/ti/ccs1250/ccs/tools/compiler/ti-cgt-arm_20.2.7.LTS/lib" -i"C:/ti/ccs1250/ccs/tools/compiler/ti-cgt-arm_20.2.7.LTS/include" --reread_libs --diag_wrap=off --display_error_number --warn_sections --xml_link_info="spi_demo_linkInfo.xml" --rom_model -o "spi_demo.out" "./Adafruit_GFX.obj" "./Adafruit_SSD1351.obj" "./main.obj" "./oled_test.obj" "./pin_mux_config.obj" "./startup_ccs.obj" "./systick_utils.obj" "./typing.obj" "./uart_if.obj" "../cc3200v1p32.cmd"  -l"C:/ti/CC3200SDK_1.5.0/cc3200-sdk/driverlib/ccs/Release/driverlib.a" -llibc.a 
<Linking>
Finished building target: "spi_demo.out"
 
C:/ti/ccs1250/ccs/utils/tiobj2bin/tiobj2bin spi_demo.out spi_demo.bin C:/ti/ccs1250/ccs/tools/compiler/ti-cgt-arm_20.2.7.LTS/bin/armofd C:/ti/ccs1250/ccs/tools/compiler/ti-cgt-arm_20.2.7.LTS/bin/armhex C:/ti/ccs1250/ccs/utils/tiobj2bin/mkhex4bin
 

**** Build Finished ****

**** Build of configuration Debug for project spi_demo ****

"C:\\ti\\ccs1250\\ccs\\utils\\bin\\gmake" -k -j 12 all -O 
 
gmake[1]: 'spi_demo.out' is up to date.

**** Build Finished ****

**** Build of configuration Debug for project spi_demo ****

"C:\\ti\\ccs1250\\ccs\\utils\\bin\\gmake" -k -j 12 all -O 
 
Building file: "../main.c"
Invoking: Arm Compiler
"C:/ti/ccs1250/ccs/tools/compiler/ti-cgt-arm_20.2.7.LTS/bin/armcl" -mv7M4 --code_state=16 --float_support=none -me -Ooff --include_path="C:/Users/Josh/Desktop/EEC 172/labs/lab3_part1/spi_demo" --include_path="C:/ti/CC3200SDK_1.5.0/cc3200-sdk/" --include_path="C:/ti/CC3200SDK_1.5.0/cc3200-sdk/driverlib/" --include_path="C:/ti/CC3200SDK_1.5.0/cc3200-sdk/inc/" --include_path="C:/ti/CC3200SDK_1.5.0/cc3200-sdk/example/common/" --include_path="C:/ti/ccs1250/ccs/tools/compiler/ti-cgt-arm_20.2.7.LTS/include" --define=ccs --define=cc3200 -g --diag_warning=225 --diag_wrap=off --display_error_number --abi=eabi --preproc_with_compile --preproc_dependency="main.d_raw"  "../main.c"
 
>> Compilation failure
subdir_rules.mk:9: recipe for target 'main.obj' failed
"../main.c", line 340: warning #225-D: function "setTextSize" declared implicitly
"../main.c", line 341: warning #225-D: function "setTextColor" declared implicitly
"../main.c", line 342: warning #225-D: function "setCursor" declared implicitly
"../main.c", line 371: warning #225-D: function "drawChar" declared implicitly
"../main.c", line 470: warning #225-D: function "drawChar" declared implicitly
"../main.c", line 475: warning #225-D: function "drawChar" declared implicitly
"../main.c", line 478: warning #225-D: function "drawChar" declared implicitly
"../main.c", line 482: error #66: expected a ";"
"../main.c", line 532: warning #225-D: function "setTextSize" declared implicitly
"../main.c", line 533: warning #225-D: function "setTextColor" declared implicitly
"../main.c", line 534: warning #225-D: function "setCursor" declared implicitly
"../main.c", line 546: warning #112-D: statement is unreachable
"../main.c", line 564: warning #169-D: argument of type "volatile char *" is incompatible with parameter of type "const char *"
"../main.c", line 580: warning #169-D: argument of type "volatile char *" is incompatible with parameter of type "const char *"
"../main.c", line 671: warning #225-D: function "setTextSize" declared implicitly
"../main.c", line 672: warning #225-D: function "setTextColor" declared implicitly
"../main.c", line 673: warning #225-D: function "setCursor" declared implicitly
"../main.c", line 675: warning #179-D: variable "x" was declared but never referenced
"../main.c", line 676: warning #179-D: variable "y" was declared but never referenced
1 error detected in the compilation of "../main.c".
gmake: *** [main.obj] Error 1
gmake: Target 'all' not remade because of errors.

**** Build Finished ****

**** Build of configuration Debug for project spi_demo ****

"C:\\ti\\ccs1250\\ccs\\utils\\bin\\gmake" -k -j 12 all -O 
 
Building file: "../main.c"
Invoking: Arm Compiler
"C:/ti/ccs1250/ccs/tools/compiler/ti-cgt-arm_20.2.7.LTS/bin/armcl" -mv7M4 --code_state=16 --float_support=none -me -Ooff --include_path="C:/Users/Josh/Desktop/EEC 172/labs/lab3_part1/spi_demo" --include_path="C:/ti/CC3200SDK_1.5.0/cc3200-sdk/" --include_path="C:/ti/CC3200SDK_1.5.0/cc3200-sdk/driverlib/" --include_path="C:/ti/CC3200SDK_1.5.0/cc3200-sdk/inc/" --include_path="C:/ti/CC3200SDK_1.5.0/cc3200-sdk/example/common/" --include_path="C:/ti/ccs1250/ccs/tools/compiler/ti-cgt-arm_20.2.7.LTS/include" --define=ccs --define=cc3200 -g --diag_warning=225 --diag_wrap=off --display_error_number --abi=eabi --preproc_with_compile --preproc_dependency="main.d_raw"  "../main.c"
"../main.c", line 340: warning #225-D: function "setTextSize" declared implicitly
"../main.c", line 341: warning #225-D: function "setTextColor" declared implicitly
"../main.c", line 342: warning #225-D: function "setCursor" declared implicitly
"../main.c", line 371: warning #225-D: function "drawChar" declared implicitly
"../main.c", line 470: warning #225-D: function "drawChar" declared implicitly
"../main.c", line 475: warning #225-D: function "drawChar" declared implicitly
"../main.c", line 478: warning #225-D: function "drawChar" declared implicitly
"../main.c", line 532: warning #225-D: function "setTextSize" declared implicitly
"../main.c", line 533: warning #225-D: function "setTextColor" declared implicitly
"../main.c", line 534: warning #225-D: function "setCursor" declared implicitly
"../main.c", line 546: warning #112-D: statement is unreachable
"../main.c", line 564: warning #169-D: argument of type "volatile char *" is incompatible with parameter of type "const char *"
"../main.c", line 580: warning #169-D: argument of type "volatile char *" is incompatible with parameter of type "const char *"
"../main.c", line 671: warning #225-D: function "setTextSize" declared implicitly
"../main.c", line 672: warning #225-D: function "setTextColor" declared implicitly
"../main.c", line 673: warning #225-D: function "setCursor" declared implicitly
"../main.c", line 675: warning #179-D: variable "x" was declared but never referenced
"../main.c", line 676: warning #179-D: variable "y" was declared but never referenced
Finished building: "../main.c"
 
Building target: "spi_demo.out"
Invoking: Arm Linker
"C:/ti/ccs1250/ccs/tools/compiler/ti-cgt-arm_20.2.7.LTS/bin/armcl" -mv7M4 --code_state=16 --float_support=none -me -Ooff --define=ccs --define=cc3200 -g --diag_warning=225 --diag_wrap=off --display_error_number --abi=eabi -z -m"spi_demo.map" --heap_size=0x800 --stack_size=0x800 -i"C:/ti/ccs1250/ccs/tools/compiler/ti-cgt-arm_20.2.7.LTS/lib" -i"C:/ti/ccs1250/ccs/tools/compiler/ti-cgt-arm_20.2.7.LTS/include" --reread_libs --diag_wrap=off --display_error_number --warn_sections --xml_link_info="spi_demo_linkInfo.xml" --rom_model -o "spi_demo.out" "./Adafruit_GFX.obj" "./Adafruit_SSD1351.obj" "./main.obj" "./oled_test.obj" "./pin_mux_config.obj" "./startup_ccs.obj" "./systick_utils.obj" "./typing.obj" "./uart_if.obj" "../cc3200v1p32.cmd"  -l"C:/ti/CC3200SDK_1.5.0/cc3200-sdk/driverlib/ccs/Release/driverlib.a" -llibc.a 
<Linking>
Finished building target: "spi_demo.out"
 
C:/ti/ccs1250/ccs/utils/tiobj2bin/tiobj2bin spi_demo.out spi_demo.bin C:/ti/ccs1250/ccs/tools/compiler/ti-cgt-arm_20.2.7.LTS/bin/armofd C:/ti/ccs1250/ccs/tools/compiler/ti-cgt-arm_20.2.7.LTS/bin/armhex C:/ti/ccs1250/ccs/utils/tiobj2bin/mkhex4bin
 

**** Build Finished ****

**** Build of configuration Debug for project spi_demo ****

"C:\\ti\\ccs1250\\ccs\\utils\\bin\\gmake" -k -j 12 all -O 
 
gmake[1]: 'spi_demo.out' is up to date.

**** Build Finished ****

**** Build of configuration Debug for project spi_demo ****

"C:\\ti\\ccs1250\\ccs\\utils\\bin\\gmake" -k -j 12 all -O 
 
gmake[1]: 'spi_demo.out' is up to date.

**** Build Finished ****

**** Build of configuration Debug for project spi_demo ****

"C:\\ti\\ccs1250\\ccs\\utils\\bin\\gmake" -k -j 12 all -O 
 
gmake[1]: 'spi_demo.out' is up to date.

**** Build Finished ****

**** Build of configuration Debug for project spi_demo ****

"C:\\ti\\ccs1250\\ccs\\utils\\bin\\gmake" -k -j 12 all -O 
 
gmake[1]: 'spi_demo.out' is up to date.

**** Build Finished ****

**** Build of configuration Debug for project spi_demo ****

"C:\\ti\\ccs1250\\ccs\\utils\\bin\\gmake" -k -j 12 all -O 
 
gmake[1]: 'spi_demo.out' is up to date.

**** Build Finished ****

**** Build of configuration Debug for project spi_demo ****

"C:\\ti\\ccs1250\\ccs\\utils\\bin\\gmake" -k -j 12 all -O 
 
Building file: "../main.c"
Invoking: Arm Compiler
"C:/ti/ccs1250/ccs/tools/compiler/ti-cgt-arm_20.2.7.LTS/bin/armcl" -mv7M4 --code_state=16 --float_support=none -me -Ooff --include_path="C:/Users/Josh/Desktop/EEC 172/labs/lab3_part1/spi_demo" --include_path="C:/ti/CC3200SDK_1.5.0/cc3200-sdk/" --include_path="C:/ti/CC3200SDK_1.5.0/cc3200-sdk/driverlib/" --include_path="C:/ti/CC3200SDK_1.5.0/cc3200-sdk/inc/" --include_path="C:/ti/CC3200SDK_1.5.0/cc3200-sdk/example/common/" --include_path="C:/ti/ccs1250/ccs/tools/compiler/ti-cgt-arm_20.2.7.LTS/include" --define=ccs --define=cc3200 -g --diag_warning=225 --diag_wrap=off --display_error_number --abi=eabi --preproc_with_compile --preproc_dependency="main.d_raw"  "../main.c"
 
>> Compilation failure
subdir_rules.mk:9: recipe for target 'main.obj' failed
"../main.c", line 340: warning #225-D: function "setTextSize" declared implicitly
"../main.c", line 341: warning #225-D: function "setTextColor" declared implicitly
"../main.c", line 342: warning #225-D: function "setCursor" declared implicitly
"../main.c", line 371: warning #225-D: function "drawChar" declared implicitly
"../main.c", line 470: warning #225-D: function "drawChar" declared implicitly
"../main.c", line 475: warning #225-D: function "drawChar" declared implicitly
"../main.c", line 478: warning #225-D: function "drawChar" declared implicitly
"../main.c", line 532: warning #225-D: function "setTextSize" declared implicitly
"../main.c", line 533: warning #225-D: function "setTextColor" declared implicitly
"../main.c", line 534: warning #225-D: function "setCursor" declared implicitly
"../main.c", line 546: warning #112-D: statement is unreachable
"../main.c", line 564: warning #169-D: argument of type "volatile char *" is incompatible with parameter of type "const char *"
"../main.c", line 580: warning #169-D: argument of type "volatile char *" is incompatible with parameter of type "const char *"
"../main.c", line 598: error #66: expected a ";"
"../main.c", line 605: warning #12-D: parsing restarts here after previous syntax error
"../main.c", line 606: warning #112-D: statement is unreachable
"../main.c", line 607: error #66: expected a ";"
"../main.c", line 614: warning #12-D: parsing restarts here after previous syntax error
"../main.c", line 615: warning #112-D: statement is unreachable
"../main.c", line 625: error #66: expected a ";"
"../main.c", line 632: warning #12-D: parsing restarts here after previous syntax error
"../main.c", line 633: warning #112-D: statement is unreachable
"../main.c", line 634: error #66: expected a ";"
"../main.c", line 641: warning #12-D: parsing restarts here after previous syntax error
"../main.c", line 642: warning #112-D: statement is unreachable
"../main.c", line 731: warning #225-D: function "setTextSize" declared implicitly
"../main.c", line 732: warning #225-D: function "setTextColor" declared implicitly
"../main.c", line 733: warning #225-D: function "setCursor" declared implicitly
"../main.c", line 735: warning #179-D: variable "x" was declared but never referenced
"../main.c", line 736: warning #179-D: variable "y" was declared but never referenced
4 errors detected in the compilation of "../main.c".
gmake: *** [main.obj] Error 1
gmake: Target 'all' not remade because of errors.

**** Build Finished ****

**** Build of configuration Debug for project spi_demo ****

"C:\\ti\\ccs1250\\ccs\\utils\\bin\\gmake" -k -j 12 all -O 
 
Building file: "../main.c"
Invoking: Arm Compiler
"C:/ti/ccs1250/ccs/tools/compiler/ti-cgt-arm_20.2.7.LTS/bin/armcl" -mv7M4 --code_state=16 --float_support=none -me -Ooff --include_path="C:/Users/Josh/Desktop/EEC 172/labs/lab3_part1/spi_demo" --include_path="C:/ti/CC3200SDK_1.5.0/cc3200-sdk/" --include_path="C:/ti/CC3200SDK_1.5.0/cc3200-sdk/driverlib/" --include_path="C:/ti/CC3200SDK_1.5.0/cc3200-sdk/inc/" --include_path="C:/ti/CC3200SDK_1.5.0/cc3200-sdk/example/common/" --include_path="C:/ti/ccs1250/ccs/tools/compiler/ti-cgt-arm_20.2.7.LTS/include" --define=ccs --define=cc3200 -g --diag_warning=225 --diag_wrap=off --display_error_number --abi=eabi --preproc_with_compile --preproc_dependency="main.d_raw"  "../main.c"
"../main.c", line 340: warning #225-D: function "setTextSize" declared implicitly
"../main.c", line 341: warning #225-D: function "setTextColor" declared implicitly
"../main.c", line 342: warning #225-D: function "setCursor" declared implicitly
"../main.c", line 371: warning #225-D: function "drawChar" declared implicitly
"../main.c", line 470: warning #225-D: function "drawChar" declared implicitly
"../main.c", line 475: warning #225-D: function "drawChar" declared implicitly
"../main.c", line 478: warning #225-D: function "drawChar" declared implicitly
"../main.c", line 532: warning #225-D: function "setTextSize" declared implicitly
"../main.c", line 533: warning #225-D: function "setTextColor" declared implicitly
"../main.c", line 534: warning #225-D: function "setCursor" declared implicitly
"../main.c", line 546: warning #112-D: statement is unreachable
"../main.c", line 564: warning #169-D: argument of type "volatile char *" is incompatible with parameter of type "const char *"
"../main.c", line 580: warning #169-D: argument of type "volatile char *" is incompatible with parameter of type "const char *"
"../main.c", line 731: warning #225-D: function "setTextSize" declared implicitly
"../main.c", line 732: warning #225-D: function "setTextColor" declared implicitly
"../main.c", line 733: warning #225-D: function "setCursor" declared implicitly
"../main.c", line 735: warning #179-D: variable "x" was declared but never referenced
"../main.c", line 736: warning #179-D: variable "y" was declared but never referenced
Finished building: "../main.c"
 
Building target: "spi_demo.out"
Invoking: Arm Linker
"C:/ti/ccs1250/ccs/tools/compiler/ti-cgt-arm_20.2.7.LTS/bin/armcl" -mv7M4 --code_state=16 --float_support=none -me -Ooff --define=ccs --define=cc3200 -g --diag_warning=225 --diag_wrap=off --display_error_number --abi=eabi -z -m"spi_demo.map" --heap_size=0x800 --stack_size=0x800 -i"C:/ti/ccs1250/ccs/tools/compiler/ti-cgt-arm_20.2.7.LTS/lib" -i"C:/ti/ccs1250/ccs/tools/compiler/ti-cgt-arm_20.2.7.LTS/include" --reread_libs --diag_wrap=off --display_error_number --warn_sections --xml_link_info="spi_demo_linkInfo.xml" --rom_model -o "spi_demo.out" "./Adafruit_GFX.obj" "./Adafruit_SSD1351.obj" "./main.obj" "./oled_test.obj" "./pin_mux_config.obj" "./startup_ccs.obj" "./systick_utils.obj" "./typing.obj" "./uart_if.obj" "../cc3200v1p32.cmd"  -l"C:/ti/CC3200SDK_1.5.0/cc3200-sdk/driverlib/ccs/Release/driverlib.a" -llibc.a 
<Linking>
"../cc3200v1p32.cmd", line 74: error #10099-D: program will not fit into available memory, or the section contains a call site that requires a trampoline that can't be generated for this section. placement with alignment fails for section ".const" size 0x15f15.  Available memory ranges:
   SRAM_CODE    size: 0x13000      unused: 0xd5b2       max hole: 0xd5b2    
error #10010: errors encountered during linking; "spi_demo.out" not built
 
>> Compilation failure
makefile:144: recipe for target 'spi_demo.out' failed
gmake[1]: *** [spi_demo.out] Error 1
makefile:140: recipe for target 'all' failed
gmake: *** [all] Error 2

**** Build Finished ****

**** Build of configuration Debug for project spi_demo ****

"C:\\ti\\ccs1250\\ccs\\utils\\bin\\gmake" -k -j 12 all -O 
 
Building file: "../main.c"
Invoking: Arm Compiler
"C:/ti/ccs1250/ccs/tools/compiler/ti-cgt-arm_20.2.7.LTS/bin/armcl" -mv7M4 --code_state=16 --float_support=none -me -Ooff --include_path="C:/Users/Josh/Desktop/EEC 172/labs/lab3_part1/spi_demo" --include_path="C:/ti/CC3200SDK_1.5.0/cc3200-sdk/" --include_path="C:/ti/CC3200SDK_1.5.0/cc3200-sdk/driverlib/" --include_path="C:/ti/CC3200SDK_1.5.0/cc3200-sdk/inc/" --include_path="C:/ti/CC3200SDK_1.5.0/cc3200-sdk/example/common/" --include_path="C:/ti/ccs1250/ccs/tools/compiler/ti-cgt-arm_20.2.7.LTS/include" --define=ccs --define=cc3200 -g --diag_warning=225 --diag_wrap=off --display_error_number --abi=eabi --preproc_with_compile --preproc_dependency="main.d_raw"  "../main.c"
"../main.c", line 340: warning #225-D: function "setTextSize" declared implicitly
"../main.c", line 341: warning #225-D: function "setTextColor" declared implicitly
"../main.c", line 342: warning #225-D: function "setCursor" declared implicitly
"../main.c", line 371: warning #225-D: function "drawChar" declared implicitly
"../main.c", line 470: warning #225-D: function "drawChar" declared implicitly
"../main.c", line 475: warning #225-D: function "drawChar" declared implicitly
"../main.c", line 478: warning #225-D: function "drawChar" declared implicitly
"../main.c", line 524: warning #145-D: a value of type "const int *" cannot be used to initialize an entity of type "int *"
"../main.c", line 524: warning #145-D: a value of type "const int *" cannot be used to initialize an entity of type "int *"
"../main.c", line 524: warning #145-D: a value of type "const int *" cannot be used to initialize an entity of type "int *"
"../main.c", line 524: warning #145-D: a value of type "const int *" cannot be used to initialize an entity of type "int *"
"../main.c", line 524: warning #145-D: a value of type "const int *" cannot be used to initialize an entity of type "int *"
"../main.c", line 524: warning #145-D: a value of type "const int *" cannot be used to initialize an entity of type "int *"
"../main.c", line 533: warning #225-D: function "setTextSize" declared implicitly
"../main.c", line 534: warning #225-D: function "setTextColor" declared implicitly
"../main.c", line 535: warning #225-D: function "setCursor" declared implicitly
"../main.c", line 547: warning #112-D: statement is unreachable
"../main.c", line 565: warning #169-D: argument of type "volatile char *" is incompatible with parameter of type "const char *"
"../main.c", line 581: warning #169-D: argument of type "volatile char *" is incompatible with parameter of type "const char *"
"../main.c", line 682: warning #225-D: function "setTextSize" declared implicitly
"../main.c", line 683: warning #225-D: function "setTextColor" declared implicitly
"../main.c", line 684: warning #225-D: function "setCursor" declared implicitly
"../main.c", line 686: warning #179-D: variable "x" was declared but never referenced
"../main.c", line 687: warning #179-D: variable "y" was declared but never referenced
Finished building: "../main.c"
 
Building target: "spi_demo.out"
Invoking: Arm Linker
"C:/ti/ccs1250/ccs/tools/compiler/ti-cgt-arm_20.2.7.LTS/bin/armcl" -mv7M4 --code_state=16 --float_support=none -me -Ooff --define=ccs --define=cc3200 -g --diag_warning=225 --diag_wrap=off --display_error_number --abi=eabi -z -m"spi_demo.map" --heap_size=0x800 --stack_size=0x800 -i"C:/ti/ccs1250/ccs/tools/compiler/ti-cgt-arm_20.2.7.LTS/lib" -i"C:/ti/ccs1250/ccs/tools/compiler/ti-cgt-arm_20.2.7.LTS/include" --reread_libs --diag_wrap=off --display_error_number --warn_sections --xml_link_info="spi_demo_linkInfo.xml" --rom_model -o "spi_demo.out" "./Adafruit_GFX.obj" "./Adafruit_SSD1351.obj" "./main.obj" "./oled_test.obj" "./pin_mux_config.obj" "./startup_ccs.obj" "./systick_utils.obj" "./typing.obj" "./uart_if.obj" "../cc3200v1p32.cmd"  -l"C:/ti/CC3200SDK_1.5.0/cc3200-sdk/driverlib/ccs/Release/driverlib.a" -llibc.a 
<Linking>
"../cc3200v1p32.cmd", line 74: error #10099-D: program will not fit into available memory, or the section contains a call site that requires a trampoline that can't be generated for this section. placement with alignment fails for section ".const" size 0x15f15.  Available memory ranges:
   SRAM_CODE    size: 0x13000      unused: 0xd63a       max hole: 0xd63a    
error #10010: errors encountered during linking; "spi_demo.out" not built
 
>> Compilation failure
makefile:144: recipe for target 'spi_demo.out' failed
gmake[1]: *** [spi_demo.out] Error 1
makefile:140: recipe for target 'all' failed
gmake: *** [all] Error 2

**** Build Finished ****

**** Build of configuration Debug for project spi_demo ****

"C:\\ti\\ccs1250\\ccs\\utils\\bin\\gmake" -k -j 12 all -O 
 
Building file: "../main.c"
Invoking: Arm Compiler
"C:/ti/ccs1250/ccs/tools/compiler/ti-cgt-arm_20.2.7.LTS/bin/armcl" -mv7M4 --code_state=16 --float_support=none -me -Ooff --include_path="C:/Users/Josh/Desktop/EEC 172/labs/lab3_part1/spi_demo" --include_path="C:/ti/CC3200SDK_1.5.0/cc3200-sdk/" --include_path="C:/ti/CC3200SDK_1.5.0/cc3200-sdk/driverlib/" --include_path="C:/ti/CC3200SDK_1.5.0/cc3200-sdk/inc/" --include_path="C:/ti/CC3200SDK_1.5.0/cc3200-sdk/example/common/" --include_path="C:/ti/ccs1250/ccs/tools/compiler/ti-cgt-arm_20.2.7.LTS/include" --define=ccs --define=cc3200 -g --diag_warning=225 --diag_wrap=off --display_error_number --abi=eabi --preproc_with_compile --preproc_dependency="main.d_raw"  "../main.c"
"../main.c", line 340: warning #225-D: function "setTextSize" declared implicitly
"../main.c", line 341: warning #225-D: function "setTextColor" declared implicitly
"../main.c", line 342: warning #225-D: function "setCursor" declared implicitly
"../main.c", line 371: warning #225-D: function "drawChar" declared implicitly
"../main.c", line 470: warning #225-D: function "drawChar" declared implicitly
"../main.c", line 475: warning #225-D: function "drawChar" declared implicitly
"../main.c", line 478: warning #225-D: function "drawChar" declared implicitly
"../main.c", line 524: warning #145-D: a value of type "const int *" cannot be used to initialize an entity of type "int *"
"../main.c", line 524: warning #145-D: a value of type "const int *" cannot be used to initialize an entity of type "int *"
"../main.c", line 524: warning #145-D: a value of type "const int *" cannot be used to initialize an entity of type "int *"
"../main.c", line 524: warning #145-D: a value of type "const int *" cannot be used to initialize an entity of type "int *"
"../main.c", line 533: warning #225-D: function "setTextSize" declared implicitly
"../main.c", line 534: warning #225-D: function "setTextColor" declared implicitly
"../main.c", line 535: warning #225-D: function "setCursor" declared implicitly
"../main.c", line 547: warning #112-D: statement is unreachable
"../main.c", line 565: warning #169-D: argument of type "volatile char *" is incompatible with parameter of type "const char *"
"../main.c", line 581: warning #169-D: argument of type "volatile char *" is incompatible with parameter of type "const char *"
"../main.c", line 679: warning #225-D: function "setTextSize" declared implicitly
"../main.c", line 680: warning #225-D: function "setTextColor" declared implicitly
"../main.c", line 681: warning #225-D: function "setCursor" declared implicitly
"../main.c", line 683: warning #179-D: variable "x" was declared but never referenced
"../main.c", line 684: warning #179-D: variable "y" was declared but never referenced
Finished building: "../main.c"
 
Building target: "spi_demo.out"
Invoking: Arm Linker
"C:/ti/ccs1250/ccs/tools/compiler/ti-cgt-arm_20.2.7.LTS/bin/armcl" -mv7M4 --code_state=16 --float_support=none -me -Ooff --define=ccs --define=cc3200 -g --diag_warning=225 --diag_wrap=off --display_error_number --abi=eabi -z -m"spi_demo.map" --heap_size=0x800 --stack_size=0x800 -i"C:/ti/ccs1250/ccs/tools/compiler/ti-cgt-arm_20.2.7.LTS/lib" -i"C:/ti/ccs1250/ccs/tools/compiler/ti-cgt-arm_20.2.7.LTS/include" --reread_libs --diag_wrap=off --display_error_number --warn_sections --xml_link_info="spi_demo_linkInfo.xml" --rom_model -o "spi_demo.out" "./Adafruit_GFX.obj" "./Adafruit_SSD1351.obj" "./main.obj" "./oled_test.obj" "./pin_mux_config.obj" "./startup_ccs.obj" "./systick_utils.obj" "./typing.obj" "./uart_if.obj" "../cc3200v1p32.cmd"  -l"C:/ti/CC3200SDK_1.5.0/cc3200-sdk/driverlib/ccs/Release/driverlib.a" -llibc.a 
<Linking>
"../cc3200v1p32.cmd", line 73: error #10099-D: program will not fit into available memory, or the section contains a call site that requires a trampoline that can't be generated for this section. placement with alignment fails for section ".text" size 0x55b3.  Available memory ranges:
   SRAM_CODE    size: 0x13000      unused: 0x17e8       max hole: 0x17e8    
error #10010: errors encountered during linking; "spi_demo.out" not built
 
>> Compilation failure
makefile:144: recipe for target 'spi_demo.out' failed
gmake[1]: *** [spi_demo.out] Error 1
makefile:140: recipe for target 'all' failed
gmake: *** [all] Error 2

**** Build Finished ****

**** Build of configuration Debug for project spi_demo ****

"C:\\ti\\ccs1250\\ccs\\utils\\bin\\gmake" -k -j 12 all -O 
 
Building file: "../main.c"
Invoking: Arm Compiler
"C:/ti/ccs1250/ccs/tools/compiler/ti-cgt-arm_20.2.7.LTS/bin/armcl" -mv7M4 --code_state=16 --float_support=none -me -Ooff --include_path="C:/Users/Josh/Desktop/EEC 172/labs/lab3_part1/spi_demo" --include_path="C:/ti/CC3200SDK_1.5.0/cc3200-sdk/" --include_path="C:/ti/CC3200SDK_1.5.0/cc3200-sdk/driverlib/" --include_path="C:/ti/CC3200SDK_1.5.0/cc3200-sdk/inc/" --include_path="C:/ti/CC3200SDK_1.5.0/cc3200-sdk/example/common/" --include_path="C:/ti/ccs1250/ccs/tools/compiler/ti-cgt-arm_20.2.7.LTS/include" --define=ccs --define=cc3200 -g --diag_warning=225 --diag_wrap=off --display_error_number --abi=eabi --preproc_with_compile --preproc_dependency="main.d_raw"  "../main.c"
"../main.c", line 340: warning #225-D: function "setTextSize" declared implicitly
"../main.c", line 341: warning #225-D: function "setTextColor" declared implicitly
"../main.c", line 342: warning #225-D: function "setCursor" declared implicitly
"../main.c", line 371: warning #225-D: function "drawChar" declared implicitly
"../main.c", line 470: warning #225-D: function "drawChar" declared implicitly
"../main.c", line 475: warning #225-D: function "drawChar" declared implicitly
"../main.c", line 478: warning #225-D: function "drawChar" declared implicitly
"../main.c", line 524: warning #145-D: a value of type "const int *" cannot be used to initialize an entity of type "int *"
"../main.c", line 524: warning #145-D: a value of type "const int *" cannot be used to initialize an entity of type "int *"
"../main.c", line 533: warning #225-D: function "setTextSize" declared implicitly
"../main.c", line 534: warning #225-D: function "setTextColor" declared implicitly
"../main.c", line 535: warning #225-D: function "setCursor" declared implicitly
"../main.c", line 547: warning #112-D: statement is unreachable
"../main.c", line 565: warning #169-D: argument of type "volatile char *" is incompatible with parameter of type "const char *"
"../main.c", line 581: warning #169-D: argument of type "volatile char *" is incompatible with parameter of type "const char *"
"../main.c", line 679: warning #225-D: function "setTextSize" declared implicitly
"../main.c", line 680: warning #225-D: function "setTextColor" declared implicitly
"../main.c", line 681: warning #225-D: function "setCursor" declared implicitly
"../main.c", line 683: warning #179-D: variable "x" was declared but never referenced
"../main.c", line 684: warning #179-D: variable "y" was declared but never referenced
Finished building: "../main.c"
 
Building target: "spi_demo.out"
Invoking: Arm Linker
"C:/ti/ccs1250/ccs/tools/compiler/ti-cgt-arm_20.2.7.LTS/bin/armcl" -mv7M4 --code_state=16 --float_support=none -me -Ooff --define=ccs --define=cc3200 -g --diag_warning=225 --diag_wrap=off --display_error_number --abi=eabi -z -m"spi_demo.map" --heap_size=0x800 --stack_size=0x800 -i"C:/ti/ccs1250/ccs/tools/compiler/ti-cgt-arm_20.2.7.LTS/lib" -i"C:/ti/ccs1250/ccs/tools/compiler/ti-cgt-arm_20.2.7.LTS/include" --reread_libs --diag_wrap=off --display_error_number --warn_sections --xml_link_info="spi_demo_linkInfo.xml" --rom_model -o "spi_demo.out" "./Adafruit_GFX.obj" "./Adafruit_SSD1351.obj" "./main.obj" "./oled_test.obj" "./pin_mux_config.obj" "./startup_ccs.obj" "./systick_utils.obj" "./typing.obj" "./uart_if.obj" "../cc3200v1p32.cmd"  -l"C:/ti/CC3200SDK_1.5.0/cc3200-sdk/driverlib/ccs/Release/driverlib.a" -llibc.a 
<Linking>
Finished building target: "spi_demo.out"
 
C:/ti/ccs1250/ccs/utils/tiobj2bin/tiobj2bin spi_demo.out spi_demo.bin C:/ti/ccs1250/ccs/tools/compiler/ti-cgt-arm_20.2.7.LTS/bin/armofd C:/ti/ccs1250/ccs/tools/compiler/ti-cgt-arm_20.2.7.LTS/bin/armhex C:/ti/ccs1250/ccs/utils/tiobj2bin/mkhex4bin
 

**** Build Finished ****

**** Build of configuration Debug for project spi_demo ****

"C:\\ti\\ccs1250\\ccs\\utils\\bin\\gmake" -k -j 12 all -O 
 
gmake[1]: 'spi_demo.out' is up to date.

**** Build Finished ****

**** Build of configuration Debug for project spi_demo ****

"C:\\ti\\ccs1250\\ccs\\utils\\bin\\gmake" -k -j 12 all -O 
 
Building file: "../main.c"
Invoking: Arm Compiler
"C:/ti/ccs1250/ccs/tools/compiler/ti-cgt-arm_20.2.7.LTS/bin/armcl" -mv7M4 --code_state=16 --float_support=none -me -Ooff --include_path="C:/Users/Josh/Desktop/EEC 172/labs/lab3_part1/spi_demo" --include_path="C:/ti/CC3200SDK_1.5.0/cc3200-sdk/" --include_path="C:/ti/CC3200SDK_1.5.0/cc3200-sdk/driverlib/" --include_path="C:/ti/CC3200SDK_1.5.0/cc3200-sdk/inc/" --include_path="C:/ti/CC3200SDK_1.5.0/cc3200-sdk/example/common/" --include_path="C:/ti/ccs1250/ccs/tools/compiler/ti-cgt-arm_20.2.7.LTS/include" --define=ccs --define=cc3200 -g --diag_warning=225 --diag_wrap=off --display_error_number --abi=eabi --preproc_with_compile --preproc_dependency="main.d_raw"  "../main.c"
"../main.c", line 340: warning #225-D: function "setTextSize" declared implicitly
"../main.c", line 341: warning #225-D: function "setTextColor" declared implicitly
"../main.c", line 342: warning #225-D: function "setCursor" declared implicitly
"../main.c", line 371: warning #225-D: function "drawChar" declared implicitly
"../main.c", line 470: warning #225-D: function "drawChar" declared implicitly
"../main.c", line 475: warning #225-D: function "drawChar" declared implicitly
"../main.c", line 478: warning #225-D: function "drawChar" declared implicitly
"../main.c", line 524: warning #145-D: a value of type "const int *" cannot be used to initialize an entity of type "int *"
"../main.c", line 524: warning #145-D: a value of type "const int *" cannot be used to initialize an entity of type "int *"
"../main.c", line 533: warning #225-D: function "setTextSize" declared implicitly
"../main.c", line 534: warning #225-D: function "setTextColor" declared implicitly
"../main.c", line 535: warning #225-D: function "setCursor" declared implicitly
"../main.c", line 564: warning #169-D: argument of type "volatile char *" is incompatible with parameter of type "const char *"
"../main.c", line 581: warning #169-D: argument of type "volatile char *" is incompatible with parameter of type "const char *"
"../main.c", line 679: warning #225-D: function "setTextSize" declared implicitly
"../main.c", line 680: warning #225-D: function "setTextColor" declared implicitly
"../main.c", line 681: warning #225-D: function "setCursor" declared implicitly
"../main.c", line 683: warning #179-D: variable "x" was declared but never referenced
"../main.c", line 684: warning #179-D: variable "y" was declared but never referenced
Finished building: "../main.c"
 
Building target: "spi_demo.out"
Invoking: Arm Linker
"C:/ti/ccs1250/ccs/tools/compiler/ti-cgt-arm_20.2.7.LTS/bin/armcl" -mv7M4 --code_state=16 --float_support=none -me -Ooff --define=ccs --define=cc3200 -g --diag_warning=225 --diag_wrap=off --display_error_number --abi=eabi -z -m"spi_demo.map" --heap_size=0x800 --stack_size=0x800 -i"C:/ti/ccs1250/ccs/tools/compiler/ti-cgt-arm_20.2.7.LTS/lib" -i"C:/ti/ccs1250/ccs/tools/compiler/ti-cgt-arm_20.2.7.LTS/include" --reread_libs --diag_wrap=off --display_error_number --warn_sections --xml_link_info="spi_demo_linkInfo.xml" --rom_model -o "spi_demo.out" "./Adafruit_GFX.obj" "./Adafruit_SSD1351.obj" "./main.obj" "./oled_test.obj" "./pin_mux_config.obj" "./startup_ccs.obj" "./systick_utils.obj" "./typing.obj" "./uart_if.obj" "../cc3200v1p32.cmd"  -l"C:/ti/CC3200SDK_1.5.0/cc3200-sdk/driverlib/ccs/Release/driverlib.a" -llibc.a 
<Linking>
Finished building target: "spi_demo.out"
 
C:/ti/ccs1250/ccs/utils/tiobj2bin/tiobj2bin spi_demo.out spi_demo.bin C:/ti/ccs1250/ccs/tools/compiler/ti-cgt-arm_20.2.7.LTS/bin/armofd C:/ti/ccs1250/ccs/tools/compiler/ti-cgt-arm_20.2.7.LTS/bin/armhex C:/ti/ccs1250/ccs/utils/tiobj2bin/mkhex4bin
 

**** Build Finished ****

**** Build of configuration Debug for project spi_demo ****

"C:\\ti\\ccs1250\\ccs\\utils\\bin\\gmake" -k -j 12 all -O 
 
Building file: "../main.c"
Invoking: Arm Compiler
"C:/ti/ccs1250/ccs/tools/compiler/ti-cgt-arm_20.2.7.LTS/bin/armcl" -mv7M4 --code_state=16 --float_support=none -me -Ooff --include_path="C:/Users/Josh/Desktop/EEC 172/labs/lab3_part1/spi_demo" --include_path="C:/ti/CC3200SDK_1.5.0/cc3200-sdk/" --include_path="C:/ti/CC3200SDK_1.5.0/cc3200-sdk/driverlib/" --include_path="C:/ti/CC3200SDK_1.5.0/cc3200-sdk/inc/" --include_path="C:/ti/CC3200SDK_1.5.0/cc3200-sdk/example/common/" --include_path="C:/ti/ccs1250/ccs/tools/compiler/ti-cgt-arm_20.2.7.LTS/include" --define=ccs --define=cc3200 -g --diag_warning=225 --diag_wrap=off --display_error_number --abi=eabi --preproc_with_compile --preproc_dependency="main.d_raw"  "../main.c"
"../main.c", line 340: warning #225-D: function "setTextSize" declared implicitly
"../main.c", line 341: warning #225-D: function "setTextColor" declared implicitly
"../main.c", line 342: warning #225-D: function "setCursor" declared implicitly
"../main.c", line 371: warning #225-D: function "drawChar" declared implicitly
"../main.c", line 470: warning #225-D: function "drawChar" declared implicitly
"../main.c", line 475: warning #225-D: function "drawChar" declared implicitly
"../main.c", line 478: warning #225-D: function "drawChar" declared implicitly
"../main.c", line 524: warning #145-D: a value of type "const int *" cannot be used to initialize an entity of type "int *"
"../main.c", line 524: warning #145-D: a value of type "const int *" cannot be used to initialize an entity of type "int *"
"../main.c", line 533: warning #225-D: function "setTextSize" declared implicitly
"../main.c", line 534: warning #225-D: function "setTextColor" declared implicitly
"../main.c", line 535: warning #225-D: function "setCursor" declared implicitly
"../main.c", line 564: warning #169-D: argument of type "volatile char *" is incompatible with parameter of type "const char *"
"../main.c", line 584: warning #169-D: argument of type "volatile char *" is incompatible with parameter of type "const char *"
"../main.c", line 682: warning #225-D: function "setTextSize" declared implicitly
"../main.c", line 683: warning #225-D: function "setTextColor" declared implicitly
"../main.c", line 684: warning #225-D: function "setCursor" declared implicitly
"../main.c", line 686: warning #179-D: variable "x" was declared but never referenced
"../main.c", line 687: warning #179-D: variable "y" was declared but never referenced
Finished building: "../main.c"
 
Building target: "spi_demo.out"
Invoking: Arm Linker
"C:/ti/ccs1250/ccs/tools/compiler/ti-cgt-arm_20.2.7.LTS/bin/armcl" -mv7M4 --code_state=16 --float_support=none -me -Ooff --define=ccs --define=cc3200 -g --diag_warning=225 --diag_wrap=off --display_error_number --abi=eabi -z -m"spi_demo.map" --heap_size=0x800 --stack_size=0x800 -i"C:/ti/ccs1250/ccs/tools/compiler/ti-cgt-arm_20.2.7.LTS/lib" -i"C:/ti/ccs1250/ccs/tools/compiler/ti-cgt-arm_20.2.7.LTS/include" --reread_libs --diag_wrap=off --display_error_number --warn_sections --xml_link_info="spi_demo_linkInfo.xml" --rom_model -o "spi_demo.out" "./Adafruit_GFX.obj" "./Adafruit_SSD1351.obj" "./main.obj" "./oled_test.obj" "./pin_mux_config.obj" "./startup_ccs.obj" "./systick_utils.obj" "./typing.obj" "./uart_if.obj" "../cc3200v1p32.cmd"  -l"C:/ti/CC3200SDK_1.5.0/cc3200-sdk/driverlib/ccs/Release/driverlib.a" -llibc.a 
<Linking>
Finished building target: "spi_demo.out"
 
C:/ti/ccs1250/ccs/utils/tiobj2bin/tiobj2bin spi_demo.out spi_demo.bin C:/ti/ccs1250/ccs/tools/compiler/ti-cgt-arm_20.2.7.LTS/bin/armofd C:/ti/ccs1250/ccs/tools/compiler/ti-cgt-arm_20.2.7.LTS/bin/armhex C:/ti/ccs1250/ccs/utils/tiobj2bin/mkhex4bin
 

**** Build Finished ****

**** Build of configuration Debug for project spi_demo ****

"C:\\ti\\ccs1250\\ccs\\utils\\bin\\gmake" -k -j 12 all -O 
 
Building file: "../main.c"
Invoking: Arm Compiler
"C:/ti/ccs1250/ccs/tools/compiler/ti-cgt-arm_20.2.7.LTS/bin/armcl" -mv7M4 --code_state=16 --float_support=none -me -Ooff --include_path="C:/Users/Josh/Desktop/EEC 172/labs/lab3_part1/spi_demo" --include_path="C:/ti/CC3200SDK_1.5.0/cc3200-sdk/" --include_path="C:/ti/CC3200SDK_1.5.0/cc3200-sdk/driverlib/" --include_path="C:/ti/CC3200SDK_1.5.0/cc3200-sdk/inc/" --include_path="C:/ti/CC3200SDK_1.5.0/cc3200-sdk/example/common/" --include_path="C:/ti/ccs1250/ccs/tools/compiler/ti-cgt-arm_20.2.7.LTS/include" --define=ccs --define=cc3200 -g --diag_warning=225 --diag_wrap=off --display_error_number --abi=eabi --preproc_with_compile --preproc_dependency="main.d_raw"  "../main.c"
 
>> Compilation failure
subdir_rules.mk:9: recipe for target 'main.obj' failed
"../main.c", line 340: warning #225-D: function "setTextSize" declared implicitly
"../main.c", line 341: warning #225-D: function "setTextColor" declared implicitly
"../main.c", line 342: warning #225-D: function "setCursor" declared implicitly
"../main.c", line 371: warning #225-D: function "drawChar" declared implicitly
"../main.c", line 470: warning #225-D: function "drawChar" declared implicitly
"../main.c", line 475: warning #225-D: function "drawChar" declared implicitly
"../main.c", line 478: warning #225-D: function "drawChar" declared implicitly
"../main.c", line 493: error #66: expected a ";"
"../main.c", line 496: warning #12-D: parsing restarts here after previous syntax error
"../main.c", line 530: warning #225-D: function "setTextSize" declared implicitly
"../main.c", line 531: warning #225-D: function "setTextColor" declared implicitly
"../main.c", line 532: warning #225-D: function "setCursor" declared implicitly
"../main.c", line 561: warning #169-D: argument of type "volatile char *" is incompatible with parameter of type "const char *"
"../main.c", line 581: warning #169-D: argument of type "volatile char *" is incompatible with parameter of type "const char *"
"../main.c", line 600: error #20: identifier "arm" is undefined
"../main.c", line 618: error #20: identifier "body" is undefined
"../main.c", line 627: error #20: identifier "right_leg" is undefined
"../main.c", line 636: error #20: identifier "left_leg" is undefined
"../main.c", line 653: error #20: identifier "victory" is undefined
"../main.c", line 728: warning #225-D: function "setTextSize" declared implicitly
"../main.c", line 729: warning #225-D: function "setTextColor" declared implicitly
"../main.c", line 730: warning #225-D: function "setCursor" declared implicitly
"../main.c", line 732: warning #179-D: variable "x" was declared but never referenced
"../main.c", line 733: warning #179-D: variable "y" was declared but never referenced
6 errors detected in the compilation of "../main.c".
gmake: *** [main.obj] Error 1
gmake: Target 'all' not remade because of errors.

**** Build Finished ****

**** Build of configuration Debug for project spi_demo ****

"C:\\ti\\ccs1250\\ccs\\utils\\bin\\gmake" -k -j 12 all -O 
 
Building file: "../main.c"
Invoking: Arm Compiler
"C:/ti/ccs1250/ccs/tools/compiler/ti-cgt-arm_20.2.7.LTS/bin/armcl" -mv7M4 --code_state=16 --float_support=none -me -Ooff --include_path="C:/Users/Josh/Desktop/EEC 172/labs/lab3_part1/spi_demo" --include_path="C:/ti/CC3200SDK_1.5.0/cc3200-sdk/" --include_path="C:/ti/CC3200SDK_1.5.0/cc3200-sdk/driverlib/" --include_path="C:/ti/CC3200SDK_1.5.0/cc3200-sdk/inc/" --include_path="C:/ti/CC3200SDK_1.5.0/cc3200-sdk/example/common/" --include_path="C:/ti/ccs1250/ccs/tools/compiler/ti-cgt-arm_20.2.7.LTS/include" --define=ccs --define=cc3200 -g --diag_warning=225 --diag_wrap=off --display_error_number --abi=eabi --preproc_with_compile --preproc_dependency="main.d_raw"  "../main.c"
 
>> Compilation failure
subdir_rules.mk:9: recipe for target 'main.obj' failed
"../main.c", line 340: warning #225-D: function "setTextSize" declared implicitly
"../main.c", line 341: warning #225-D: function "setTextColor" declared implicitly
"../main.c", line 342: warning #225-D: function "setCursor" declared implicitly
"../main.c", line 371: warning #225-D: function "drawChar" declared implicitly
"../main.c", line 470: warning #225-D: function "drawChar" declared implicitly
"../main.c", line 475: warning #225-D: function "drawChar" declared implicitly
"../main.c", line 478: warning #225-D: function "drawChar" declared implicitly
"../main.c", line 493: error #66: expected a ";"
"../main.c", line 530: warning #225-D: function "setTextSize" declared implicitly
"../main.c", line 531: warning #225-D: function "setTextColor" declared implicitly
"../main.c", line 532: warning #225-D: function "setCursor" declared implicitly
"../main.c", line 561: warning #169-D: argument of type "volatile char *" is incompatible with parameter of type "const char *"
"../main.c", line 581: warning #169-D: argument of type "volatile char *" is incompatible with parameter of type "const char *"
"../main.c", line 600: error #20: identifier "arm" is undefined
"../main.c", line 618: error #20: identifier "body" is undefined
"../main.c", line 728: warning #225-D: function "setTextSize" declared implicitly
"../main.c", line 729: warning #225-D: function "setTextColor" declared implicitly
"../main.c", line 730: warning #225-D: function "setCursor" declared implicitly
"../main.c", line 732: warning #179-D: variable "x" was declared but never referenced
"../main.c", line 733: warning #179-D: variable "y" was declared but never referenced
3 errors detected in the compilation of "../main.c".
gmake: *** [main.obj] Error 1
gmake: Target 'all' not remade because of errors.

**** Build Finished ****

**** Build of configuration Debug for project spi_demo ****

"C:\\ti\\ccs1250\\ccs\\utils\\bin\\gmake" -k -j 12 all -O 
 
Building file: "../main.c"
Invoking: Arm Compiler
"C:/ti/ccs1250/ccs/tools/compiler/ti-cgt-arm_20.2.7.LTS/bin/armcl" -mv7M4 --code_state=16 --float_support=none -me -Ooff --include_path="C:/Users/Josh/Desktop/EEC 172/labs/lab3_part1/spi_demo" --include_path="C:/ti/CC3200SDK_1.5.0/cc3200-sdk/" --include_path="C:/ti/CC3200SDK_1.5.0/cc3200-sdk/driverlib/" --include_path="C:/ti/CC3200SDK_1.5.0/cc3200-sdk/inc/" --include_path="C:/ti/CC3200SDK_1.5.0/cc3200-sdk/example/common/" --include_path="C:/ti/ccs1250/ccs/tools/compiler/ti-cgt-arm_20.2.7.LTS/include" --define=ccs --define=cc3200 -g --diag_warning=225 --diag_wrap=off --display_error_number --abi=eabi --preproc_with_compile --preproc_dependency="main.d_raw"  "../main.c"
 
>> Compilation failure
subdir_rules.mk:9: recipe for target 'main.obj' failed
"../main.c", line 340: warning #225-D: function "setTextSize" declared implicitly
"../main.c", line 341: warning #225-D: function "setTextColor" declared implicitly
"../main.c", line 342: warning #225-D: function "setCursor" declared implicitly
"../main.c", line 371: warning #225-D: function "drawChar" declared implicitly
"../main.c", line 470: warning #225-D: function "drawChar" declared implicitly
"../main.c", line 475: warning #225-D: function "drawChar" declared implicitly
"../main.c", line 478: warning #225-D: function "drawChar" declared implicitly
"../main.c", line 530: warning #225-D: function "setTextSize" declared implicitly
"../main.c", line 531: warning #225-D: function "setTextColor" declared implicitly
"../main.c", line 532: warning #225-D: function "setCursor" declared implicitly
"../main.c", line 561: warning #169-D: argument of type "volatile char *" is incompatible with parameter of type "const char *"
"../main.c", line 581: warning #169-D: argument of type "volatile char *" is incompatible with parameter of type "const char *"
"../main.c", line 618: error #20: identifier "body" is undefined
"../main.c", line 728: warning #225-D: function "setTextSize" declared implicitly
"../main.c", line 729: warning #225-D: function "setTextColor" declared implicitly
"../main.c", line 730: warning #225-D: function "setCursor" declared implicitly
"../main.c", line 732: warning #179-D: variable "x" was declared but never referenced
"../main.c", line 733: warning #179-D: variable "y" was declared but never referenced
1 error detected in the compilation of "../main.c".
gmake: *** [main.obj] Error 1
gmake: Target 'all' not remade because of errors.

**** Build Finished ****

**** Build of configuration Debug for project spi_demo ****

"C:\\ti\\ccs1250\\ccs\\utils\\bin\\gmake" -k -j 12 all -O 
 
Building file: "../main.c"
Invoking: Arm Compiler
"C:/ti/ccs1250/ccs/tools/compiler/ti-cgt-arm_20.2.7.LTS/bin/armcl" -mv7M4 --code_state=16 --float_support=none -me -Ooff --include_path="C:/Users/Josh/Desktop/EEC 172/labs/lab3_part1/spi_demo" --include_path="C:/ti/CC3200SDK_1.5.0/cc3200-sdk/" --include_path="C:/ti/CC3200SDK_1.5.0/cc3200-sdk/driverlib/" --include_path="C:/ti/CC3200SDK_1.5.0/cc3200-sdk/inc/" --include_path="C:/ti/CC3200SDK_1.5.0/cc3200-sdk/example/common/" --include_path="C:/ti/ccs1250/ccs/tools/compiler/ti-cgt-arm_20.2.7.LTS/include" --define=ccs --define=cc3200 -g --diag_warning=225 --diag_wrap=off --display_error_number --abi=eabi --preproc_with_compile --preproc_dependency="main.d_raw"  "../main.c"
"../main.c", line 340: warning #225-D: function "setTextSize" declared implicitly
"../main.c", line 341: warning #225-D: function "setTextColor" declared implicitly
"../main.c", line 342: warning #225-D: function "setCursor" declared implicitly
"../main.c", line 371: warning #225-D: function "drawChar" declared implicitly
"../main.c", line 470: warning #225-D: function "drawChar" declared implicitly
"../main.c", line 475: warning #225-D: function "drawChar" declared implicitly
"../main.c", line 478: warning #225-D: function "drawChar" declared implicitly
"../main.c", line 531: warning #225-D: function "setTextSize" declared implicitly
"../main.c", line 532: warning #225-D: function "setTextColor" declared implicitly
"../main.c", line 533: warning #225-D: function "setCursor" declared implicitly
"../main.c", line 562: warning #169-D: argument of type "volatile char *" is incompatible with parameter of type "const char *"
"../main.c", line 582: warning #169-D: argument of type "volatile char *" is incompatible with parameter of type "const char *"
"../main.c", line 729: warning #225-D: function "setTextSize" declared implicitly
"../main.c", line 730: warning #225-D: function "setTextColor" declared implicitly
"../main.c", line 731: warning #225-D: function "setCursor" declared implicitly
"../main.c", line 733: warning #179-D: variable "x" was declared but never referenced
"../main.c", line 734: warning #179-D: variable "y" was declared but never referenced
Finished building: "../main.c"
 
Building target: "spi_demo.out"
Invoking: Arm Linker
"C:/ti/ccs1250/ccs/tools/compiler/ti-cgt-arm_20.2.7.LTS/bin/armcl" -mv7M4 --code_state=16 --float_support=none -me -Ooff --define=ccs --define=cc3200 -g --diag_warning=225 --diag_wrap=off --display_error_number --abi=eabi -z -m"spi_demo.map" --heap_size=0x800 --stack_size=0x800 -i"C:/ti/ccs1250/ccs/tools/compiler/ti-cgt-arm_20.2.7.LTS/lib" -i"C:/ti/ccs1250/ccs/tools/compiler/ti-cgt-arm_20.2.7.LTS/include" --reread_libs --diag_wrap=off --display_error_number --warn_sections --xml_link_info="spi_demo_linkInfo.xml" --rom_model -o "spi_demo.out" "./Adafruit_GFX.obj" "./Adafruit_SSD1351.obj" "./main.obj" "./oled_test.obj" "./pin_mux_config.obj" "./startup_ccs.obj" "./systick_utils.obj" "./typing.obj" "./uart_if.obj" "../cc3200v1p32.cmd"  -l"C:/ti/CC3200SDK_1.5.0/cc3200-sdk/driverlib/ccs/Release/driverlib.a" -llibc.a 
<Linking>
Finished building target: "spi_demo.out"
 
C:/ti/ccs1250/ccs/utils/tiobj2bin/tiobj2bin spi_demo.out spi_demo.bin C:/ti/ccs1250/ccs/tools/compiler/ti-cgt-arm_20.2.7.LTS/bin/armofd C:/ti/ccs1250/ccs/tools/compiler/ti-cgt-arm_20.2.7.LTS/bin/armhex C:/ti/ccs1250/ccs/utils/tiobj2bin/mkhex4bin
 

**** Build Finished ****

**** Build of configuration Debug for project spi_demo ****

"C:\\ti\\ccs1250\\ccs\\utils\\bin\\gmake" -k -j 12 all -O 
 
gmake[1]: 'spi_demo.out' is up to date.

**** Build Finished ****

**** Build of configuration Debug for project spi_demo ****

"C:\\ti\\ccs1250\\ccs\\utils\\bin\\gmake" -k -j 12 all -O 
 
Building file: "../main.c"
Invoking: Arm Compiler
"C:/ti/ccs1250/ccs/tools/compiler/ti-cgt-arm_20.2.7.LTS/bin/armcl" -mv7M4 --code_state=16 --float_support=none -me -Ooff --include_path="C:/Users/Josh/Desktop/EEC 172/labs/lab3_part1/spi_demo" --include_path="C:/ti/CC3200SDK_1.5.0/cc3200-sdk/" --include_path="C:/ti/CC3200SDK_1.5.0/cc3200-sdk/driverlib/" --include_path="C:/ti/CC3200SDK_1.5.0/cc3200-sdk/inc/" --include_path="C:/ti/CC3200SDK_1.5.0/cc3200-sdk/example/common/" --include_path="C:/ti/ccs1250/ccs/tools/compiler/ti-cgt-arm_20.2.7.LTS/include" --define=ccs --define=cc3200 -g --diag_warning=225 --diag_wrap=off --display_error_number --abi=eabi --preproc_with_compile --preproc_dependency="main.d_raw"  "../main.c"
"../main.c", line 340: warning #225-D: function "setTextSize" declared implicitly
"../main.c", line 341: warning #225-D: function "setTextColor" declared implicitly
"../main.c", line 342: warning #225-D: function "setCursor" declared implicitly
"../main.c", line 371: warning #225-D: function "drawChar" declared implicitly
"../main.c", line 470: warning #225-D: function "drawChar" declared implicitly
"../main.c", line 475: warning #225-D: function "drawChar" declared implicitly
"../main.c", line 478: warning #225-D: function "drawChar" declared implicitly
"../main.c", line 531: warning #225-D: function "setTextSize" declared implicitly
"../main.c", line 532: warning #225-D: function "setTextColor" declared implicitly
"../main.c", line 533: warning #225-D: function "setCursor" declared implicitly
"../main.c", line 562: warning #169-D: argument of type "volatile char *" is incompatible with parameter of type "const char *"
"../main.c", line 582: warning #169-D: argument of type "volatile char *" is incompatible with parameter of type "const char *"
"../main.c", line 729: warning #225-D: function "setTextSize" declared implicitly
"../main.c", line 730: warning #225-D: function "setTextColor" declared implicitly
"../main.c", line 731: warning #225-D: function "setCursor" declared implicitly
"../main.c", line 733: warning #179-D: variable "x" was declared but never referenced
"../main.c", line 734: warning #179-D: variable "y" was declared but never referenced
Finished building: "../main.c"
 
Building target: "spi_demo.out"
Invoking: Arm Linker
"C:/ti/ccs1250/ccs/tools/compiler/ti-cgt-arm_20.2.7.LTS/bin/armcl" -mv7M4 --code_state=16 --float_support=none -me -Ooff --define=ccs --define=cc3200 -g --diag_warning=225 --diag_wrap=off --display_error_number --abi=eabi -z -m"spi_demo.map" --heap_size=0x800 --stack_size=0x800 -i"C:/ti/ccs1250/ccs/tools/compiler/ti-cgt-arm_20.2.7.LTS/lib" -i"C:/ti/ccs1250/ccs/tools/compiler/ti-cgt-arm_20.2.7.LTS/include" --reread_libs --diag_wrap=off --display_error_number --warn_sections --xml_link_info="spi_demo_linkInfo.xml" --rom_model -o "spi_demo.out" "./Adafruit_GFX.obj" "./Adafruit_SSD1351.obj" "./main.obj" "./oled_test.obj" "./pin_mux_config.obj" "./startup_ccs.obj" "./systick_utils.obj" "./typing.obj" "./uart_if.obj" "../cc3200v1p32.cmd"  -l"C:/ti/CC3200SDK_1.5.0/cc3200-sdk/driverlib/ccs/Release/driverlib.a" -llibc.a 
<Linking>
Finished building target: "spi_demo.out"
 
C:/ti/ccs1250/ccs/utils/tiobj2bin/tiobj2bin spi_demo.out spi_demo.bin C:/ti/ccs1250/ccs/tools/compiler/ti-cgt-arm_20.2.7.LTS/bin/armofd C:/ti/ccs1250/ccs/tools/compiler/ti-cgt-arm_20.2.7.LTS/bin/armhex C:/ti/ccs1250/ccs/utils/tiobj2bin/mkhex4bin
 

**** Build Finished ****

**** Build of configuration Debug for project spi_demo ****

"C:\\ti\\ccs1250\\ccs\\utils\\bin\\gmake" -k -j 12 all -O 
 
Building file: "../main.c"
Invoking: Arm Compiler
"C:/ti/ccs1250/ccs/tools/compiler/ti-cgt-arm_20.2.7.LTS/bin/armcl" -mv7M4 --code_state=16 --float_support=none -me -Ooff --include_path="C:/Users/Josh/Desktop/EEC 172/labs/lab3_part1/spi_demo" --include_path="C:/ti/CC3200SDK_1.5.0/cc3200-sdk/" --include_path="C:/ti/CC3200SDK_1.5.0/cc3200-sdk/driverlib/" --include_path="C:/ti/CC3200SDK_1.5.0/cc3200-sdk/inc/" --include_path="C:/ti/CC3200SDK_1.5.0/cc3200-sdk/example/common/" --include_path="C:/ti/ccs1250/ccs/tools/compiler/ti-cgt-arm_20.2.7.LTS/include" --define=ccs --define=cc3200 -g --diag_warning=225 --diag_wrap=off --display_error_number --abi=eabi --preproc_with_compile --preproc_dependency="main.d_raw"  "../main.c"
"../main.c", line 340: warning #225-D: function "setTextSize" declared implicitly
"../main.c", line 341: warning #225-D: function "setTextColor" declared implicitly
"../main.c", line 342: warning #225-D: function "setCursor" declared implicitly
"../main.c", line 371: warning #225-D: function "drawChar" declared implicitly
"../main.c", line 470: warning #225-D: function "drawChar" declared implicitly
"../main.c", line 475: warning #225-D: function "drawChar" declared implicitly
"../main.c", line 478: warning #225-D: function "drawChar" declared implicitly
"../main.c", line 531: warning #225-D: function "setTextSize" declared implicitly
"../main.c", line 532: warning #225-D: function "setTextColor" declared implicitly
"../main.c", line 533: warning #225-D: function "setCursor" declared implicitly
"../main.c", line 562: warning #169-D: argument of type "volatile char *" is incompatible with parameter of type "const char *"
"../main.c", line 582: warning #169-D: argument of type "volatile char *" is incompatible with parameter of type "const char *"
"../main.c", line 729: warning #225-D: function "setTextSize" declared implicitly
"../main.c", line 730: warning #225-D: function "setTextColor" declared implicitly
"../main.c", line 731: warning #225-D: function "setCursor" declared implicitly
"../main.c", line 733: warning #179-D: variable "x" was declared but never referenced
"../main.c", line 734: warning #179-D: variable "y" was declared but never referenced
Finished building: "../main.c"
 
Building target: "spi_demo.out"
Invoking: Arm Linker
"C:/ti/ccs1250/ccs/tools/compiler/ti-cgt-arm_20.2.7.LTS/bin/armcl" -mv7M4 --code_state=16 --float_support=none -me -Ooff --define=ccs --define=cc3200 -g --diag_warning=225 --diag_wrap=off --display_error_number --abi=eabi -z -m"spi_demo.map" --heap_size=0x800 --stack_size=0x800 -i"C:/ti/ccs1250/ccs/tools/compiler/ti-cgt-arm_20.2.7.LTS/lib" -i"C:/ti/ccs1250/ccs/tools/compiler/ti-cgt-arm_20.2.7.LTS/include" --reread_libs --diag_wrap=off --display_error_number --warn_sections --xml_link_info="spi_demo_linkInfo.xml" --rom_model -o "spi_demo.out" "./Adafruit_GFX.obj" "./Adafruit_SSD1351.obj" "./main.obj" "./oled_test.obj" "./pin_mux_config.obj" "./startup_ccs.obj" "./systick_utils.obj" "./typing.obj" "./uart_if.obj" "../cc3200v1p32.cmd"  -l"C:/ti/CC3200SDK_1.5.0/cc3200-sdk/driverlib/ccs/Release/driverlib.a" -llibc.a 
<Linking>
Finished building target: "spi_demo.out"
 
C:/ti/ccs1250/ccs/utils/tiobj2bin/tiobj2bin spi_demo.out spi_demo.bin C:/ti/ccs1250/ccs/tools/compiler/ti-cgt-arm_20.2.7.LTS/bin/armofd C:/ti/ccs1250/ccs/tools/compiler/ti-cgt-arm_20.2.7.LTS/bin/armhex C:/ti/ccs1250/ccs/utils/tiobj2bin/mkhex4bin
 

**** Build Finished ****

**** Build of configuration Debug for project spi_demo ****

"C:\\ti\\ccs1250\\ccs\\utils\\bin\\gmake" -k -j 12 all -O 
 
Building file: "../main.c"
Invoking: Arm Compiler
"C:/ti/ccs1250/ccs/tools/compiler/ti-cgt-arm_20.2.7.LTS/bin/armcl" -mv7M4 --code_state=16 --float_support=none -me -Ooff --include_path="C:/Users/Josh/Desktop/EEC 172/labs/lab3_part1/spi_demo" --include_path="C:/ti/CC3200SDK_1.5.0/cc3200-sdk/" --include_path="C:/ti/CC3200SDK_1.5.0/cc3200-sdk/driverlib/" --include_path="C:/ti/CC3200SDK_1.5.0/cc3200-sdk/inc/" --include_path="C:/ti/CC3200SDK_1.5.0/cc3200-sdk/example/common/" --include_path="C:/ti/ccs1250/ccs/tools/compiler/ti-cgt-arm_20.2.7.LTS/include" --define=ccs --define=cc3200 -g --diag_warning=225 --diag_wrap=off --display_error_number --abi=eabi --preproc_with_compile --preproc_dependency="main.d_raw"  "../main.c"
"../main.c", line 340: warning #225-D: function "setTextSize" declared implicitly
"../main.c", line 341: warning #225-D: function "setTextColor" declared implicitly
"../main.c", line 342: warning #225-D: function "setCursor" declared implicitly
"../main.c", line 371: warning #225-D: function "drawChar" declared implicitly
"../main.c", line 470: warning #225-D: function "drawChar" declared implicitly
"../main.c", line 475: warning #225-D: function "drawChar" declared implicitly
"../main.c", line 478: warning #225-D: function "drawChar" declared implicitly
"../main.c", line 531: warning #225-D: function "setTextSize" declared implicitly
"../main.c", line 532: warning #225-D: function "setTextColor" declared implicitly
"../main.c", line 533: warning #225-D: function "setCursor" declared implicitly
"../main.c", line 562: warning #169-D: argument of type "volatile char *" is incompatible with parameter of type "const char *"
"../main.c", line 582: warning #169-D: argument of type "volatile char *" is incompatible with parameter of type "const char *"
"../main.c", line 729: warning #225-D: function "setTextSize" declared implicitly
"../main.c", line 730: warning #225-D: function "setTextColor" declared implicitly
"../main.c", line 731: warning #225-D: function "setCursor" declared implicitly
"../main.c", line 733: warning #179-D: variable "x" was declared but never referenced
"../main.c", line 734: warning #179-D: variable "y" was declared but never referenced
Finished building: "../main.c"
 
Building target: "spi_demo.out"
Invoking: Arm Linker
"C:/ti/ccs1250/ccs/tools/compiler/ti-cgt-arm_20.2.7.LTS/bin/armcl" -mv7M4 --code_state=16 --float_support=none -me -Ooff --define=ccs --define=cc3200 -g --diag_warning=225 --diag_wrap=off --display_error_number --abi=eabi -z -m"spi_demo.map" --heap_size=0x800 --stack_size=0x800 -i"C:/ti/ccs1250/ccs/tools/compiler/ti-cgt-arm_20.2.7.LTS/lib" -i"C:/ti/ccs1250/ccs/tools/compiler/ti-cgt-arm_20.2.7.LTS/include" --reread_libs --diag_wrap=off --display_error_number --warn_sections --xml_link_info="spi_demo_linkInfo.xml" --rom_model -o "spi_demo.out" "./Adafruit_GFX.obj" "./Adafruit_SSD1351.obj" "./main.obj" "./oled_test.obj" "./pin_mux_config.obj" "./startup_ccs.obj" "./systick_utils.obj" "./typing.obj" "./uart_if.obj" "../cc3200v1p32.cmd"  -l"C:/ti/CC3200SDK_1.5.0/cc3200-sdk/driverlib/ccs/Release/driverlib.a" -llibc.a 
<Linking>
Finished building target: "spi_demo.out"
 
C:/ti/ccs1250/ccs/utils/tiobj2bin/tiobj2bin spi_demo.out spi_demo.bin C:/ti/ccs1250/ccs/tools/compiler/ti-cgt-arm_20.2.7.LTS/bin/armofd C:/ti/ccs1250/ccs/tools/compiler/ti-cgt-arm_20.2.7.LTS/bin/armhex C:/ti/ccs1250/ccs/utils/tiobj2bin/mkhex4bin
 

**** Build Finished ****

**** Build of configuration Debug for project spi_demo ****

"C:\\ti\\ccs1250\\ccs\\utils\\bin\\gmake" -k -j 12 all -O 
 
Building file: "../main.c"
Invoking: Arm Compiler
"C:/ti/ccs1250/ccs/tools/compiler/ti-cgt-arm_20.2.7.LTS/bin/armcl" -mv7M4 --code_state=16 --float_support=none -me -Ooff --include_path="C:/Users/Josh/Desktop/EEC 172/labs/lab3_part1/spi_demo" --include_path="C:/ti/CC3200SDK_1.5.0/cc3200-sdk/" --include_path="C:/ti/CC3200SDK_1.5.0/cc3200-sdk/driverlib/" --include_path="C:/ti/CC3200SDK_1.5.0/cc3200-sdk/inc/" --include_path="C:/ti/CC3200SDK_1.5.0/cc3200-sdk/example/common/" --include_path="C:/ti/ccs1250/ccs/tools/compiler/ti-cgt-arm_20.2.7.LTS/include" --define=ccs --define=cc3200 -g --diag_warning=225 --diag_wrap=off --display_error_number --abi=eabi --preproc_with_compile --preproc_dependency="main.d_raw"  "../main.c"
"../main.c", line 340: warning #225-D: function "setTextSize" declared implicitly
"../main.c", line 341: warning #225-D: function "setTextColor" declared implicitly
"../main.c", line 342: warning #225-D: function "setCursor" declared implicitly
"../main.c", line 371: warning #225-D: function "drawChar" declared implicitly
"../main.c", line 470: warning #225-D: function "drawChar" declared implicitly
"../main.c", line 475: warning #225-D: function "drawChar" declared implicitly
"../main.c", line 478: warning #225-D: function "drawChar" declared implicitly
"../main.c", line 531: warning #225-D: function "setTextSize" declared implicitly
"../main.c", line 532: warning #225-D: function "setTextColor" declared implicitly
"../main.c", line 533: warning #225-D: function "setCursor" declared implicitly
"../main.c", line 562: warning #169-D: argument of type "volatile char *" is incompatible with parameter of type "const char *"
"../main.c", line 582: warning #169-D: argument of type "volatile char *" is incompatible with parameter of type "const char *"
"../main.c", line 729: warning #225-D: function "setTextSize" declared implicitly
"../main.c", line 730: warning #225-D: function "setTextColor" declared implicitly
"../main.c", line 731: warning #225-D: function "setCursor" declared implicitly
"../main.c", line 733: warning #179-D: variable "x" was declared but never referenced
"../main.c", line 734: warning #179-D: variable "y" was declared but never referenced
Finished building: "../main.c"
 
Building target: "spi_demo.out"
Invoking: Arm Linker
"C:/ti/ccs1250/ccs/tools/compiler/ti-cgt-arm_20.2.7.LTS/bin/armcl" -mv7M4 --code_state=16 --float_support=none -me -Ooff --define=ccs --define=cc3200 -g --diag_warning=225 --diag_wrap=off --display_error_number --abi=eabi -z -m"spi_demo.map" --heap_size=0x800 --stack_size=0x800 -i"C:/ti/ccs1250/ccs/tools/compiler/ti-cgt-arm_20.2.7.LTS/lib" -i"C:/ti/ccs1250/ccs/tools/compiler/ti-cgt-arm_20.2.7.LTS/include" --reread_libs --diag_wrap=off --display_error_number --warn_sections --xml_link_info="spi_demo_linkInfo.xml" --rom_model -o "spi_demo.out" "./Adafruit_GFX.obj" "./Adafruit_SSD1351.obj" "./main.obj" "./oled_test.obj" "./pin_mux_config.obj" "./startup_ccs.obj" "./systick_utils.obj" "./typing.obj" "./uart_if.obj" "../cc3200v1p32.cmd"  -l"C:/ti/CC3200SDK_1.5.0/cc3200-sdk/driverlib/ccs/Release/driverlib.a" -llibc.a 
<Linking>
Finished building target: "spi_demo.out"
 
C:/ti/ccs1250/ccs/utils/tiobj2bin/tiobj2bin spi_demo.out spi_demo.bin C:/ti/ccs1250/ccs/tools/compiler/ti-cgt-arm_20.2.7.LTS/bin/armofd C:/ti/ccs1250/ccs/tools/compiler/ti-cgt-arm_20.2.7.LTS/bin/armhex C:/ti/ccs1250/ccs/utils/tiobj2bin/mkhex4bin
 

**** Build Finished ****

**** Build of configuration Debug for project spi_demo ****

"C:\\ti\\ccs1250\\ccs\\utils\\bin\\gmake" -k -j 12 all -O 
 
gmake[1]: 'spi_demo.out' is up to date.

**** Build Finished ****

**** Build of configuration Debug for project spi_demo ****

"C:\\ti\\ccs1250\\ccs\\utils\\bin\\gmake" -k -j 12 all -O 
 
gmake[1]: 'spi_demo.out' is up to date.

**** Build Finished ****

**** Build of configuration Debug for project spi_demo ****

"C:\\ti\\ccs1250\\ccs\\utils\\bin\\gmake" -k -j 12 all -O 
 
gmake[1]: 'spi_demo.out' is up to date.

**** Build Finished ****

**** Build of configuration Debug for project spi_demo ****

"C:\\ti\\ccs1250\\ccs\\utils\\bin\\gmake" -k -j 12 all -O 
 
gmake[1]: 'spi_demo.out' is up to date.

**** Build Finished ****

**** Build of configuration Debug for project spi_demo ****

"C:\\ti\\ccs1250\\ccs\\utils\\bin\\gmake" -k -j 12 all -O 
 
gmake[1]: 'spi_demo.out' is up to date.

**** Build Finished ****

**** Build of configuration Debug for project spi_demo ****

"C:\\ti\\ccs1250\\ccs\\utils\\bin\\gmake" -k -j 12 all -O 
 
gmake[1]: 'spi_demo.out' is up to date.

**** Build Finished ****

**** Build of configuration Debug for project spi_demo ****

"C:\\ti\\ccs1250\\ccs\\utils\\bin\\gmake" -k -j 12 all -O 
 
gmake[1]: 'spi_demo.out' is up to date.

**** Build Finished ****

**** Build of configuration Debug for project spi_demo ****

"C:\\ti\\ccs1250\\ccs\\utils\\bin\\gmake" -k -j 12 all -O 
 
gmake[1]: 'spi_demo.out' is up to date.

**** Build Finished ****

**** Build of configuration Debug for project spi_demo ****

"C:\\ti\\ccs1250\\ccs\\utils\\bin\\gmake" -k -j 12 all -O 
 
gmake[1]: 'spi_demo.out' is up to date.

**** Build Finished ****

**** Build of configuration Debug for project spi_demo ****

"C:\\ti\\ccs1250\\ccs\\utils\\bin\\gmake" -k -j 12 all -O 
 
gmake[1]: 'spi_demo.out' is up to date.

**** Build Finished ****

**** Build of configuration Debug for project spi_demo ****

"C:\\ti\\ccs1250\\ccs\\utils\\bin\\gmake" -k -j 12 all -O 
 
gmake[1]: 'spi_demo.out' is up to date.

**** Build Finished ****

**** Build of configuration Debug for project spi_demo ****

"C:\\ti\\ccs1250\\ccs\\utils\\bin\\gmake" -k -j 12 all -O 
 
gmake[1]: 'spi_demo.out' is up to date.

**** Build Finished ****

**** Build of configuration Debug for project spi_demo ****

"C:\\ti\\ccs1250\\ccs\\utils\\bin\\gmake" -k -j 12 all -O 
 
Building file: "../main.c"
Invoking: Arm Compiler
"C:/ti/ccs1250/ccs/tools/compiler/ti-cgt-arm_20.2.7.LTS/bin/armcl" -mv7M4 --code_state=16 --float_support=none -me -Ooff --include_path="C:/Users/Josh/Desktop/EEC 172/labs/lab3_part1/spi_demo" --include_path="C:/ti/CC3200SDK_1.5.0/cc3200-sdk/" --include_path="C:/ti/CC3200SDK_1.5.0/cc3200-sdk/driverlib/" --include_path="C:/ti/CC3200SDK_1.5.0/cc3200-sdk/inc/" --include_path="C:/ti/CC3200SDK_1.5.0/cc3200-sdk/example/common/" --include_path="C:/ti/ccs1250/ccs/tools/compiler/ti-cgt-arm_20.2.7.LTS/include" --define=ccs --define=cc3200 -g --diag_warning=225 --diag_wrap=off --display_error_number --abi=eabi --preproc_with_compile --preproc_dependency="main.d_raw"  "../main.c"
"../main.c", line 340: warning #225-D: function "setTextSize" declared implicitly
"../main.c", line 341: warning #225-D: function "setTextColor" declared implicitly
"../main.c", line 342: warning #225-D: function "setCursor" declared implicitly
"../main.c", line 367: warning #225-D: function "drawChar" declared implicitly
"../main.c", line 466: warning #225-D: function "drawChar" declared implicitly
"../main.c", line 471: warning #225-D: function "drawChar" declared implicitly
"../main.c", line 474: warning #225-D: function "drawChar" declared implicitly
"../main.c", line 527: warning #225-D: function "setTextSize" declared implicitly
"../main.c", line 528: warning #225-D: function "setTextColor" declared implicitly
"../main.c", line 529: warning #225-D: function "setCursor" declared implicitly
"../main.c", line 558: warning #169-D: argument of type "volatile char *" is incompatible with parameter of type "const char *"
"../main.c", line 578: warning #169-D: argument of type "volatile char *" is incompatible with parameter of type "const char *"
"../main.c", line 724: warning #225-D: function "setTextSize" declared implicitly
"../main.c", line 725: warning #225-D: function "setTextColor" declared implicitly
"../main.c", line 726: warning #225-D: function "setCursor" declared implicitly
"../main.c", line 728: warning #179-D: variable "x" was declared but never referenced
"../main.c", line 729: warning #179-D: variable "y" was declared but never referenced
Finished building: "../main.c"
 
Building target: "spi_demo.out"
Invoking: Arm Linker
"C:/ti/ccs1250/ccs/tools/compiler/ti-cgt-arm_20.2.7.LTS/bin/armcl" -mv7M4 --code_state=16 --float_support=none -me -Ooff --define=ccs --define=cc3200 -g --diag_warning=225 --diag_wrap=off --display_error_number --abi=eabi -z -m"spi_demo.map" --heap_size=0x800 --stack_size=0x800 -i"C:/ti/ccs1250/ccs/tools/compiler/ti-cgt-arm_20.2.7.LTS/lib" -i"C:/ti/ccs1250/ccs/tools/compiler/ti-cgt-arm_20.2.7.LTS/include" --reread_libs --diag_wrap=off --display_error_number --warn_sections --xml_link_info="spi_demo_linkInfo.xml" --rom_model -o "spi_demo.out" "./Adafruit_GFX.obj" "./Adafruit_SSD1351.obj" "./main.obj" "./oled_test.obj" "./pin_mux_config.obj" "./startup_ccs.obj" "./systick_utils.obj" "./typing.obj" "./uart_if.obj" "../cc3200v1p32.cmd"  -l"C:/ti/CC3200SDK_1.5.0/cc3200-sdk/driverlib/ccs/Release/driverlib.a" -llibc.a 
<Linking>
Finished building target: "spi_demo.out"
 
C:/ti/ccs1250/ccs/utils/tiobj2bin/tiobj2bin spi_demo.out spi_demo.bin C:/ti/ccs1250/ccs/tools/compiler/ti-cgt-arm_20.2.7.LTS/bin/armofd C:/ti/ccs1250/ccs/tools/compiler/ti-cgt-arm_20.2.7.LTS/bin/armhex C:/ti/ccs1250/ccs/utils/tiobj2bin/mkhex4bin
 

**** Build Finished ****
